func_id,npc,speaker,caller_guess,offset_key,segment,total_segments,has_var,text
0x009A,,Erethian,,0x88,0,1,False,「我不會再跟你說話了，聖者！」他無視了你。
0x009A,,Erethian,,0xc9_0x11b,0,1,True,當你靠近時，老人挺直身子，直視著你說：「很高興見到你，<PLAYER_NAME>。我名叫 Erethian 。雖然你不認識我，但我卻對你非常了解。」
0x009A,,Erethian,,0x16e,0,1,False,「我曾見證你摧毀 Mondain 的力量，從而擊敗那誤入歧途的法師；我見證你征服了女巫 Minax ；我也曾以一種非常獨特的方式，看著你如何擊倒地獄魔物 Exodus 。」
0x009A,,Erethian,,0x241,0,1,False,他在這裡沉默下來，你注意到這老人的雙眼呈現乳白色。
0x009A,,Erethian,,0x2b7_0x2d0,0,1,True,「再次向你致意，<PLAYER_NAME>。我有什麼能幫你的嗎？」盲眼老法師準確無誤地看向你的方向。
0x009A,,Erethian,,0x328,0,1,False,「這樣下去我什麼事都做不成！你想從我這裡得到什麼？」 Erethian 此刻顯得有些暴躁。
0x009A,,Erethian,,0x407,0,1,False,「這可能是真的嗎？」 Erethian 盲目的雙眼閃爍著毫不掩飾的喜悅。「這對我來說是多麼好的一個機會啊。」
0x009A,,Erethian,,0x496,0,1,False,他再次注意到你的存在。「現在，不要讓任何破壞的怪念頭進入你的腦袋，聖者。我絕不會讓你剝奪我體驗這世界真正奇蹟的機會。現在走開吧……難道在其他地方沒有你需要去伸張的正義嗎？」
0x009A,,Erethian,,0x599,0,1,False,年邁的法師皺起眉頭。「我感覺不到任何巨大的邪惡，但話說回來，我從未完全掌握感知宇宙的訣竅。不過，你別太擔心了。這些事情往往會自己解決的。」你感覺就像是被人摸了摸頭，然後叫去別的地方玩一樣。
0x009A,,Erethian,,0x6b4,0,1,False,「啊，是的。我曾經有一卷卷軸，上面記載著一個同名護符的事。要是我能想起把它放哪裡就好了。你剛好有帶著那張名為『無限卷軸』的羊皮紙嗎？」
0x009A,,Erethian,,0x77e,0,1,False,「如果你沒有那卷軸，我這件事就幫不上忙了。」
0x009A,,Erethian,,0x7c1,0,1,False,「就在這裡。那麼，它似乎是以一種奇怪的格式寫成的。甚至可以說是一種密碼……我知道了！顯然，這個護符目前存在於大虛空（Great Void）之中。一個有些遠離我們的位面。如果你想進入這個虛空，你需要製作兩片透鏡：一片凹透鏡，另一片凸透鏡。光線透過適當附魔的透鏡聚焦，將會在我們的領域與虛空之間打開一條通道。我相信這篇論述提到了三個原則護符（Talismans of Principle），它們會向無限護符發出呼喚並將其帶到這裡。一旦它到了這裡，看起來它唯一的目的就是將一股強大的力量強行拉入虛空之中。」一個念頭如閃電劈中樹木般擊中這位法師。「噢，不，聖者……你別想再從我這裡得到任何幫助。我或許瞎了，但我看穿了你的把戲。我不會幫你把核心（Core）送進虛空的。」 Erethian 沉默了下來，看來他不會再開口了。
0x009A,,Dark Core,,0xb92,0,1,False,Arcadion 的聲音如靜止池塘中的漣漪般向你低語：「別怕，我的主人。我對這些事情略知一二。」
0x009A,,Dark Core,,0xc12,0,1,False,「很好。我需要那卷卷軸才能給你進一步的資訊。」
0x009A,,Dark Core,,0xc58,0,1,False,「你的隨身物品中有無限卷軸嗎？」
0x009A,,Dark Core,,0xc89,0,1,False,「我必須親自觸摸那卷軸才能了解它的含義。否則我無法在這件事上幫助你。」
0x009A,,Dark Core,,0x7c1,0,1,False,「就在這裡。那麼，它似乎是以一種奇怪的格式寫成的。甚至可以說是一種密碼……我知道了！顯然，這個護符目前存在於大虛空（Great Void）之中。一個有些遠離我們的位面。如果你想進入這個虛空，你需要製作兩片透鏡：一片凹透鏡，另一片凸透鏡。光線透過適當附魔的透鏡聚焦，將會在我們的領域與虛空之間打開一條通道。我相信這篇論述提到了三個原則護符（Talismans of Principle），它們會向無限護符發出呼喚並將其帶到這裡。一旦它到了這裡，看起來它唯一的目的就是將一股強大的力量強行拉入虛空之中。」一個念頭如閃電劈中樹木般擊中這位法師。「噢，不，聖者……你別想再從我這裡得到任何幫助。我或許瞎了，但我看穿了你的把戲。我不會幫你把核心（Core）送進虛空的。」 Erethian 沉默了下來，看來他不會再開口了。
0x009A,,Dark Core,,0xb92,0,1,False,Arcadion 的聲音如靜止池塘中的漣漪般向你低語：「別怕，我的主人。我對這些事情略知一二。」
0x009A,,Dark Core,,0xcf3,0,1,False,「如果你把卷軸帶來給我，我可以協助你找出那古老文本的含意。」
0x009A,,Dark Core,,0xd4e,0,1,False,「我曾試圖創造一把威力強大的劍。」 Erethian 專注地皺起眉頭，接著說：「如果你想接續我的工作，你需要一些鍛造設備……還有一個可以放置它們的地方……我知道一個絕佳地點。跟我來，我看看能幫你什麼忙。」
0x009A,,Erethian,,0xe6e,0,1,False,當你告訴 Erethian 你對那把黑劍的困擾時，他點了點頭。「是的，我可以理解這把劍在戰鬥中揮舞起來會有多笨重。不過，如果你能將一個魔法力量源綁定在劍柄上，你或許就能抵銷這把劍難以駕馭的特性。」
0x009A,,Hook,,0xf81,0,1,False,話題一轉，那顆小寶石閃爍了起來。「我相信以我目前的型態，我可以完美地勝任這把劍的穩定力量。事實上，這將能讓我為你提供一些我更具戲劇性的力量。」這隻惡魔對這個前景聽起來很興奮，也許興奮過頭了。
0x009A,,Erethian,,0x109f,0,1,False,Erethian 輕聲說道：「在你將 Arcadion 綁定到劍上之前請三思。因為他確實能解決劍的平衡問題，但他能解決他自己的問題嗎？」
0x009A,,Erethian,,0x114d,0,1,False,你想知道也許 Arcadion 能夠釐清這個問題，彷彿讀懂了你的心思般， Erethian 說：「小心那隻惡魔。他的目標與你或我不同。如果他主動提出要幫忙，那是為了幫他自己。這點你可以肯定。」
0x009A,,Erethian,,0x1246,0,1,False,「這是你的選擇。顯然你需要讓這把劍發揮作用，但如果這惡魔是你唯一的依靠，我同情你。因為就像 Arcadion 會被綁定在劍裡一樣肯定，你也會被綁定去持有它。我不能再多說什麼了。」
0x009A,,Erethian,,0x133e_0x137e,0,1,True,法師對你微微一笑，「看來你的記憶力衰退了，<PLAYER_NAME>。正如我所說，我的名字是 Erethian 。」
0x009A,,Erethian,,0x13b3,0,1,False,「我是真理原則的追隨者。但與 Lyceaum 的那些人不同，我寧願主動去尋求知識，而不是等它自己找上門。
0x009A,,Erethian,,0x143e,0,1,False,正是這種好奇心把我帶到了這座島嶼， Mondain 和 Minax 的子嗣 Exodus 曾經試圖從這裡統治世界。
0x009A,,Erethian,,0x14ba,0,1,False,這裡的書籍和卷軸教會了我許多關於不列顛尼亞的歷史與其他……有趣的主題。」
0x009A,,Erethian,,0x1527,0,1,False,他混濁的雙眼閃爍著智慧。但你忍不住好奇，書籍和卷軸對一個受失明之苦的人能有什麼用。
0x009A,,Erethian,,0x15b1,0,1,False,「如果你有興趣，請隨意查閱。這裡可不是圖書館。」彷彿對自己友善的舉動感到後悔，他補充道：「不過，我相信你會非常小心對待那些古老的書籍。」他停頓下來，似乎還想再說些什麼。
0x009A,,Erethian,,0x16ae,0,1,False,「你真是個煩人的小孩。別管我！」他無視你的存在。
0x009A,,Erethian,,0x16f8,0,1,False,Erethian 皺著眉頭，「那可是個強大的巫師。有點扭曲，但誰知道當人類的心智屈服於他所掌握的力量時會發生什麼事。
0x009A,,Erethian,,0x1795,0,1,False,甚至有傳言說光是他的頭骨就有摧毀敵人的力量……他一定在上面鎖定了一個魔法矩陣，我得好好研究一下。」他點點頭，似乎在心裡記下了一筆，然後帶著一絲渴望的神情繼續說道，
0x009A,,Erethian,,0x1889,0,1,False,「我本來會很想研究那顆迷人的不朽寶石，但可惜啊，我出生的時代太晚了。」
0x009A,,Erethian,,0x1907,0,1,False,巫師臉上露出一抹帶著感傷的甜美微笑，「她曾經是個相當清秀的少女，有著一顆永遠在探索的心。」他的表情暗了下來，「但是後來 Mondain 把她所有良知都給奪走了。
0x009A,,Erethian,,0x19e6,0,1,False,隨著時間過去，她自己成為了一股勢力。我認為她並未能完全匹敵她的前導師 Mondain ，但無論如何，她仍是一股不容小覷的力量。
0x009A,,Erethian,,0x1a92,0,1,False,而你做到了，用那把快劍 Enilno 。這項壯舉很可能在下一個紀元裡都會被傳唱。」他低聲補充道：「即使 Iolo 是唯一一個在唱的人。」
0x009A,,Iolo,,0x1b43,0,1,False,Iolo 帶著憤慨的神情說道：「請原諒，先生。但我必須讓你知道，關於聖者的民謠仍然為不列顛尼亞所有最高級的酒館增添光彩。」
0x009A,,Erethian,,0x1bf1,0,1,False,「那真是種可疑的榮耀啊。」法師的嘴角泛起一絲微妙的微笑。
0x009A,,Iolo,,0x1c46,0,1,False,當老法師舉起雙手做出和平的手勢時， Iolo 嘴邊憤怒的反駁便嚥了回去。
0x009A,,Erethian,,0x1ca7,0,1,False,「拜託，請原諒我的冒犯。你應該知道，我幾乎是親眼見證了聖者在逆境中展現的勇氣。
0x009A,,Erethian,,0x1d1d,0,1,False,我對這位黑暗時代的終結者及啟蒙時代的先驅，只有最高的敬意。
0x009A,,Erethian,,0x1d83,0,1,False,「那傢伙最近成了我的狂熱所在。」他幾乎興奮得發光。「的確，這正是把我帶到這裡的原因。當我在 Lyceaum 的時候，我偶然在手稿中看到一段描述烈火島的文字。
0x009A,,Erethian,,0x1e5c,0,1,False,在進一步的研究後，我發現這個被稱為 Exodus 的實體並未真正被摧毀。牠的兩個部分與世界之間的介面只是被切斷了而已。」
0x009A,,Erethian,,0x1f15,0,1,False,「其中一個部分，我們稱之為牠的 Psyche (心靈)，被居住在我們下方、世界另一端領域的石像鬼帶走了。他們有著極其迷人的文化，但我離題了……」你開始納悶這個老人究竟已經與世隔絕多久了。
0x009A,,Erethian,,0x2019,0,1,False,他繼續說道：「另一個部分，我放在這裡。我稱它為黑暗核心，因為沒有了 Psyche ，它幾乎了無生氣。」他的臉龐看起來變年輕了，你感覺自己彷彿在和一個描述著新玩具……或者可能是新寵物的孩子說話。
0x009A,,Erethian,,0x212a,0,1,False,「我相信正是從核心中移除了 Psyche ，才導致這座島沉沒在海浪之下。」
0x009A,,Erethian,,0x21a8,0,1,False,他面無表情，「你摧毀的那台機器是 Exodus 與世界溝通及控制世界的手段。
0x009A,,Erethian,,0x220b,0,1,False,當它被摧毀時，牠的 Psyche 再也無法保持對黑暗核心的控制。
0x009A,,Erethian,,0x225c,0,1,False,我經常在想，如果建立了另一個介面， Psyche 會不會回歸，或者是可能會重生……」
0x009A,,Erethian,,0x22cb,0,1,False,當他的閒散推論開始朝向可能危險的結論發展時，他清晰地閉上了嘴。
0x009A,,Erethian,,0x2329,0,1,False,「有趣的生物，你可能會叫牠們炎魔，但牠們並不是歷史上所描繪的野獸。
0x009A,,Erethian,,0x238d,0,1,False,那些體型較大、有翅膀的種類天生充滿智慧且具有魔力，而體型較小、無翅的種類似乎是該物種的勞動力。」
0x009A,,Erethian,,0x241e,0,1,False,他將頭轉向你，眼神中帶著困惑的表情。「我有一種最古怪的感覺，彷彿你已經聽過這一切了……」 Erethian 陷入了沉默。
0x009A,,Erethian,,0x24bf,0,1,False,「最終，我會將我的研究轉向那個存在。石像鬼將它安置在一座雕像內，放在他們致力於『勤勉』原則的神殿中。
0x009A,,Erethian,,0x2556,0,1,False,「是的，在這裡。它就是放置在那邊基座上的圓柱體。」他朝著黑暗核心的方向指了指。
0x009A,,Erethian,,0x25cc,0,1,False,「我發現它簡直是個充滿實用事實的寶庫。它唯一的目的似乎就是儲存資訊。
0x009A,,Erethian,,0x2633,0,1,False,大部分資訊都很瑣碎，像是詳細描述了億萬年前某一天天空的顏色，
0x009A,,Erethian,,0x268e,0,1,False,而其他部分則提供了操控這個世界的指示。
0x009A,,Erethian,,0x26c8,0,1,False,在裡面我甚至找到了升起並維持我們所站立的這座島嶼的知識。它真是一件非凡的神器。」
0x009A,,Erethian,,0x2741,0,1,False,他思考了片刻，然後緊張地看向你的方向。「拜託，在它附近千萬要小心。神器似乎有一種……該怎麼說呢，在你周圍就會消失的傾向。」
0x009A,,Erethian,,0x27f9,0,1,False,「啊，這是個好問題。自從黑暗時代結束後，我就再也沒聽過它的下落。但願我知道它在哪裡。
0x009A,,Erethian,,0x2878,0,1,False,據說它是一件強大的魔法物品。你覺得呢？」他在問這個問題時，將頭偏向了一側。
0x009A,,Erethian,,0x28e8,0,1,False,「是的，失去這樣一件古物真是個遺憾。也許隨著時間流逝它會出現。這些東西總是有辦法在最奇怪的時候浮現。」
0x009A,,Erethian,,0x2982,0,1,False,「沒有嗎？它似乎為你發揮了足夠的效用來除掉女巫 Minax 。不過話說回來，我想只有蹩腳的吟遊詩人才會怪罪自己的樂器。」他調皮地朝你的方向眨了眨眼。
0x009A,,Erethian,,0x2a53,0,1,False,那雙如兩顆彈珠般的乳白眼珠閃閃發光地看著你，「啊，是的。但你對那個小玩意兒可太清楚了。
0x009A,,Erethian,,0x2ad5,0,1,False,畢竟，就是你把它打成了碎片，在 Lord Blackthorn 攝政期間給你惹了那麼多麻煩。
0x009A,,Erethian,,0x2b3e,0,1,False,如此強大的力量，即使處於粉碎狀態，它的魔法仍然流動著。失去這樣一件神器真令人悲傷。」彷彿突然想起他是在和誰說話，他改口道：「總比讓 Mondain 到處亂搞要好得多，我想。」
0x009A,,Erethian,,0x2c32,0,1,False,「看起來有人，」他戲劇性地停頓了一下，「讓那東西掉進了火山……」他苦澀的笑容與他漫不經心的語氣自相矛盾。
0x009A,,Erethian,,0x2ccf,0,1,False,「啊，原來你見過那個老愛吹牛的傢伙了。老實說，我覺得我最好能擺脫那隻累人的野獸，但他有時候還是挺有用的。要不是他老愛抱怨，或許我和他能相處得更好。」
0x009A,,Erethian,,0x2dbc,0,1,False,「這是他最喜歡的消遣。他乞求、懇求、甚至威脅我，要我把他從那面愚蠢的鏡子裡放出來。相信我，如果我能做到，我早就做了。」 Erethian 滿佈皺紋的臉上露出懊惱的神情。
0x009A,,Erethian,,0x2ea5,0,1,False,「他想要這個特別的小玩意。我曾經擁有他尋找的這顆寶石，而且我認為一旦他得到它，他也不會高興到哪去。我試著告訴過他，這只會把他囚禁在一個更具機動性的監獄裡，但可惜，他的腦袋是石頭做的。」
0x009A,,Erethian,,0x2fc1,0,1,False,「確實如此。 Arcadion 試圖統治不列顛尼亞，並相信這顆寶石能讓他在此施展他的力量。事實上，以太寶石的作用恰恰相反，擁有這顆寶石的人將能夠使用他的力量。」
0x009A,,Erethian,,0x30ab,0,1,False,「這顆寶石被一條脾氣暴躁的龍從我這裡偷走了。她硬闖進這座城堡，伏擊了保護原則神殿的魔像，然後在前往勇氣考驗的路上毀掉了一扇完好的密門。我倒真想看看她是如何擠過她弄出來的那個洞，那個洞對她那種體型的生物來說根本不夠大。」法師乳白的眼珠閃爍著壓抑不住的笑意。
0x009A,,Erethian,,0x324a,0,1,False,「嗯……是的。這對人形魔法構造體曾經守護著原則神殿，但可惜的是，當龍襲擊城堡時，其中一個被落石擊中了。另一個撿起了他的，呃……兄弟，可以這麼說，並帶著他穿過傳送門前往了愛之考驗。」
0x009A,,Erethian,,0x3366,0,1,False,「神殿就在大廳後方的門外。在那裡你可以找到三尊雕像，每一尊都獻給不列顛王在啟蒙時代初期所設立的某項原則。」他神祕兮兮地補充道：「是有點古板，不過當衣架倒是挺不錯的。」
0x009A,,Erethian,,0x3460,0,1,False,「我還沒機會去檢查那個奇特的地方，不過，歡迎你在閒暇時去仔細看看。」他像個爺爺給孩子禮物般微笑著。
0x009A,,Erethian,,0x350b_0x358d,0,1,True,「我相信這是由不列顛王發起的，為了考驗……」他朝著你的方向比劃了一下，「一位具備美德的<GENDER_FLAG>戰鬥能力和勇氣。不過，城堡後方的那些雕像可以告訴你更多關於考驗的事。」 Erethian 神秘地咧嘴笑了。
0x009A,,Erethian,,0x3619,0,1,False,「所以……你已經讓 Arcadion 成為你的僕人了。能擺脫他無休止的抱怨真是太好了。希望你覺得他跟我一樣覺得有用。」你不確定，但他的話可能被解讀為一種詛咒。
0x009A,,Hook,,0x36f3,0,1,False,寶石發出更亮的光芒，「終於不用再看到你了真好，老頭。也許在來生，我會是你的主人，而你是奴隸。」惡魔發出一聲令人毛骨悚然的輕笑。
0x009A,,Erethian,,0x37b1,0,1,False,聽到惡魔的聲音， Erethian 看起來有些動搖，但很快恢復了平靜。「我不這麼認為，惡魔。我根本不確定你是否有辦法從那個小寶石裡逃出來。」這位年邁法師的表情難以捉摸。
0x009A,,Erethian,,0x389b,0,1,False,「看來你沒有聽從我的警告。唉，我將永遠為你感到惋惜。那麼，暗影之刃的主人與奴隸，你想從我這裡得到什麼？」
0x009A,,Erethian,,0x3938,0,1,False,「再見，祝你好運……你會需要它的。」老法師低聲竊笑著，彷彿在享受著一個私人的笑話，而且很可能是拿你開玩笑。
0x009A,,Erethian,,0x39d9,0,1,False,「再見，祝你好運……」 Erethian 的聲音聽起來真的充滿同情。
0x009B,,Ferryman,,0x0,0,1,False,船上戴著兜帽的人完全無視了你。
0x009B,,Ferryman,,0x36,0,1,False,站在你面前的是一個高大、骨瘦如柴的身影，身處一艘幽靈船中。他向你伸出手，用陰森的聲音說：「我是 Skara Brae 的擺渡人……你必須支付兩枚硬幣……才能渡過迷霧海峽。」
0x009B,,Ferryman,,0x121,0,1,False,Skara Brae 的擺渡人站在他幽靈般的船上，向任何願意支付代價的人伸出手。
0x009B,,Ferryman,,0x184,0,1,False,Skara Brae 的擺渡人站在他幽靈般的船上，將撐篙橫在胸前。他注意到了你的靠近。「要回到大陸……你不需要付費。」
0x009B,,Ferryman,,0x227,0,1,False,他似乎有點不滿。「我告訴過你我會在這裡……直到永恆的盡頭。」
0x009B,,Ferryman,,0x2c0,0,1,False,「我是……擺渡人。」他的聲音像船的搖晃聲一樣嘎吱作響。
0x009B,,Ferryman,,0x312,0,1,False,擺渡人一開始沒有回應，困惑地搖了搖頭。「我是……擺渡人。」
0x009B,,Ferryman,,0x36a,0,1,False,「是的，如果你付錢給我……我可以帶你渡過迷霧海峽。」
0x009B,,Ferryman,,0x3b9,0,1,False,他轉向一側，揮動著他骨瘦如柴的手，在船停泊的水面上劃過。「這……就是迷霧海峽。」
0x009B,,Ferryman,,0x432,0,1,False,他完全轉過身，指著西邊的水面。「那裡……」
0x009B,,Shamino,,0x472_0x47f,0,1,True,「呃……<PLAYER_NAME>，你確定我們需要去那邊嗎？」
0x009B,,Spark,,0x4ab,0,1,False,「怎麼了， Shamino ？你『害怕』了嗎？」
0x009B,,Shamino,,0x4e3,0,1,False,「當然沒有！我只是……好吧，我……噢，算了！我們走吧！」
0x009B,,Iolo,,0x539,0,2,False,Iolo 瞇起眼睛，臉上帶著一種居高臨下的神情。
0x009B,,Iolo,,0x539,1,2,False,「我想你應該一點都不怕吧？」他對 Spark 說。
0x009B,,Spark,,0x5b8,0,1,False,「不，先生。我不怕骷髏，」他說。然而，當他看著擺渡人時，卻嚥了一口口水。
0x009B,,Ferryman,,0x626,0,1,False,這憔悴的身影環顧四周，彷彿感到困惑。「這裡……就是 Skara Brae 。」
0x009B,,Ferryman,,0x684,0,1,False,「你願意支付我的代價……以獲得前往 Skara Brae 的通行權嗎？」
0x009B,,Ferryman,,0x6d9,0,1,False,你將硬幣放在這幽靈的手掌中，他骨瘦如柴的手指將它們握住。「上船吧……如果你想去……死者之島的話。」
0x009B,,Ferryman,,0x76d,0,1,False,「沒有適當的報酬……我不會渡河。」
0x009B,,Ferryman,,0x7a1,0,1,False,「那好吧。」他似乎有點失望。
0x009B,,Ferryman,,0x7cc,0,1,False,「你希望……返回大陸嗎？」
0x009B,,Ferryman,,0x7f4,0,1,False,「我不能載運靈魂前往大陸。」他將撐篙擋在身前，阻擋了你上船的路。
0x009B,,Ferryman,,0x855,0,1,False,擺渡人在兜帽下似乎笑了笑，示意你再次登上他那幽靈般的船。
0x009B,,Ferryman,,0x8aa,0,1,False,你覺得你看到在他兜帽深處，眼睛本該在的位置有蒼白的火焰閃爍。當他嘆息時，火焰消退了，「無妨……」
0x009B,,Ferryman,,0x93b,0,1,False,就在那一瞬間，你覺得你看到擺渡人骷髏般的臉龐上閃過一絲短暫的希望神情，然後就消失了。「我必須履行我的職責……直到永恆的盡頭。」
0x009B,,Ferryman,,0x9f9,0,1,False,「不要用解脫的希望……來嘲弄我。我必須履行我的職責……直到永恆的盡頭。」
0x009B,,Ferryman,,0xa66,0,1,False,擺渡人沒有回應你的告別，低下了頭，將撐篙橫在胸前。
0x018A,,Palace Guard,,0x15,0,1,False,你看到一個看起來很強壯的守衛，他非常重視自己的工作。*（你覺得你應該跟他說什麼？）
0x018A,,Palace Guard,,0x8f,0,1,False,「我是一名守衛。」
0x018A,,Palace Guard,,0xab,0,1,False,這個人看你的眼神，好像你根本就是個白癡。「我是守衛，蠢貨！你應該滾去做正事了。」
0x018A,,Palace Guard,,0x124,0,1,False,「再見！」
0x01DF,,,,0x0,0,1,False,這生物無視了你。
0x01DF,,,,0x1a,0,1,False,這種類似猿猴的生物小心翼翼地靠近你。幾分鐘後，牠說：「向你致意，人類。」
0x01DF,,,,0x87,0,1,False,這隻森靈小心翼翼地靠近你。幾分鐘後，牠說：「向你致意，人類。」
0x01DF,,,,0xe5,0,1,False,「你有更多的蜂蜜嗎？」這隻森靈滿懷希望地問。
0x01DF,,,,0x128,0,1,False,「你沒有蜂蜜，」這隻森靈說道，顯然很失望。
0x01DF,,,,0x168,0,1,False,這隻森靈顯然很失望地說：「那太糟糕了。你有什麼願望？」
0x01DF,,,,0x1cf,0,1,False,「我的名字是 Terandan 。」
0x01DF,,,,0x1f6,0,1,False,「我的名字是 Sendala 。」
0x01DF,,,,0x21c,0,1,False,「我的名字是 Tvellum 。」
0x01DF,,,,0x23e,0,1,False,「我的名字是 Simrek 。」
0x01DF,,,,0x25f,0,1,False,「我沒有職業。我負責採集食物。」
0x01DF,,,,0x297,0,1,False,「水果、牛奶、起司是森靈吃的。
0x01DF,,,,0x2da,0,1,False,「森靈喜歡起司和牛奶，但它們很難找到。只有從人類那裡才能找到這些食物。」
0x01DF,,,,0x347_0x372,0,1,True,「在森林裡很容易找到水果，」<VAR> 說道。「它們是森靈最常作為食物的東西。」
0x01DF,,,,0x3b0,0,1,False,「向你道別。」
0x01F7,,Carrocio,,0x0,0,1,False,"""現在正是時候！無論老少，都應該掏出錢包，將財富奉獻出來。\* 閣下是否願意捐獻一枚金幣？"""
0x01F8,,Dracothraxus,,0x0,0,1,False,「很高興見到你，追尋者。我是 Dracothraxus 。你的考驗，恐怕也是你的敗北就在你面前。因為你該知道，我是被勇氣守護者賦予了不朽之身的。要摧毀我，必須要有一件極其強大的神器……而這種神器根本不存在。」這頭巨龍用爪子刨著泥土，期待著你們即將展開的戰鬥。
0x01F8,,Dracothraxus,,0x168,0,1,False,Dracothraxus 厭惡地嗅了嗅空氣，「我感覺到我的末日就在附近。也許我終於能得到解脫了。祝你好運，凡人。保護好你自己吧！」說罷，巨龍向你撲來。
0x01F8,,Dracothraxus,,0x168,0,1,False,Dracothraxus 厭惡地嗅了嗅空氣，「我感覺到我的末日就在附近。也許我終於能得到解脫了。祝你好運，凡人。保護好你自己吧！」說罷，巨龍向你撲來。
0x01F8,,Dracothraxus,,0x230,0,1,False,「你回來測試你的能耐了，小傢伙。你的勇氣為你帶來了榮譽，不過，我想你將帶著你的榮譽一起進墳墓。」
0x01F8,,Dracothraxus,,0x2c2,0,1,False,巨龍發出一聲灼熱的嘆息，「終於解脫了。我現在要去尋求我的獎賞，因為這不僅是對你的勇氣的考驗，也是對我的。你的獎賞就在北方的門後。進入藍色的傳送門，勇氣護身符就是你的了。」
0x01F8,,Dracothraxus,,0x3c3,0,1,False,「做得好，小小的人類。你強大且充滿勇氣。別以為你摧毀了我，你只是擊敗了我而已。為了這項驚人的壯舉，我想你配得上一份獎賞。我有一顆真正華麗的寶石可以給你，只要你的勇氣能再持續一會兒。」 Dracothraxus 張大嘴巴。在裡面，你可以看到滿口如針般尖銳的牙齒。同時，在靠近喉嚨深處，你看到一顆小巧但璀璨的藍色寶石。你要伸手進去拿嗎？」
0x01F8,,Dracothraxus,,0x59d,0,1,False,當你將手伸進巨龍那如熔爐般的血盆大口時，你忍不住懷疑，為了一顆小寶石冒這個險是否值得。
0x01F8,,Dracothraxus,,0x61f,0,1,False,儘管如此，你還是堅持下來，並取回了這顆可愛的小寶石。
0x01F8,,Dracothraxus,,0x66e,0,1,False,就在你即將從死神之顎拔下這顆寶石時，巨龍輕輕地將它放在了她的巢穴中。 Dracothraxus 閉上嘴巴，對你眨了眨眼。「這只是對你勇氣的測試，小傢伙。」
0x01F8,,Dracothraxus,,0x73a,0,1,False,「真可惜，你的勇氣僅止於戰鬥中的英勇，卻不足以信任一位值得尊敬的對手。不過，你還是贏得了你的獎賞，拿去吧。」巨龍用舌頭將寶石往前推，並將它從嘴裡吐了出來。然後她輕輕地將它放在巢穴中。
0x01F8,,Dracothraxus,,0x84c,0,1,False,「我現在要去休息了，但我會回來的。在你找到一勞永逸擊敗我的方法之前，那扇門是不會打開的。別了，微小的凡人。
0x01FA,,Batlin,,0x0,0,2,False,"巴特林以冰冷的無奈看著 Hook 死亡。當他轉向你時，時間似乎變慢了。""這場戰鬥還沒結束，聖者。你以為自己是不死的嗎？守護者遠比你想像的更強大。回到你那珍貴的地球去休息吧。"
0x01FA,,Batlin,,0x0,1,2,False,"然後他會在你的夢中現身，讓你夢見無數次死於巨蛇腹中的景象。"""
0x01FA,,Batlin,,0x14e,0,1,False,"""至於我，我要走了！你永遠找不到我的！再見了，聖者！"""
0x0269,,Time Lord,,0x0,0,1,False,「恭喜你，聖者，摧毀了球體。我從我的天球監獄中解脫了。我感謝你。但我很遺憾地通知你，守護者設計了那個球體，它的毀滅永久地癱瘓了月之門，以及你的月之寶珠。你無法再透過紅色的月之門回到你的家鄉了。
0x0269,,Time Lord,,0x123,0,1,False,「在你完成任務後，離開不列顛尼亞唯一的希望，就是使用守護者自己進入這片土地的載具——黑門。
0x0269,,Time Lord,,0x1ab,0,1,False,「守護者的追隨者們正在用黑石建造黑門，並將利用魔法和自然元素來啟動它。守護者計畫在即將到來的天體對齊期間進入不列顛尼亞，那已經迫在眉睫了。那是唯一一次元素運作良好，使黑門變得可穿透且活躍的時候。你需要一個有能力破壞黑石的裝置。如果你還沒有遇到這樣的裝置，你可以在 Cove 的法師 Rudyom 的工作坊裡找到能幫你的東西。
0x0269,,Time Lord,,0x376,0,1,False,「在你找到黑門之前，還有一個產生器必須被摧毀。這是用來將守護者的聲音傳達給他的追隨者，並魅惑他們服從他意願的裝置。去 Serpent's Hold 附近的區域尋找包含這個產生器的地牢。它最可能的形狀是一個立方體。它很可能就在 Serpent's Hold 東邊的友誼會島嶼上。
0x0269,,Time Lord,,0x4d5,0,1,False,「當你完成這項任務時，將你的精力集中在海盜巢穴 (Buccaneer's Den)上。你或許會在那裡找到黑門位置的線索。
0x0269,,Time Lord,,0x566,0,1,False,「如果你想再次跟我說話，只需使用沙漏。再見。」
0x0269,,Time Lord,,0x5ad,0,1,False,「聖者！天體對齊即將到來！時間不多了！必須阻止守護者穿過黑門！」
0x0269,,Time Lord,,0x60e,0,1,False,「立方體將幫助你找到黑門的位置。只要你擁有它，那些受守護者影響的人將會更願意對你說實話。」
0x0269,,Time Lord,,0x696,0,1,False,「去海盜巢穴 (Buccaneer's Den)。尋找那個叫『Hook』的人。跟那些所謂的友誼會談談。你在那裡要查明他的下落應該不難。我相信你最終一定能找到黑門的位置！祝你好運！」
0x0269,,Time Lord,,0x78f,0,2,False,你看到一個似曾相識但令人生畏的身影被關在某種圓柱形的牢房中。他專注地看著你。
0x0269,,Time Lord,,0x78f,1,2,False,「自從我們在 Exodus 的時代見面以來，已經過了好幾年了！我從來沒有像最近這樣這麼想見到你！你早該來了！我可沒有幾個紀元的時間可以浪費在等你上面！現在有一場危機，不列顛尼亞需要你的幫忙！我需要你的幫忙！整個宇宙都需要你的幫忙！」
0x0269,,Time Lord,,0x964,0,1,False,「你決定好要幫我了嗎？」
0x0269,,Time Lord,,0x989,0,1,False,時間領主看起來鬆了一口氣。
0x0269,,Time Lord,,0x9b1,0,1,False,「那麼我有一個任務要交給你。」
0x0269,,Time Lord,,0x9e6,0,1,False,「那麼快去吧！」
0x0269,,Time Lord,,0xa00,0,1,False,「我有什麼能幫你的嗎，聖者？」時間領主問道。
0x0269,,Time Lord,,0xa93,0,1,False,「我被稱為時間領主。」
0x0269,,Time Lord,,0xab5,0,1,False,「我確保時間在空間中平穩地流動。」他聳了聳肩。「別要我解釋這個。這超越了凡人的理解範圍。」
0x0269,,Time Lord,,0xb3d,0,1,False,「是我把紅色的月之門送到你的家鄉，把你引誘到不列顛尼亞的！這耗盡了我所有的力量才讓它運作，但還是出了點差錯。你抵達了 Trinsic ，那不是我的本意。因此，你花在找到我的時間比我預期的要長得多。
0x0269,,Time Lord,,0xc52,0,1,False,「一旦你到達不列顛尼亞，我唯一能聯絡你的方法就是透過鬼火 。自從創造紅色月之門以來，經過了相當長時間的休息，我設法修復了一個能帶你來找我的月之寶珠位置。我被困在這裡時，無法在時空中自由漫遊，執行我的工作。」
0x0269,,Time Lord,,0xd8d,0,1,False,「這片土地正受到來自另一個維度、強大且惡意存在的攻擊，而你是唯一能阻止他的人！我因為守護者施展的一種巫術伎倆而被困在這裡。守護者創造了一個強大的『產生器』，使月之門和你的月之寶珠幾乎無法運作，從而在時空連續體中產生了皺褶。
0x0269,,Time Lord,,0xedb,0,1,False,「你『必須』釋放我，我們必須合作對抗守護者。你的人民的命運就取決於此。你接受嗎？」
0x0269,,Time Lord,,0x9b1,0,1,False,「那麼我有一個任務要交給你。」
0x0269,,Time Lord,,0xf57,0,1,False,「那麼你將注定永遠無法完成你的任務。你確定嗎？我再給你一次機會。你想要幫忙嗎？」
0x0269,,Time Lord,,0x9b1,0,1,False,「那麼我有一個任務要交給你。」
0x0269,,Time Lord,,0xfd0,0,1,False,「那麼別了，聖者。現在離開吧。當你意識到幫助我是你的宿命時，你會回來的。」
0x0269,,Time Lord,,0x1041,0,2,False,「我就知道你不會讓我失望。
0x0269,,Time Lord,,0x1041,1,2,False,「立刻前往 Serpent's Spine 區域。在不列顛城西北方的某處尋找一個地牢的入口。我相信它可能被稱為『Despise 地牢』。這將引導你找到造成問題的產生器。如果我的直覺正確，它會像一個巨大的球體。
0x0269,,Time Lord,,0x1171,0,1,False,「你可能已經看過它了。
0x0269,,Time Lord,,0x1193,0,1,False,「你必須找到摧毀它的方法。
0x0269,,Time Lord,,0x11bb,0,1,False,「它可能有防禦機制。如果你無法征服它，回到這裡向我描述它的防禦。或許我能給你更多幫助。如果你必須再次前往那裡，明智的做法是使用標記術和召回術，以省去你第二次穿過整個地牢的麻煩。」
0x0269,,Time Lord,,0x12c7,0,1,False,「如你所知，它的防禦是一個不尋常的月之門。」
0x0269,,Time Lord,,0x130a,0,1,False,「異常冷漠的生物。他們過去曾是很好的信使。」
0x0269,,Time Lord,,0x134d,0,1,False,「他是無上邪惡的化身。必須阻止他。他以支配和控制為生。」
0x0269,,Time Lord,,0x13a2,0,1,False,「那是守護者從他的世界送來的魔法產生器。它的目的是癱瘓月之門。你必須打破它的外部防禦並進入結構內部，拿走漂浮在裡面的較小球體。保留那個小球體，它以後會有用的。」
0x0269,,Time Lord,,0x1493,0,2,False,「球體的外部防禦會將你的隊伍送回空間中的特定位置。在打破這個防禦之前，你無法進入產生器。你必須找到 Nicodemus 的沙漏。
0x0269,,Time Lord,,0x1493,1,2,False,「如果我的假設正確，球體的內部防禦將會與月之門有關。尋找一個視覺模式來幫助你解開這個謎團。」
0x0269,,Time Lord,,0x15db,0,1,False,「這是一個施了魔法的沙漏，如果在球體的位置使用它，將會對你有所幫助。一旦我從產生器的力量中解脫，你就可以使用這個沙漏來召喚我。」
0x0269,,Time Lord,,0x169c,0,1,False,「它現在對你沒有用處了，除非你想再次召喚我。」
0x0269,,Time Lord,,0x16e2,0,1,False,「他是一位住在 Yew 森林西邊的法師。」
0x0269,,Time Lord,,0x1718,0,2,False,時間領主思考了片刻。
0x0269,,Time Lord,,0x1718,1,2,False,「在不列顛尼亞的法師能再次使用魔法之前，必須修復以太。我建議你去 Moonglow 找 Penumbra 。她或許能幫你解決這個問題。」
0x0269,,Time Lord,,0x17e6,0,1,False,「聖者，現在魔法一定能正常運作了。明智地使用它。」
0x0269,,Time Lord,,0x1832,0,1,False,「那是守護者從他的世界送來的魔法產生器。它控制著法師施展魔法所依賴的以太。就像球體一樣，你必須穿透它的外部防禦，進入結構內部，並拿走漂浮在裡面的較小四面體。」
0x0269,,Time Lord,,0x1920,0,2,False,「四面體有這樣的防禦並不令人驚訝。在 Moonglow 的 Penumbra 應該能幫你解決。現在很明顯，在你能摧毀球體之前，必須先摧毀四面體。
0x0269,,Time Lord,,0x1920,1,2,False,「我不確定四面體內部可能會有什麼樣的防禦。它可能很危險。進入它時，請確保裝備齊全。」
0x0269,,Time Lord,,0x1a51,0,1,False,「她是一位住在 Moonglow 的年長法師。」
0x0269,,Time Lord,,0x1a86,0,1,False,「那是守護者從他的世界送來的魔法產生器。從你所說的來看，聽起來像是他用來向他的追隨者『說話』並魅惑他們服從他意願的裝置。恐怕在你能摧毀它之前，你必須先處理守護者放在不列顛尼亞的其他魔法產生器。」
0x0269,,Time Lord,,0x1baa,0,1,False,「那是守護者從他的世界送來的第三個也是最後一個魔法產生器。這是他用來向他的追隨者『說話』並魅惑他們服從他意願的裝置。它在 Serpents Hold 附近的一個地牢裡。你必須摧毀它的外部防禦，進入它，並拿走漂浮在裡面的較小立方體。」
0x0269,,Time Lord,,0x1cf9,0,2,False,「這個外部防禦可以透過使用覆蓋耳朵的特殊頭盔來克服。頭盔必須由一種叫做『Caddellite』的稀有礦物製成。它存在於隕石中。去找 Lycaeum 附近天文台的 Brion 。他可以給你更多關於尋找這種礦物的建議。
0x0269,,Time Lord,,0x1cf9,1,2,False,「內部防禦很可能會涉及守護者本人。不要聽信他可能會告訴你的任何話。」
0x0269,,Time Lord,,0x1e6f,0,1,False,「別了，聖者。祝你好運。」
0x02D3,,Iolo,,0x0_0x2,0,1,True,"""<PLAYER_NAME> 注意到這些十字弓箭上獨特的 Iolo 商標了嗎？它們是專為真正的 IOLO 十字弓提供最大效能而設計的，在 Yew 附近有售。"""
0x02D8,,Spark,,0x0,0,1,False,"""你得找個鐵匠來做那件事。我敢打賭我爸能做到……我的意思是，如果他還活著，他就能做到……"""
0x02F2,,Horance,,0x0,0,1,False,隨著靈魂囚籠化為塵土，巫妖發生了巨大的轉變。在邪靈被囚禁的地方，你看到了一個熟悉的身影。是 Horance！他是個鬼魂，但他看起來更像個人類，而不是不死生物。
0x0303,,Batlin,,0x0,0,1,False,法杖發出微弱的光芒。巴特林假笑著。「時候未到，聖者。」
0x0326,,Guard,,0x1c,0,1,False,你看到一個看起來很強壯的守衛，他非常重視自己的工作。*（你覺得你應該跟他說什麼？）
0x0326,,Guard,,0x96,0,1,False,「我的名字不重要。」
0x0326,,Guard,,0xb5,0,1,False,「我負責阻止惡棍進入 Trinsic，並記錄所有離開的人。你必須有口令才能離開。」
0x0326,,Guard,,0x121,0,1,False,「口令是？」
0x0326,,Guard,,0x165,0,1,False,「非常好，你可以通過了。」
0x0326,,Guard,,0x18d,0,1,False,「你不知道口令。抱歉。市長可以給你正確的口令。」
0x0326,,Guard,,0x1d6,0,1,False,「再見！」
0x0356,,Shrine,,0x0,0,1,False,「我們感謝你，聖者。你拯救了不列顛尼亞免於陷入可能的第二次黑暗時代。你再次證明了你作為不列顛王意志體現者的價值。」
0x0356,,Shrine,,0xac,0,1,False,「向你致敬，聖者。我無法再幫助你，但請記住我的話： Psyche 回歸核心……」
0x0356,,Shrine,,0x116,0,2,False,突然間，你的腦海中充滿了水晶般清澈、具備權威的迴聲。
0x0356,,Shrine,,0x116,1,2,False,「向你致意。我是真理守護者。你在尋求真理的智慧與恩賜嗎？」
0x0356,,Shrine,,0x1bd,0,1,False,真理神殿說話了。「向你致意，追尋者。我再次問你，你在尋求我的啟迪嗎？」
0x0356,,Shrine,,0x227,0,1,False,「很好。準備好自己。」聲音陷入了沉默。
0x0356,,Shrine,,0x262,0,1,False,「那麼祝你好運。」
0x0356,,Shrine,,0x27f,0,1,False,「你對生命的愛是無限的。你發自內心的行動是全不列顛尼亞的閃亮典範。」
0x0356,,Shrine,,0x2e7,0,1,False,「歡迎你，聖者。我無法再幫助你，除了提供我之前給過的建議：一股巨大的邪惡正在不列顛尼亞中蠢蠢欲動……」
0x0356,,Shrine,,0x382,0,1,False,一個極其優美的聲音在你的意識中輕聲嘆息。「向你致意，聖者。我代表了愛的化身。如果你尋求啟迪，你必須接受愛之考驗。它的路徑就在南方發光的藍色傳送門中。」
0x0356,,Shrine,,0x465,0,1,False,「我再次歡迎你，追尋者。在你成功完成愛之考驗之前，我無法幫助你。」
0x0356,,Shrine,,0x4ca,0,1,False,「你的重擔已經減輕，不列顛尼亞再次從 Exodus 的魔爪中解脫。你的事蹟將作為這片土地歷史上最勇敢的壯舉而被長久銘記。」
0x0356,,Shrine,,0x573,0,1,False,「向你致敬，強大的聖者！你尋找無限護符的任務絕不能失敗。記住：解開它秘密的卷軸就在這座城堡內。」
0x0356,,Shrine,,0x605,0,1,False,一個強壯而充滿活力的聲音在你的腦海中響起。「向你致意，追尋者！我是勇氣守護者。如果你有意志尋求我的獎賞，你必須進入南方的傳送門。」
0x0356,,Shrine,,0x6ca,0,1,False,「我再告訴你一次，我的路徑就在南方的傳送門中。如果你有勇氣就進來吧，追尋者……」
0x0356,,Shrine,,0x744,0,1,False,「你已經掌握了真理考驗，因此將賜予你極大智慧與魔法能力的恩賜。好好使用——並尊重——你的力量，聖者。」
0x0356,,Shrine,,0x7de,0,1,False,「得知愛是你珍視的原則，我感到很高興，你成功完成愛之考驗就證明了這一點。那麼現在，將賜予你敏捷與技能的祝福。」
0x0356,,Shrine,,0x884,0,1,False,「做得好，強大的戰士！流淌在你血管中那無與倫比的勇氣，只能是聖者所擁有的。你已經證明了自己配得上勇氣的獎賞，並展現了英勇、犧牲、榮譽和靈性……現在，以謙卑之心接受它吧。」
0x0356,,Shrine,,0x985,0,1,False,「你現在已經體驗了真理原則的全部含義。它的價值是無法估量的，因為真理將在你一生的努力中指引你。」
0x0356,,Shrine,,0xa16,0,1,False,雕像的聲音轉為警告的語氣。「了解這個真理： Psyche 回歸核心……」說完，雕像再次安靜下來。
0x0356,,Shrine,,0xa98,0,1,False,「現在你已經認真地體驗了愛的一切。這是一種永遠不能輕視的益處，因為愛是強大的動力。永遠記住你所掌握的關於同情、犧牲和正義的教訓。」
0x0356,,Shrine,,0xb5c,0,1,False,愛之守護者的聲音充滿了同情。「請多保重，聖者。因為一股巨大的邪惡正在不列顛尼亞中蠢蠢欲動，我不知道它的來源。」
0x0356,,Shrine,,0xc03,0,1,False,雕像的聲音中透露出急迫感。「我對你施加了一個誓約，既然你是聖者，你就必須回應。你的任務是尋找無限護符。這座城堡內有一卷卷軸能告訴你它的用法。現在快去，時間不多了。
0x03B2,,Palace Guard,,0x15,0,1,False,你看到一個看起來很強壯的守衛，他非常重視自己的工作。*（你覺得你應該跟他說什麼？）
0x03B2,,Palace Guard,,0x8f,0,1,False,「我是一名守衛。」
0x03B2,,Palace Guard,,0xab,0,1,False,這個人看你的眼神，好像你根本就是個白癡。「我是守衛，蠢貨！你應該滾去做正事了。」
0x03B2,,Palace Guard,,0x124,0,1,False,「再見！」
0x03DE,,Avatar,,0x0,0,1,False,你感覺自己的大腦正在被探測，起初很輕柔，然後越來越強烈。久遠回憶的畫面在你眼前掠過，舊有的情緒重新湧上心頭。在某個時刻，畫面暫停了，你想起了愛、太陽、雙月和死亡這些詞，然後一種奇怪的既視感襲來，幻象來到了現在。畫面停止，一股巨大的力量淹沒了你。一道黑暗之牆落下...
0x03DE,,Avatar,,0x18a,0,1,False,你的大腦被快速探測了一下，然後被拋開，讓你感到有些不適，並充滿了一種不理性的不祥預感。
0x03F7,,Bollux,,0x0,0,1,False,「你身上有關於 Castambre 之石的書嗎？」
0x03F7,,Bollux,,0x36,0,1,False,他的眼睛流露出希望。當他從你手中接過書時，看起來幾乎像是在微笑。」
0x03F7,,Bollux,,0x9a,0,1,False,「那真是，太可惜了，」他搖著頭悲傷地說。
0x03F7,,Bollux,,0xd7,0,1,False,「向你致敬，尊貴的人。我只能假設我出現在這裡是你所為。」很快就可以明顯看出，這個生物比他倒下的同伴擁有更強的說話能力。
0x03F7,,Bollux,,0x189,0,2,False,剛被復活的魔像低頭盯著 Bollux 俯臥、毫無生氣的身體。他很快抬起頭看著你。
0x03F7,,Bollux,,0x189,1,2,False,「發、發生了什麼事？」
0x03F7,,Bollux,,0x214,0,1,False,「現在請容我告退，因為我要去找我的守衛同伴了。」
0x03F7,,Bollux,,0x25e,0,1,False,「你好，朋友。希望我能以某種方式協助你。」
0x03F7,,Bollux,,0x29e,0,1,False,「你是來協助我治癒我兄弟的嗎？」
0x03F7,,Bollux,,0x2cf,0,1,False,「很好。我很高興能稱你為朋友。」
0x03F7,,Bollux,,0x300,0,1,False,「那麼快走開，我還有工作要做！」
0x0401,Iolo,Iolo,,0xb4_0x139_0x1f3,0,2,True,一個健壯的老頭打量著你，他看起來有點面熟。他先是愣住，隨即露出驚喜的笑容。他張嘴大笑。「<PLAYER_NAME>我有沒有看錯？剛剛才正心想：『要是聖者那傢伙在這就好了！』然後...你看看！誰說魔法完蛋了? 這就是活生生的證明！
0x0401,Iolo,Iolo,,0xb4_0x139_0x1f3,1,2,True, 喂，你可知道，<PLAYER_NAME>。從上次見面到現在，不列顛尼亞已經過兩百年了，怎麼你都沒老？」
0x0401,Iolo,Iolo,,0x251,0,3,False,Iolo 嘴裡咕噥著：「看來大概不列顛尼亞的時間結構不同？哎，隨便啦。」
0x0401,Iolo,Iolo,,0x251,1,3,False,他恢復了正常的音量。「好吧，我確實老了一點。沒辦法，這段時間我一直在留在不列顛尼亞。」
0x0401,Iolo,Iolo,,0x251,2,3,False, 「不過...聖者！等我告訴其他人！他們一定很高興見到你！歡迎來到 Trinsic！」
0x0401,Iolo,Petre,,0x3aa_0x3e3,0,1,True,著急的農夫打斷 Iolo：「先生，你要不要帶<VAR> 馬廄去看看，這太可怕了！」
0x0401,Iolo,Iolo,,0x40c,0,2,False,Iolo 終於想起為他什麼來 Trinsic，臉上的笑容沒了。他點了點頭
0x0401,Iolo,Iolo,,0x40c,1,2,False, 「啊對，這位朋友 Petre 今天早上看到不太好的東西。馬廄裡面看看吧，我陪你一起。」
0x0401,Iolo,Iolo,,0x4d5,0,1,False,Iolo 把你拉到一旁低聲說：「聖者，為了我們共同的理智著想，我強烈建議你該去買隻滑鼠。」
0x0401,Iolo,Iolo,,0x568,0,1,False,「抱歉，我不跟小偷為伍。」
0x0401,Iolo,Iolo,,0x590,0,1,False,「好吧，我想你已經學到教訓了。我會重新加入隊伍。」
0x0401,Iolo,Iolo,,0x610,0,1,False,「我的老朋友，你需要什麼？」 Iolo 這麼問道。
0x0401,Iolo,Iolo,,0x65d_0x68e,0,1,True,你朋友哼了一聲。「你在開玩笑嗎，<HONORIFIC>？認不出你的老朋友 Iolo 了嗎？」
0x0401,Iolo,Iolo,,0x6bc,0,1,False,「古文譯本？我聽說不列顛王有一本，這是能讓人輕鬆閱讀盧恩文的魔法工具。」
0x0401,Iolo,Iolo,,0x729,0,1,False,「說實話，我平時幾乎沒有在使用這些古文了。現在只有在一些路標、建築銘版上會看到。」
0x0401,Iolo,Iolo,,0x7a5,0,1,False,「靠自己慢慢解讀其實有點累…，有了它，在不列顛尼亞的旅途肯定會方便許多。」
0x0401,Iolo,Iolo,,0x815_0x83d,0,1,True,「我覺得你最好親自去看看，<PLAYER_NAME>然後─要有點心理準備，那景象蠻可怕的。」
0x0401,Iolo,Iolo,,0x87a,0,1,False,「喔，當然是和傳說中的英雄 —— 聖者一起冒險啊！」
0x0401,Iolo,Iolo,,0x8cc_0x8f4,0,2,True,「毫無疑問，-你- 就是聖者，<PLAYER_NAME>！不過，你可能很難說服那些不認識你長相的人。
0x0401,Iolo,Iolo,,0x8cc_0x8f4,1,2,True,「當然，和朋友們在一起，你-絕對是-安全的！」
0x0401,Iolo,Iolo,,0x98e,0,1,False,「嗯，畢竟你已經離開兩百年了！大多數認得你的人早就不在了！很抱歉我說話這麼直白，不過事實就是如此。」
0x0401,Iolo,Iolo,,0xa25,0,1,False,「真的很悽慘，對吧？我個人是覺得 Christopher 和 Inamo 都不應該死這麼慘。你最好跟鎮上的每個人都打聽一下。」
0x0401,Iolo,Iolo,,0xacd,0,1,False,「這還得靠你才有辦法，我是沒啥頭緒。」 Iolo 咧著嘴笑，拍了拍你的背。
0x0401,Iolo,Iolo,,0xb3e,0,1,False,「嗯，這我們私下講，他看起來比我老多了！」
0x0401,Iolo,Iolo,,0xb7e,0,1,False,「那傢伙知道很多事情。但他現在很少、幾乎不出城了。」
0x0401,Iolo,Iolo,,0xbcd,0,1,False,「不列顛王看到你一定樂壞了。我們得趕快去不列顛城一趟。他知道的事一向不少，應該能告訴你，這兩百年到底發生了什麼。」
0x0401,Iolo,Iolo,,0xc8d,0,1,False,「當然。不列顛王總是有許多驚人的情報，對吧？他話可能不多，但是個好聽眾。應該是這原因，積了不少消息。」
0x0401,Iolo,Iolo,,0xd27,0,2,False,「你說對吧，Shamino？」
0x0401,Iolo,Iolo,,0xd27,1,2,False,Shamino 一臉疑問轉過頭去，Iolo 在一旁偷笑。
0x0401,Iolo,Iolo,,0xd83,0,1,False,「說到情報，倒是提醒了我一件事！有個東西可能對你有用─算盤。用它來算我們的錢吧。」
0x0401,Iolo,Iolo,,0xdff,0,1,False,「你是說 Shamino 和 Dupre對吧，一定是。」
0x0401,Iolo,Iolo,,0xe44_0xe5d,0,1,True,「哎呀，他在啊，<HONORIFIC>.」
0x0401,Iolo,Dupre,,0xe62_0xe81,0,1,True,「對啊，我人在這啦，<HONORIFIC>。」
0x0401,Iolo,Iolo,,0xe88,0,1,False,「看吧？我就說！」
0x0401,Iolo,Iolo,,0xea4,0,1,False,「他一定在某個地方，最後一次聽說是在 Jhelom。話說，你知道他現在有騎士頭銜嗎？」
0x0401,Iolo,Iolo,,0xf18,0,1,False,「是不是難以置信？」
0x0401,Iolo,Iolo,,0xf37,0,1,False,「這是真的！不列顛王最近真的封他當騎士了。不知道吾王倒底...在想啥！」
0x0401,Iolo,Iolo,,0xf9e_0xe5d,0,1,True,「哎呀，他人就在這，<HONORIFIC>.」
0x0401,Iolo,Shamino,,0xfbd_0xe81,0,1,True,「對啊我在這，<HONORIFIC>。」
0x0401,Iolo,Iolo,,0xfd3,0,1,False,「看吧？我就跟你講！」
0x0401,Iolo,Iolo,,0xff5,0,1,False,「你要找那個傢伙的話...去不列顛城看看。他女朋友在皇家劇院當演員。」
0x0401,Iolo,Iolo,,0x1059,0,1,False,「這裡變化不大，不過這緊張時刻...大家防備心比較重。你從紅門出現那時候，我只是剛好路過來找朋友 Finnigan。」
0x0401,Iolo,Iolo,,0x1106,0,1,False,「我想最好還是你自己去和村民聊聊。你上次來到現在已經發生了很多變化，聖者。我想有時你會覺得自己有點... 嗯，過時了。」
0x0401,Iolo,Iolo,,0x11b3,0,2,False,「從你上次來到現在，它又變大了。Paws 現在已經是不列顛城實質上的附屬城鎮了！它主宰了不列顛尼亞的東海岸。」
0x0401,Iolo,Iolo,,0x11b3,1,2,False,「不過不列顛王的城堡仍然是最引人注目的地標。」
0x0401,Iolo,Iolo,,0x129b,0,1,False,「它基本上還是在不列顛城和 Trinsic 之間，但土地範圍已經擴到不列顛城內部。」
0x0401,Iolo,Iolo,,0x1308,0,1,False,「他是個好人。身為 Trinsic 的鎮長，我認識他好幾年了。」
0x0401,Iolo,Iolo,,0x1357_0xe81,0,1,True,「我不認識他，<HONORIFIC>。」
0x0401,Iolo,Iolo,,0x136d,0,1,False,「我沒跟他講過話。這真是太遺憾了。跟人類生活的石像鬼本來就不多，這下又更少了。」
0x0401,Iolo,Iolo,,0x13f0,0,1,False,Iolo 看起來很受傷。「你真的要我離開嗎？」
0x0401,Iolo,Iolo,,0x142c,0,1,False,「你是要我留在這裡等你，還是要我回 Yew 的家？」
0x0401,Iolo,Iolo,,0x1485,0,1,False,「很好。我會在這裡等你回來，並邀請我重新加入。」
0x0401,Iolo,Iolo,,0x14ce,0,1,False,「那麼，再會了。只要你希望，我隨時都願意重新加入。」 Iolo 轉過身去。
0x0401,Iolo,Iolo,,0x1533,0,1,False,「呼，你可嚇死我了！」
0x0401,Iolo,Iolo,,0x1555,0,1,False,「我一直在等你開口呢！」
0x0401,Iolo,Iolo,,0x157a,0,1,False,「看來與你同行的成員已經夠多了！我會等到有人離開隊伍時再加入。」
0x0401,Iolo,Iolo,,0x15db,0,1,False,「你上次離開不列顛尼亞後，石像鬼 已經開始與人類生活在一起。他們大多住在 Sutek 的舊島上，現在改名為 『Terfin』。不過，你偶爾還是會在各地看到一兩個。」
0x0401,Iolo,Iolo,,0x16b4,0,1,False,「我跟他們不熟。我知道應該是慈善團體，成立大概二十幾年吧？大家蠻喜歡他們，在不列顛尼亞到處都有分會。不過我個人沒有和他們打過交道。」
0x0401,Iolo,Iolo,,0x177b,0,1,False,「認識，沒到非常熟。」
0x0401,Iolo,Iolo,,0x179d,0,1,False,「跟你聊天真是我的榮幸，我的朋友。」
0x0402,Spark,Spark,,0x7,0,1,False,你看到一個看起來只有十幾歲的男孩。他渾身髒兮兮，不修邊幅。他看起來好像剛哭過，但一看到你，他立刻坐直身子，眼神變得銳利起來。
0x0402,Spark,Spark,,0xc2,0,1,False,「你是誰？你想要什麼？」 你意識到男孩手裡拿著一把彈弓。
0x0402,Spark,Spark,,0x115,0,1,False,你面對著男孩，告訴他你是誰。
0x0402,Spark,Spark,,0x140,0,1,False,「所以呢？這有什麼了不起的？」
0x0402,Spark,Spark,,0x16e,0,1,False,「我上次聽到『這個』的時候，我還從 Eodon 的史前生物身上摔了下來呢！」
0x0402,Spark,Iolo,,0x1d3,0,1,False,「孩子，這位可是聖者！ 
0x0402,Spark,Iolo,,0x1f6,0,1,False,我保證他是！他可是來幫你的！」
0x0402,Spark,Iolo,,0x224,0,1,False,我保證她是！她可是來幫你的！」
0x0402,Spark,Spark,,0x252,0,1,False,男孩瞇起眼睛，打量著你。他慢慢放下武器，準備隨時應付可能的陷阱。你很欣賞這個男孩與陌生人打交道的明顯經驗。
0x0402,Spark,Spark,,0x2f2_0x394,0,1,True,你和 Spark 互相盯著對方。他不知道該怎麼辦。最後，他點了點頭。「好吧。我相信你。你長得像我看過的畫像。對不起， <HONORIFIC>。」
0x0402,Spark,Spark,,0x39b_0x3ac,0,1,True,「什麼事？ <PLAYER_NAME>？」 Spark 問道。「你想要什麼？」
0x0402,Spark,Spark,,0x42e,0,1,False,「哇！古文譯本！這聽起來好厲害！我以前看那些招牌上的符號總覺得像是一堆奇怪的蟲子在爬。」
0x0402,Spark,Spark,,0x4b3,0,1,False,「有了這個，我就能知道那些無聊的鎮民都在寫些什麼了！你下次用它的時候可以讓我也看看嗎？」
0x0402,Spark,Spark,,0x538,0,1,False,「大家一直都叫我 Spark。」
0x0402,Spark,Spark,,0x55d,0,1,False,「我沒有工作。我才十四歲，所以我正在學怎麼在鐵匠鋪裡成為父親最好的幫手，」 他驕傲地說。但隨後他突然意識到了什麼，這讓他感到恐懼。「現在父親死了，我成了孤兒！」
0x0402,Spark,Spark,,0x664,0,1,False,「父親是不列顛尼亞最好的鐵匠。總是有來自四面八方的人找他打造各種東西。」
0x0402,Spark,Spark,,0x6d1,0,1,False,「我母親很久以前就過世了。我對她只有一點點印象。」
0x0402,Spark,Spark,,0x71d,0,2,False,「我不敢相信父親死了。還有可憐的 Inamo 也是。太奇怪了。我『夢見』了這件事。嗯，從某種意義上來說。
0x0402,Spark,Spark,,0x71d,1,2,False,昨晚我做了一個關於父親的惡夢。我夢見他尖叫，這把我吵醒了。我環顧屋內，但他不在床上。我完全清醒了，所以我出去找他。」
0x0402,Spark,Spark,,0x870,0,1,False,「我相信你一定能找到殺死父親的兇手！」
0x0402,Spark,Spark,,0x8aa,0,1,False,「你想讓我重複，我所知道關於謀殺案的所有事嗎？」
0x0402,Spark,Spark,,0x8f3,0,1,False,「你想知道什麼？」
0x0402,Spark,Spark,,0x923,0,1,False,「好吧。」
0x0402,Spark,Spark,,0x933,0,1,False,「我不確定是不是同一個，但我一兩天前好像看到父親拿著一個和箱子裡一模一樣的卷軸。我知道他在為某人製作特別的東西。我相當肯定是他在鐵匠鋪裡做的。至於那個徽章，他平時都戴著。我不知道為什麼它會在箱子裡。還有那些金幣——我這輩子從沒見過這麼多金幣。我想像不出父親為什麼會有這些錢。」
0x0402,Spark,Spark,,0xad2,0,1,False,「你應該試著打開那個箱子。」
0x0402,Spark,Spark,,0xafd,0,2,False,「太奇怪了。我『夢見』了這件事。嗯，從某種意義上來說。
0x0402,Spark,Spark,,0xafd,1,2,False,昨晚我做了一個關於父親的惡夢。我夢見他尖叫，這把我吵醒了。我環顧屋內，但他不在床上。我完全清醒了，所以我出去找他。」
0x0402,Spark,Spark,,0xbff,0,1,False,「我知道這聽起來很傻，但是...我夢見一個滿臉通紅的巨大男人俯視著一切，然後...他往下看...並且注意到了父親...這就是我記得的全部。」
0x0402,Spark,Spark,,0xcba,0,1,False,「不，我沒有找到他。至少沒有馬上找到。但我確實看到了一些東西。」
0x0402,Spark,Spark,,0xd28,0,2,False,「我當時在馬廄前面。我看到一個男人和一隻沒有翅膀的石像鬼從建築物後面跑出來。他們朝著碼頭跑去。然後我走進去，發現了...父親。」
0x0402,Spark,Spark,,0xd28,1,2,False,Spark 聲音發抖，並開始低聲啜泣。
0x0402,Spark,Spark,,0xe23,0,1,False,「關於他我只看到，那個男人的右手是個鉤子。」
0x0402,Spark,Spark,,0xe6d,0,1,False,「我分不清石像鬼的長相。除了他沒有翅膀以外，我無法認出他。」
0x0402,Spark,Spark,,0xec8,0,1,False,「你會去找出那個帶鉤子的男人嗎？讓我幫你吧！」男孩懇求道。他的淚水止住了，臉上露出堅定而充滿力量的表情。
0x0402,Spark,Spark,,0xf65,0,1,False,「帶我一起去！拜託！我必須為父親報仇！如果你不帶我去，我也會跟著你的！」
0x0402,Spark,Spark,,0xfd2,0,1,False,男孩現在非常興奮。「我是彈弓專家！我幾乎每發都能打中下水道老鼠！而且我很小隻，所以...我吃得不多！拜託帶我走！拜託讓我加入你！」
0x0402,Spark,Iolo,,0x1090_0x10df,0,1,True,Iolo 對你低聲說。「我不知道在路上帶著一個孩子好不好， <HONORIFIC>...」
0x0402,Spark,Spark,,0x10e6,0,1,False,突然間，Spark 發射了他的彈弓。他的目標，一隻在 Iolo 頭頂盤旋的小蒼蠅，被硬生生地擊落了。你大笑，而 Iolo 嚇得驚叫、跳開，一邊咒罵一邊用手指梳理頭髮。 
0x0402,Spark,Spark,,0x11bd,0,1,False,突然間，Spark 發射了他的彈弓。他的目標，一隻在你頭頂盤旋的小蒼蠅，被硬生生地擊落了。 
0x0402,Spark,Spark,,0x123a,0,1,False,「我告訴過你我很厲害的！我可以加入嗎？」
0x0402,Spark,Spark,,0x1277,0,1,False,「萬歲！」 男孩高興地跳了起來。
0x0402,Spark,Spark,,0x12a6,0,1,False,「好吧。」 男孩看起來很生氣。「但我還是會跟著你。」
0x0402,Spark,Spark,,0x12f3,0,1,False,「我知道你一定會找到那個男人的。」
0x0402,Spark,Spark,,0x12f3,0,1,False,「我知道你一定會找到那個男人的。」
0x0402,Spark,Spark,,0x1327,0,1,False,「你總算又問我一次了！」
0x0402,Spark,Spark,,0x134c,0,1,False,「萬歲！」
0x0402,Spark,Spark,,0x135c,0,1,False,「嗯，我想了想，你們那邊人好像太多了。我不喜歡人擠人。」
0x0402,Spark,Spark,,0x13b1,0,1,False,「別讓我走！」 Spark 哭喊道。「你真的要我走嗎？」 他用無辜的小狗眼神看著你。
0x0402,Spark,Spark,,0x1420,0,1,False,「好吧，那我是要在這裡等你，還是你要我回 Trinsic 的家？」
0x0402,Spark,Spark,,0x1486,0,1,False,「好吧。我會在這裡等你回來，等你再次邀請我加入。」
0x0402,Spark,Spark,,0x14d2,0,1,False,Spark 低下頭咕噥著，「那麼，再見了。」
0x0402,Spark,Spark,,0x1509,0,1,False,「你不會後悔的！」
0x0402,Spark,Spark,,0x1525,0,1,False,「父親是鐵匠。我不敢相信他被謀殺了！我不知道他有什麼敵人。除非是友誼會。」
0x0402,Spark,Spark,,0x159f,0,1,False,「嗯，一開始他們跑來要我們加入時，還騷擾了父親和我。我想他們也是在做好事。很多人喜歡他們。父親去了一趟不列顛城並且參加了他們的一項測驗後，最終也加入了他們。」
0x0402,Spark,Spark,,0x1694,0,1,False,「我對這些測驗一無所知。我從來沒有參加過。也許你應該去問問友誼會分會的人。Klog。」
0x0402,Spark,Spark,,0x171a,0,1,False,「友誼會在整個不列顛尼亞都有分會。」
0x0402,Spark,Spark,,0x1751,0,1,False,「他是這裡 Trinsic 友誼會分會的負責人。一個星期前，當 Klog 和他的兩個朋友過來找父親談話時，他和父親吵了起來。」
0x0402,Spark,Spark,,0x17ff,0,1,False,「我不知道他們在吵什麼。也許你應該去問 Klog。」
0x0402,Spark,Spark,,0x1844,0,1,False,「我不記得他們長什麼樣子了。我沒認出他們。	他們很可能也是友誼會的其他成員。」
0x0402,Spark,Spark,,0x18b8,0,1,False,「那把鑰匙打開了我父親的箱子，對吧？」
0x0402,Spark,Spark,,0x18f2,0,1,False,「那看起來像是我父親箱子的鑰匙。我還在想它去哪了！」
0x0402,Spark,Spark,,0x1941,0,1,False,「什麼鑰匙？你有我父親箱子的鑰匙嗎？在哪裡？」
0x0402,Spark,Spark,,0x1987,0,1,False,男孩睜大了眼睛。「我根本不知道父親藏了這麼多錢！」
0x0402,Spark,Spark,,0x19d3,0,1,False,「如果你要去尋找那些殺死我父親的人，我想我可以把它交給你！」
0x0402,Spark,Spark,,0x1a2e,0,1,False,「父親是友誼會的成員。我不知道為什麼徽章會在箱子裡——他平時都戴著它。」
0x0402,Spark,Spark,,0x1a9b,0,1,False,「我不確定是不是同一個，但我一兩天前好像看到父親拿著一個跟那個一模一樣的卷軸。我知道他在為某人製作特別的東西。我相當肯定是他在鐵匠鋪裡做的。」
0x0402,Spark,Spark,,0x1b71,0,1,False,「它在城鎮的西南角。」
0x0402,Spark,Spark,,0x1b93,0,1,False,「他是個非常好的石像鬼。他幫了父親很多忙，還在馬廄裡幫忙做事。我想不通為什麼會有人想要殺他！」
0x0402,Spark,Spark,,0x1c21,0,1,False,「好吧，我晚點再跟你說。」
0x0403,Shamino,Shamino,,0x15,0,1,False,「抱歉，我不加入小偷的行列。」
0x0403,Shamino,Shamino,,0x43,0,1,False,「好吧，我想你已經得到教訓了。我會重新加入。」
0x0403,Shamino,Shamino,,0xaa,0,1,False,你的老朋友 Shamino 站在你面前，你驚訝地發現他終於步入了所謂的『中年』。
0x0403,Shamino,Shamino,,0x111_0x11e,0,1,True,「是的，<PLAYER_NAME>？」 Shamino 問道。
0x0403,Shamino,Shamino,,0x144,0,1,False,「在荒野中生存，解讀古老的標記和盧恩文是必備的技能。」
0x0403,Shamino,Shamino,,0x196,0,1,False,「不過，既然你有了古文譯本，我想我們在探索那些古老遺跡時能省下不少時間。」
0x0403,Shamino,Shamino,,0x206,0,1,False,「希望它不會在我們最需要的時候失去魔力。」
0x0403,Shamino,Shamino,,0x246,0,1,False,你的朋友看著你，就像你失去理智一樣。「是 Shamino 。『Sha-mi-no』。」
0x0403,Shamino,Shamino,,0x2a4,0,1,False,「我希望是跟你一起去冒險！我已經厭倦了在不列顛城閒晃。我們還有很多事可以做！話說回來，你到底去哪了？」
0x0403,Shamino,Shamino,,0x33e,0,1,False,「但請告訴我，是什麼風把你吹來的！」
0x0403,Shamino,Shamino,,0x39e,0,1,False,「嗯，我不知道你是否意識到了，但我們在整體魔法以及月之門方面遇到了很多問題。」
0x0403,Shamino,Shamino,,0x425,0,1,False,「是的，我最近都在不列顛城，試圖找工作。你知道冒險的機會太少了。人總得找些『其他』的消遣。這倒提醒我了……我有你的懷錶。」
0x0403,Shamino,Shamino,,0x4eb,0,1,False,「你上次造訪不列顛尼亞時把它留下了。拿去吧。」
0x0403,Shamino,Shamino,,0x531,0,1,False,Shamino 把懷錶交給你。
0x0403,Shamino,Shamino,,0x54f,0,1,False,「哎呀。你的手太滿了，拿不了。晚點再問我吧。」
0x0403,Shamino,Shamino,,0x595_0x5b7,0,1,True,「我已經把懷錶給你了，<PLAYER_NAME>。希望你別再把它弄丟了！」
0x0403,Shamino,Shamino,,0x5df,0,1,False,「老樣子。我不常看到我們的老朋友，而不列顛王也很少找我做事。我當然沒時間去尋歡作樂或喝酒——我長大了一點。」
0x0403,Shamino,Iolo,,0x683,0,1,False,「咳咳，我聽說了些關於某個女演員的事，不是嗎？」
0x0403,Shamino,Shamino,,0x6cd,0,1,False,「你對這事知道多少？」
0x0403,Shamino,Iolo,,0x6f0_0x6f2,0,1,True,"""<PLAYER_NAME>，問他關於『Amber』的事。」"
0x0403,Shamino,Shamino,,0x71a,0,1,False,「你這頭豬， Iolo 。」
0x0403,Shamino,Shamino,,0x750,0,1,False,「我建議你立刻去見他！」
0x0403,Shamino,Shamino,,0x776,0,1,False,「我很高興我看起來沒有『他』那麼老！」
0x0403,Shamino,Shamino,,0x7b0,0,1,False,「我想你是指 Iolo 和 Dupre 吧？」
0x0403,Shamino,Shamino,,0x7e7,0,1,False,「你是說那個可悲的、假裝是弓箭手的傢伙嗎？」
0x0403,Shamino,Iolo,,0x82b,0,1,False,「注意你的言辭，無賴！」
0x0403,Shamino,Shamino,,0x851,0,1,False,「是的，那就是 Iolo ！」
0x0403,Shamino,Shamino,,0x873,0,1,False,「他肯定在附近某處。你上次把他留在哪裡了？」
0x0403,Shamino,Shamino,,0x8b6,0,1,False,「你是說那個無可救藥的酒色之徒嗎？」
0x0403,Shamino,Dupre,,0x8ee,0,1,False,「別忘了，我只要用拇指就能把你的臉捏得像棉花糖一樣碎。」
0x0403,Shamino,Shamino,,0x944,0,1,False,「是的，那就是 Dupre ！」
0x0403,Shamino,Dupre,,0x968,0,1,False,「是 Dupre 『爵士』！」
0x0403,Shamino,Shamino,,0x989,0,1,False,「Dupuke 爵士？你是說 Dupuke 爵士嗎？」
0x0403,Shamino,Dupre,,0x9be,0,1,False,"""Du-pre-!"""
0x0403,Shamino,Shamino,,0x9ca,0,1,False,「『請原諒』我， Dupuke 爵士！」
0x0403,Shamino,Dupre,,0x9f8,0,1,False,「我不聽了。」
0x0403,Shamino,Shamino,,0xa0f,0,1,False,「我相信他在 Jhelom 。」
0x0403,Shamino,Shamino,,0xa30,0,1,False,「他肯定在附近某處！」
0x0403,Shamino,Shamino,,0xa52,0,1,False,Shamino 看起來鬆了一口氣。「我『太』高興你這麼問我了。」他收拾好裝備準備跟隨你。
0x0403,Shamino,Shamino,,0xac7,0,1,False,「嗯。我不喜歡人多。我會等到你的隊伍人數減少後再加入。」
0x0403,Shamino,Shamino,,0xb1c,0,1,False,「嗯。你只是想讓我在這裡等，還是想讓我回家？」
0x0403,Shamino,Shamino,,0xb76,0,1,False,「很好。我會等待你的歸來。」
0x0403,Shamino,Shamino,,0xba2,0,1,False,「我真的很不願意，但既然你堅持的話。」 Shamino 勉強地收拾好他的物品。
0x0403,Shamino,Shamino,,0xc07,0,1,False,Shamino 傾聽你講述這個故事。「我很榮幸能加入並幫助你調查這件事。」
0x0403,Shamino,Shamino,,0xc67,0,1,False,「我對它們無法正常運作感到困惑。」
0x0403,Shamino,Shamino,,0xc9b,0,1,False,「真遺憾你被困在這裡。」
0x0403,Shamino,Shamino,,0xcc0,0,1,False,「全不列顛尼亞的魔法似乎都受到了干擾。說，你還記得大森林裡的 Nicodemus 嗎？他瘋了，而且變得非常愚蠢。也許我們該去拜訪他。」
0x0403,Shamino,Shamino,,0xd74,0,1,False,「它運作得不好。我不明白為什麼。」
0x0403,Shamino,Shamino,,0xda8_0xdd3,0,1,True,「它現在應該運作得非常好了，<PLAYER_NAME>。」
0x0403,Shamino,Shamino,,0xdda,0,2,False,當你提到她的名字時，你看到 Shamino 的眼中閃爍著光芒。他顯然是被迷住了。
0x0403,Shamino,Shamino,,0xdda,1,2,False,「她是我認識的一位女演員。」
0x0403,Shamino,Shamino,,0xe6d,0,2,False,「那個女人！她就是不明白我必須要有我的冒險！我還不能安定下來。『還』不行！或許快了吧。」
0x0403,Shamino,Shamino,,0xe6d,1,2,False, Shamino 看起來很憂慮。「我已經長大了。一點點。」
0x0403,Shamino,Shamino,,0xf39,0,1,False,Shamino 微微鞠躬。
0x0404,Dupre,Dupre,,0x0,0,1,False,「抱歉，我不加入小偷的行列。」
0x0404,Dupre,Dupre,,0x2e,0,1,False,「好吧，我想你已經得到教訓了。我會重新加入。」
0x0404,Dupre,Dupre,,0xa0,0,1,False,你看到你的好朋友 Dupre 熟悉的面孔。雖然老了一些，但他似乎仍然充滿了他平時那種隨性的幽默感。
0x0404,Dupre,Dupre,,0x126_0x148,0,1,True,「我有什麼能幫你的嗎，<PLAYER_NAME>？」 Dupre 爵士問道。
0x0404,Dupre,Dupre,,0x172,0,1,False,「古文譯本？聽起來是個好東西！只要它能幫我們更快找到哪裡有最好的酒館，或是看懂那些該死的酒單，我就完全贊成。」
0x0404,Dupre,Dupre,,0x218,0,1,False,「乾杯！為了不用再盯著那些酒單發愁！」
0x0404,Dupre,Dupre,,0x252_0x2e4,0,1,True,「哎呀，你不認得我了嗎？是我，不列顛王！」他笑著說。「當你看到你的朋友 Dupre 時，你認不出他來了嗎，<PLAYER_NAME>？」
0x0404,Dupre,Shamino,,0x2eb,0,1,False,「別這麼謙虛， Dupre 爵士。你應該告訴聖者，自從你們上次見面以來，你已經被封為騎士了。」
0x0404,Dupre,Dupre,,0x36c,0,1,False,Dupre 爵士看起來相當尷尬。「嗯，是的，我本來打算說的。」
0x0404,Dupre,Iolo,,0x2eb,0,1,False,「別這麼謙虛， Dupre 爵士。你應該告訴聖者，自從你們上次見面以來，你已經被封為騎士了。」
0x0404,Dupre,Dupre,,0x36c,0,1,False,Dupre 爵士看起來相當尷尬。「嗯，是的，我本來打算說的。」
0x0404,Dupre,Dupre,,0x3be_0x48b,0,1,True,「我有段時間沒見到我們的老朋友了。目前我正在對不列顛尼亞各式各樣的飲酒場所進行研究。目前我大約完成了一半。但這並不能阻止我跟你一起冒險，<PLAYER_NAME>。」
0x0404,Dupre,Dupre,,0x4aa,0,1,False,「我目前的工作是盡可能讓你和你的朋友們遠離麻煩！」他眨眨眼，給了你一個和善的笑容。
0x0404,Dupre,Dupre,,0x526,0,1,False,「我們的老朋友—— Iolo 和 Shamino 。」
0x0404,Dupre,Dupre,,0x567,0,1,False,「能再次加入你的冒險，對我來說既是榮幸也是樂事。」
0x0404,Dupre,Dupre,,0x5b3,0,1,False,「嗯。對我來說太擁擠了。如果你的隊伍減少了一兩名成員，再回來找我吧。」
0x0404,Dupre,Dupre,,0x61d,0,1,False,「你是想讓我在這裡等，還是真的想讓我離開回家？」
0x0404,Dupre,Dupre,,0x67a,0,1,False,「很好。我會等待你的歸來。」
0x0404,Dupre,Dupre,,0x6a6,0,1,False,「如果那真的是你的願望，我將離開你的隊伍。如果你再需要我，只需開口。」他轉身離開你，顯然很失望。
0x0404,Dupre,Dupre,,0x738,0,1,False,「這有點像不列顛尼亞的舊時代，在你上次造訪的那段日子，只是更加嗜血。 Jhelom 當地的運動是決鬥。」
0x0404,Dupre,Dupre,,0x7d6,0,1,False,「這些人仍然相信任何問題都可以透過打人或刺傷人來解決。他們讓我想起了一個更原始但沒那麼複雜的時代。也許這就是人們住在這裡的原因——為了逃避他們的現代問題。」
0x0404,Dupre,Dupre,,0x8c1,0,1,False,「現在鎮上正為了三名當地鬥士而議論紛紛，他們全都向另一個男人發起了決鬥挑戰。被挑戰的人名叫 Sprellic 。」
0x0404,Dupre,Dupre,,0x969,0,1,False,「也許現在 Jhelom 的幾個當地流氓被好好教訓了一頓之後，鎮上的事情會平靜下來。雖然我懷疑這能維持多久。」
0x0404,Dupre,Dupre,,0x9ff,0,1,False,「也許自從你向鎮上的人展示了分歧可以在不流血的情況下解決之後， Jhelom 的事情會平靜一段時間。但我表示懷疑。」
0x0404,Dupre,Dupre,,0xa9e,0,1,False,「我有點遺憾，我們沒有為那個叫 Sprellic 的旅館老闆說情。他確實非常需要我們的幫助。」 Dupre 的眼神看起來有點悲傷。
0x0404,Dupre,Dupre,,0xb40,0,1,False,「我懷疑他這輩子有沒有拿過劍。當我下注時，我通常會押在弱勢一方，但就連我也不會魯莽到把錢押在他身上。那傢伙根本不是鬥士，他是旅館老闆！」
0x0404,Dupre,Dupre,,0xc21,0,1,False,「你救了那個可憐小個子 Sprellic 的命。他確實給自己惹了不少麻煩。」 Dupre 忍不住咧嘴笑了起來。「不過，結果好就好。」
0x0404,Dupre,Dupre,,0xcc6,0,1,False,「對這個叫 Sprellic 的傢伙來說，說他魯莽已經是稱讚了！他看起來就像這輩子從來沒打過架一樣。我不知道他為什麼要挑起別人決鬥。這真是個謎。」
0x0404,Dupre,Dupre,,0xd95,0,1,False,你把 Sprellic 告訴你的事告訴了 Dupre 。「嗯。我想我對這個人的評價太嚴苛了。我想你，呃，我們應該為這件事做點什麼！」
0x0404,Dupre,Dupre,,0xe3a,0,1,False,「我不知道他故事的具體細節，但你可以自己去問他。他大約一小時前回到他的房子裡，就沒有出來過。他一定是花了很多時間在找什麼東西。」
0x0404,Dupre,Dupre,,0xefb,0,1,False,「這可憐的人一直躲在他的房子裡不肯出來。」
0x0404,Dupre,Dupre,,0xf3b,0,1,False,「發生在我們可憐朋友 Iolo 身上的事太可怕了。我們必須想辦法把他的屍體送到治療師那裡，也許還有時間讓他復活。我好想念他。」
0x0404,Dupre,Dupre,,0xfed_0xfef,0,1,True,"""<PLAYER_NAME>，有個奇怪的老人跟著你，而且他長得有點像 Iolo ！這太奇怪了。」"
0x0404,Dupre,Iolo,,0x104b,0,1,False,「你一定是喝醉了，視線模糊了， Dupre 爵士。」
0x0404,Dupre,Dupre,,0x108d,0,1,False,「那你最好晚點也來陪我喝一杯。這樣你才有機會趕上我。」
0x0404,Dupre,Dupre,,0x10df,0,1,False,「我們應該找到那個無賴 Iolo ，讓他跟我們一起走。」
0x0404,Dupre,Dupre,,0x1128,0,1,False,「兩男一女。他們的名字分別是 Timmons 、 Vokes 和 Syria 。」
0x0404,Dupre,Dupre,,0x1176,0,1,False,「我們優秀的同志 Shamino 遭遇了悲慘的命運。我們會非常想念他的。我們必須設法將他的遺體送到治療師那裡。也許他還能被復活。」
0x0404,Dupre,Dupre,,0x1228,0,1,False,Dupre 爵士哼了一聲，「據我所知， Shamino 幾乎已經安定下來，從冒險生活中退休了。」
0x0404,Dupre,Shamino,,0x129c,0,1,False,「我還有一些未竟的狂野夢想，非常感謝你。」
0x0404,Dupre,Dupre,,0x12dd,0,1,False,「那麼很高興能再次見到我們老播種圈的另一位成員！」
0x0404,Dupre,Dupre,,0x1329,0,1,False,「我們去找 Shamino ，來一場真正的重聚吧！」
0x0404,Dupre,Dupre,,0x1366,0,1,False,Dupre 爵士盯著你脖子上的友誼會徽章看了好一會兒。「你一定是在開玩笑吧，」他哼了一聲。
0x0404,Dupre,Dupre,,0x13e2,0,1,False,「我還是不敢相信你居然加入了友誼會。如果你想證明為了完成任務，你什麼荒謬的事都做得出來，那麼你成功了。」
0x0404,Dupre,Dupre,,0x147f,0,1,False,「 Spark ，那個可憐勇敢的小伙子，已經不在我們身邊了。我們應該盡力將他的遺體送到治療師那裡，好讓他復活。」
0x0404,Dupre,Dupre,,0x151a_0x2e4,0,1,True,Dupre 用大拇指指著 Spark 。「他也要加入我們嗎？」他對你嘀咕著，「你是想讓我服老嗎，<PLAYER_NAME>？」
0x0404,Dupre,Dupre,,0x1591,0,1,False,「那麼我晚點再跟你說話。」
0x0405,Jaana,Jaana,,0x37,0,1,False,你很驚訝地看到你的老同伴 Jaana ，自從你上次造訪以來，她看起來只有稍微老了一點。
0x0405,Jaana,Jaana,,0xab_0xb8,0,1,True,「是的，<PLAYER_NAME>？」 Jaana 問。
0x0405,Jaana,Jaana,,0xd9,0,1,False,「這些符文，原本是德魯依在使用的文字，所以每個符文都蘊藏自然的力量。」
0x0405,Jaana,Jaana,,0x143,0,1,False,「前人透過魔法陣，將為符文轉化為使用者能理解的方式，能幫助你看穿語言的迷霧，是個很好用的工具。」
0x0405,Jaana,Jaana,,0x1d4,0,1,False,「但現在大多遺失了！聽說不列顛王還有藏本，可跟他詢問看看。」
0x0405,Jaana,Jaana,,0x22f,0,1,False,「哎呀，我是 Jaana 啊。你應該記得我！」
0x0405,Jaana,Jaana,,0x267,0,1,False,「我擔任 Cove 的治療師已經有一段時間了，可以為你提供我的治療服務。既然魔法不再可靠，我一直渴望加入冒險者的隊伍，就像我的老朋友們一樣。我懷念過去的生活！」
0x0405,Jaana,Jaana,,0x35d,0,1,False,「抱歉，我必須等一會兒才能再次施展治療。」
0x0405,Jaana,Jaana,,0x39d,0,1,False,「我們的老朋友—— Iolo 、 Shamino 和 Dupre 。那些以不列顛王之名征服邪惡的男人們！」
0x0405,Jaana,Jaana,,0x431_0x450,0,1,True,「我很榮幸能加入你，<HONORIFIC>！」
0x0405,Jaana,Jaana,,0x457,0,1,False,「我相信你的隊伍中旅行的成員已經夠多了。我會等到有人離開，你再次邀請我時加入。」
0x0405,Jaana,Jaana,,0x4d0,0,1,False,「你是想讓我在這裡等，還是想讓我回家？」
0x0405,Jaana,Jaana,,0x521,0,1,False,「很好。我會等到你回來。」
0x0405,Jaana,Jaana,,0x54a,0,1,False,「我遵從你的願望。如果你邀請我，我很樂意重新加入。再見。」
0x0405,Jaana,Jaana,,0x5a3,0,1,False,「我的魔法受到了空氣中某些東西的影響，但我發現我的感官還算正常。你有沒有注意到這片土地上的法師們腦袋都出了問題？這非常令人不安。儘管如此，我大多數時候還是能施展一兩個法術的。」
0x0405,Jaana,Jaana,,0x6ac,0,1,False,「我感覺以太現在流動得很順暢。魔法又復活了！」
0x0405,Jaana,Jaana,,0x6f2,0,1,False,Jaana 臉紅了。「是的，我跟我們的鎮長已經交往一段時間了。」
0x0405,Jaana,Lord Heather,,0x747,0,1,False,「看來妳要離開 Cove 一段時間了，親愛的？」
0x0405,Jaana,Jaana,,0x785,0,1,False,「是的，大人。但我會回來的。我向你保證。」
0x0405,Jaana,Lord Heather,,0x7c6,0,1,False,「我會盡量不為妳擔心，但這很難。」
0x0405,Jaana,Jaana,,0x7fb,0,1,False,「別擔心。跟聖者在一起我會很安全的。」
0x0405,Jaana,Lord Heather,,0x836,0,1,False,「我真的希望如此。」鎮長擁抱了 Jaana 。
0x0405,Jaana,Jaana,,0x86f,0,1,False,「他在哪裡？能見到他真是太好了！」
0x0405,Jaana,Jaana,,0x8a3,0,1,False,「我看他跟以前一樣啊！也許他的腰圍比以前粗了一點……但如果太久沒有去冒險，這也是意料之中的事！」
0x0405,Jaana,Iolo,,0x935,0,1,False,「妳什麼意思？『腰圍粗了一點』才怪！」
0x0405,Jaana,Jaana,,0x970,0,1,False,「我沒有惡意， Iolo ！」
0x0405,Jaana,Jaana,,0x992,0,1,False,「噢，我很想見見他。不知道他會在哪裡。」
0x0405,Jaana,Jaana,,0x9cf,0,1,False,「Shamino ，你看起來不再像個『小孩子』了！發生了什麼事？你到了三十歲這個令人尊敬的年紀了嗎？」
0x0405,Jaana,Shamino,,0xa5a,0,1,False,「哼。我內心還是個孩子。」
0x0405,Jaana,Jaana,,0xa83,0,1,False,「那我就放心了。」她調皮地笑著。
0x0405,Jaana,Jaana,,0xab4,0,1,False,「我懷念和那個無賴喝上一兩杯的時光！我們去找那個騎士吧！」
0x0405,Jaana,Jaana,,0xb0c,0,1,False,「對於一個剛被封為騎士的人來說，他還保留著他好看的外貌和男孩般的魅力，不是嗎？」
0x0405,Jaana,Dupre,,0xb86,0,1,False,「妳是指『男人味』的魅力吧，不是嗎？」
0x0405,Jaana,Jaana,,0xbc1,0,1,False,「噢，『原諒』我，先生。你的不成熟讓我一時糊塗了。」
0x0405,Jaana,Dupre,,0xc11_0xc39,0,1,True,「你要讓她這樣蒙混過關嗎，<PLAYER_NAME>？」
0x0405,Jaana,Dupre,,0xc40,0,1,False,Dupre 無言以對，氣呼呼地轉身離開。
0x0405,Jaana,Jaana,,0xc72,0,1,False,「很好！」 Jaana 在他背後對你眨了眨眼。
0x0405,Jaana,Jaana,,0xcab,0,1,False,「我已經很多年沒見到我們的君主了。」
0x0405,Jaana,Jaana,,0xce2_0xcef,0,1,True,"「再見，<HONORIFIC>."""
0x0406,Trellek,Trellek,,0x7,0,1,False,這生物不理你。
0x0406,Trellek,Trellek,,0x33,0,1,False,這個像猿猴一樣的生物專注地盯著你看了幾分鐘。然後，他聳了聳肩，小心翼翼地走向你。「我是 Trellek 。你的名字是？」
0x0406,Trellek,Trellek,,0xd6,0,1,False,這隻森靈專注地盯著你看了幾分鐘。然後，他聳了聳肩，小心翼翼地走向你。「我是 Trellek 。你的名字是？」
0x0406,Trellek,Trellek,,0x167,0,1,False,「向你致意。」
0x0406,Trellek,Trellek,,0x17d_0x190,0,1,True,「向你致意，<PLAYER_NAME>。」
0x0406,Trellek,Trellek,,0x1cb,0,1,False,「我的名字還是 Trellek 。」
0x0406,Trellek,Trellek,,0x1f0,0,2,False,他給了你一個困惑的眼神。
0x0406,Trellek,Trellek,,0x1f0,1,2,False,「我不明白『職業』的意思。你指的是『工作』嗎？」
0x0406,Trellek,Trellek,,0x25f,0,1,False,「我是個食物採集者。」
0x0406,Trellek,Trellek,,0x28b,0,1,False,「我沒有職業。」
0x0406,Trellek,Trellek,,0x2a4,0,1,False,「所有的森靈都是食物採集者。我們主要尋找水果。」
0x0406,Trellek,Trellek,,0x2fb,0,1,False,「水果的味道很好，就像你給我們的蜂蜜一樣！」
0x0406,Trellek,Trellek,,0x33e,0,1,False,「我是森靈。 Saralek 是森靈。 Salamon 是森靈。你，」他笑著說，「是人類。」
0x0406,Trellek,Trellek,,0x3b5,0,1,False,「Saralek 是我的伴侶。你們會稱她為『妻子』。我的家就是她的家。」
0x0406,Trellek,Trellek,,0x416,0,1,False,「銀葉樹是我們的家，」他點點頭。
0x0406,Trellek,Trellek,,0x451,0,1,False,「我無法用人類的語言來解釋銀葉樹。很抱歉。你應該去問另一個人類？」他聳了聳肩，把人類的手勢模仿得很好。
0x0406,Trellek,Trellek,,0x4eb,0,1,False,「Salamon 是最聰明的森靈。她見過人類。她見過『許多』事物。她非常有經驗且知識淵博。」
0x0406,Trellek,Trellek,,0x566,0,1,False,「我知道鬼火，」他點點頭。「在樹林裡可以找到鬼火。你有什麼事嗎？」
0x0406,Trellek,Trellek,,0x5e1,0,1,False,「你還是希望能和鬼火交談嗎？那麼幫助你就是我的目標。我可以做一個哨子。」
0x0406,Trellek,Trellek,,0x655,0,1,False,「我的伴侶說得對。我可以做一個哨子。」
0x0406,Trellek,Trellek,,0x68f,0,1,False,「鬼火的住所是森林中央山裡的一棟石頭建築。」
0x0406,Trellek,Trellek,,0x6d2,0,3,False,「當我們交談時，森靈會發出吹哨般的聲音。一種特殊的哨子可以模仿那種聲音，」他熱情地說。
0x0406,Trellek,Trellek,,0x6d2,1,3,False,他開始迅速地在周圍尋找一根枯死、中空的掉落樹枝。不久他找到了一根令他滿意的。他顯然有些尷尬，轉過身背對著你，做出的動作類似於從酒壺上拔出軟木塞。
0x0406,Trellek,Trellek,,0x6d2,2,3,False,這樣過了好幾分鐘後，他轉過身來，把哨子交給你。
0x0406,Trellek,Trellek,,0x875,0,1,False,「這是你的哨子。」
0x0406,Trellek,Trellek,,0x891,0,1,False,「你必須減少攜帶的物品才能拿這個哨子。」
0x0406,Trellek,Trellek,,0x8ce,0,1,False,「你的話是個謎。你是想讓我去跟鬼火交談嗎？」
0x0406,Trellek,Trellek,,0x911,0,2,False,他環顧四周，顯然在觀察這個區域。
0x0406,Trellek,Trellek,,0x911,1,2,False,「這裡沒有鬼火可以交談。」
0x0406,Trellek,Trellek,,0x975,0,1,False,「我不明白你的意思。」他聳了聳肩。
0x0406,Trellek,Trellek,,0x9a9,0,2,False,「Julius 是個好人類。他的偉大功績是多年前從大火中拯救了森靈家族。」他直視著你。
0x0406,Trellek,Trellek,,0x9a9,1,2,False,「但是，他的故事很悲傷，因為他吸入了太多煙霧而死。他的屍體在修道院附近的墓地裡。他是我們森靈稱之為『英雄』的一個人類。」
0x0406,Trellek,Trellek,,0xad3,0,1,False,「你的願望是讓我跟你們一起旅行嗎？」
0x0406,Trellek,Trellek,,0xb0a,0,1,False,「這也是我的願望。但這不是 Saralek ，我妻子的願望。必須先得到她的許可。」
0x0406,Trellek,Trellek,,0xb74_0x190,0,1,True,「你很奇怪，<PLAYER_NAME>。」
0x0406,Trellek,Trellek,,0xb87,0,1,False,「祝你好運。」
0x0407,Sentri,Sentri,,0x1c,0,1,False,你看到一個瀟灑、苗條、穿著時髦且非常有品味的男人。
0x0407,Sentri,Sentri,,0x68_0x8a,0,1,True,「我有什麼能幫你的嗎，<PLAYER_NAME>？」 Sentri 問。
0x0407,Sentri,Sentri,,0xac,0,1,False,「作為一名劍術教練，我一直告訴學生：了解敵人的意圖和揮劍一樣重要。」
0x0407,Sentri,Sentri,,0x113,0,1,False,「這本寶典能讓你在不列顛尼亞的各個角落暢行無阻，掌握第一手情報。」
0x0407,Sentri,Sentri,,0x177,0,1,False,「知識，就像一把磨得鋒利的劍，永遠不嫌多！」
0x0407,Sentri,Sentri,,0x1ba,0,1,False,「你不記得我了嗎？我是 Sentri ！我們過去曾經一起冒險過！」
0x0407,Sentri,Sentri,,0x20e,0,1,False,「當我不和老朋友去冒險時，我是不列顛城的一名教練。我專精於劍術戰鬥。如你所記，我對那方面相當在行。」
0x0407,Sentri,Sentri,,0x2a5,0,1,False,「但如果你們的隊伍沒有太多負擔，我會放下一切加入你們。」
0x0407,Sentri,Sentri,,0x326,0,1,False,「我不常看到我們的老朋友 Iolo 、 Shamino 或 Dupre 。」
0x0407,Sentri,Sentri,,0x380,0,1,False,Sentri 拔劍的速度快如閃電。他做了幾個花俏的動作，用劍刃劈開空氣。「在我的手下，沒有敵人能站著！」
0x0407,Sentri,Sentri,,0x40f,0,1,False,Sentri 鞠了一躬。「我很高興能加入你的隊伍。」
0x0407,Sentri,Sentri,,0x450,0,1,False,「我喜歡小團體，聖者。你這隊伍人數太多了，不合我的胃口。如果你在路上失去了哪個人，再回來找我，我會很樂意加入你們的。」
0x0407,Sentri,Sentri,,0x502,0,1,False,「你是想讓我在這裡等，還是想讓我回家？」
0x0407,Sentri,Sentri,,0x553,0,1,False,「很好。我會在這裡等你回來。」
0x0407,Sentri,Sentri,,0x582_0x592,0,1,True,「再會了，<PLAYER_NAME>。如果你再需要我的服務，我會非常樂意效勞。」
0x0407,Sentri,Sentri,,0x5d6,0,1,False,「我開始對這個地方感到厭倦了。它正經歷著資產階級未曾察覺的成長痛。一切並不像貴族們所呈現的那麼寧靜。」
0x0407,Sentri,Sentri,,0x67a,0,1,False,「嗯，舉例來說，試著去其中一個小鎮看看，比方說 Paws 。那是個窮人的地方。而且還很臭。它就位在不列顛城鎮界之外。應該投入更多資金來改善整個地區的環境，而不僅僅是在首都建造新建築。我不知道不列顛王在想什麼！」
0x0407,Sentri,Sentri,,0x7b7,0,1,False,「我的一次訓練課程收費 30 枚金幣。這樣可以嗎？」
0x0407,Sentri,Sentri,,0x7fe,0,1,False,「那我只好去搶劫別人了！」 Sentri 大笑起來。
0x0407,Sentri,Sentri,,0x83d,0,1,False,「恐怕我必須堅持只在營業時間內提供訓練的原則。這對我『所有』的朋友都適用。」
0x0407,Sentri,Sentri,,0x8b0,0,1,False,「既然我是你們隊伍的一員，我就免費訓練你！」
0x0407,Sentri,Sentri,,0x8f3,0,1,False,「你好嗎，朋友？你看起來好像也需要一點訓練！」
0x0407,Sentri,Iolo,,0x93a,0,1,False,「這算什麼？每個人都在取笑我的體格！」
0x0407,Sentri,Sentri,,0x975,0,1,False,「我不是在開玩笑， Iolo 。我是認真的！」 Sentri 笑著。
0x0407,Sentri,Sentri,,0x9c0,0,1,False,「我懷念那傢伙！」
0x0407,Sentri,Sentri,,0x9dc,0,1,False,「我說， Shamino ，你還在花時間穿女裝嗎？」
0x0407,Sentri,Shamino,,0xa1a,0,1,False,「『什麼』？！？！」
0x0407,Sentri,Sentri,,0xa3a,0,1,False,「還是說，既然你現在已經步入中年了，你正把生命虛度在治療師的窩裡？」
0x0407,Sentri,Shamino,,0xaa2,0,1,False,「小心點，朋友。你這是想找碴啊！」
0x0407,Sentri,Sentri,,0xad7,0,1,False,Sentri 友善地揍了 Shamino 一拳。「就只是說說而已，我親愛的朋友。說說而已！很高興見到你！」
0x0407,Sentri,Sentri,,0xb57,0,1,False,「能跟他開個一兩個玩笑也不錯！」
0x0407,Sentri,Sentri,,0xb88,0,1,False,「啊，我的好朋友 Dupre ！你身上有帶些好麥酒嗎？」
0x0407,Sentri,Dupre,,0xbd0,0,1,False,「你在開玩笑嗎？我『總是』帶著麥酒！」
0x0407,Sentri,Sentri,,0xc0b,0,1,False,「那我們應該在別人喝掉之前先喝一點！」
0x0407,Sentri,Dupre,,0xc45,0,1,False,「那將是我的榮幸。不過，我必須謹慎行事，把麥酒留到我們需要的時候再喝。」
0x0407,Sentri,Sentri,,0xcb3,0,1,False,Sentri 摸了摸 Dupre 的頭。「你覺得還好嗎， Dupre ？還是說騎士頭銜對你的大腦造成了什麼影響？」
0x0407,Sentri,Sentri,,0xd35,0,1,False,「不，但我很樂意在酒吧停下來，跟你喝上幾杯！」
0x0407,Sentri,Sentri,,0xd7c,0,1,False,「嗯！聽起來不錯！下次我們經過酒吧時，我們就停下來！」
0x0407,Sentri,Sentri,,0xdce,0,1,False,「我想見見那個沒用的麻煩製造者！我聽說他現在是騎士了！還真的是 Dupre 爵士呢！」
0x0407,Sentri,Sentri,,0xe42,0,1,False,「我不常看到他。他一直待在他那座城堡裡。他從來不出來。難怪他對這個國家正在發生的事情一無所知。」
0x0407,Sentri,Sentri,,0xed3,0,1,False,「晚點見。」
0x0408,Julia,Julia,,0x33,0,1,False,你看到了 Julia ，她是你之前某次造訪不列顛尼亞時冒險隊伍的成員。
0x0408,Julia,Julia,,0x8f_0xb4,0,1,True,「很高興能再次跟你說話，<PLAYER_NAME>，」 Julia 向你打招呼。
0x0408,Julia,Julia,,0xe1,0,1,False,「身為一名修補匠，我對各種精密的工具都有興趣。這本古文譯本就像是一把能夠拆解語言結構的萬能扳手！有了它，我們就不用在那些布滿灰塵的石碑前浪費時間瞎猜了，趕快去拿到手吧！」
0x0408,Julia,Julia,,0x1e1_0x200,0,1,True,「真的過那麼久了嗎，<PLAYER_NAME>？是我， Julia 啊！」
0x0408,Julia,Julia,,0x21d,0,1,False,「自從上次在不列顛尼亞陪伴你冒險之後，我成了 Minoc 的修補匠。我為鎮上的人修理東西。但我的職責和義務並沒有緊迫到會阻止我再次加入你，只要你願意的話。畢竟，當你在不列顛尼亞時，你通常是來修復非常重要的事情，並協助讓世界恢復正常的。」
0x0408,Julia,Julia,,0x382_0x3b0,0,1,True,「現在可不是歡樂重逢的好時機，<PLAYER_NAME>。這個小鎮被一種神祕的邪惡所籠罩。 Minoc 發生了謀殺案。」
0x0408,Julia,Julia,,0x40d,0,1,False,「這其實不是我餘生想做的事。我沒有耐性成為一個稱職的修補匠。如果你問我的話，我會說我已經犧牲夠多了！」
0x0408,Julia,Julia,,0x4a7,0,1,False,「嗯……好吧。但我不喜歡你叫我離開！」
0x0408,Julia,Julia,,0x4e1,0,1,False,「好啊！這是我的榮幸！」
0x0408,Julia,Julia,,0x519,0,1,False,「我相信你的隊伍中旅行的成員已經夠多了。」
0x0408,Julia,Julia,,0x559,0,1,False,「你確定你要我離開嗎？」
0x0408,Julia,Julia,,0x57e,0,1,False,「你是想讓我在這裡等，還是想讓我回家？」
0x0408,Julia,Julia,,0x5cf,0,1,False,「很好。我會在這裡等你回來。」
0x0408,Julia,Julia,,0x5fe,0,1,False,「哼！好吧，如果那是你的願望，那我就離開！」
0x0408,Julia,Julia,,0x642,0,1,False,「那我就留下。」
0x0408,Julia,Julia,,0x65b,0,1,False,「我們鎮上發生這些謀殺案，真是太可怕了。 Minoc 曾經是個安全又安靜的地方。」
0x0408,Julia,Julia,,0x6d9,0,1,False,「嗯，至少是安全的，雖然不一定安靜。特別是因為 Owen 和他的紀念碑引起了所有的騷動。」
0x0408,Julia,Julia,,0x764,0,1,False,「Owen 是我們當地的造船匠。坦白說，我覺得他有點像個傻瓜。」
0x0408,Julia,Julia,,0x7bb,0,1,False,「友誼會想為 Owen 建一座雕像。這樣他們就可以用他作為友誼會理念成功的範例。這也會增加 Owen 的生意，甚至會擾亂當地經濟，導致藝術家公會破產！」
0x0408,Julia,Julia,,0x888,0,1,False,「如果你沒有阻止他們的計畫，他們就得逞了。」
0x0408,Julia,Julia,,0x8cb,0,1,False,「Frederico 和 Tania 在 Minoc 的鋸木廠以極其可怕的方式被殺害了。」
0x0408,Julia,Julia,,0x93e,0,1,False,「Frederico 是吉普賽人的首領， Tania 是他的妻子。他們住在鎮外。我對他們的了解僅止於此。」
0x0408,Julia,Julia,,0x9bc,0,1,False,「Frederico 和 Tania 被謀殺的方式暗示著一場儀式性殺戮。從我聽到的消息來看，它與你在 Trinsic 遇到的那起，以及前陣子在不列顛城發生的那起很相似。這是個最令人困惑的謎團。」
0x0408,Julia,Julia,,0xaac,0,1,False,「我可以看看嗎？」她仔細檢查了設計圖的每一條線。「這些設計有缺陷。按照這些規格建造的船隻很容易傾覆並沉沒。你應該把這些設計圖給鎮長看。」
0x0408,Julia,Julia,,0xb79,0,1,False,「Karl 有 Owen 建造的那些沉船的設計圖？！我非常想看看它們。也許我能幫忙找出那些悲劇發生的原因。」
0x0408,Julia,Julia,,0xc06,0,1,False,「也許我們該去找 Iolo ，讓他跟我們一起走。」
0x0408,Julia,Julia,,0xc46,0,1,False,「哈囉， Iolo 。」
0x0408,Julia,Iolo,,0xc60,0,1,False,「很高興能再次見到妳， Julia 。」
0x0408,Julia,Julia,,0xc90,0,1,False,「也許我們該去找 Shamino ，讓他跟我們一起走。」
0x0408,Julia,Julia,,0xcd3,0,1,False,「哈囉， Shamino ！」
0x0408,Julia,Shamino,,0xcf0,0,1,False,「噢， Julia ！妳能再次加入我們真是太好了！」
0x0408,Julia,Julia,,0xd32,0,1,False,「也許我們該去找 Dupre 爵士，讓他跟我們一起走。」
0x0408,Julia,Julia,,0xd79,0,1,False,「我們的道路再次交會了， Dupre 爵士！」
0x0408,Julia,Dupre,,0xdb2,0,1,False,「Julia ！我正想著我們是否還能再見到妳呢！」
0x0408,Julia,Julia,,0xdf3,0,1,False,「好吧，你不用再想了， Dupre 。」
0x0408,Julia,Dupre,,0xe23_0xe25,0,1,True,"""<PLAYER_NAME>，只有你、我跟路燈知道就好，你最好小心點 Julia 。她脾氣可不小。」"
0x0408,Julia,Julia,,0xe85,0,1,False,「這位優秀的年輕小伙子是誰？」
0x0408,Julia,Spark,,0xeb3,0,1,False,「我的名字是 Spark ，女士。」
0x0408,Julia,Julia,,0xedd,0,1,False,「他真可愛！而且很有禮貌！」
0x0408,Julia,Spark,,0xf08,0,1,False,Spark 的臉漲得像甜菜一樣紅。
0x0408,Julia,Julia,,0xf30_0xf3d,0,1,True,「再見，<PLAYER_NAME>。」
0x0409,Katrina,Katrina,,0x36,0,1,False,你看到了你的老同伴 Katrina ，她看起來只比你上次造訪時見到她稍微老了一點。
0x0409,Katrina,Katrina,,0xa0_0xb3,0,1,True,「又見面了，<PLAYER_NAME>！」 Katrina 帶著微笑向你打招呼。
0x0409,Katrina,Katrina,,0xee,0,1,False,「在 Magincia 放羊時，我偶爾會看到一些古老的遺跡，上面的文字總是讓我很好奇。」
0x0409,Katrina,Katrina,,0x15f,0,1,False,「有了這本寶典，我們就不用再像迷途的羔羊一樣，面對那些古文不知所措了。」
0x0409,Katrina,Katrina,,0x1cc,0,1,False,「它一定能為我們的旅途帶來不少便利！」
0x0409,Katrina,Katrina,,0x206,0,1,False,「哎呀，」她對你眨眨眼，「我知道已經過很久了，但你肯定沒忘記我吧。我是 Katrina 。你以前的同伴之一。」
0x0409,Katrina,Katrina,,0x29a,0,1,False,你們在重逢時友善地笑了起來。
0x0409,Katrina,Katrina,,0x2d6,0,1,False,「啊，是的， Iolo 、 Shamino 和 Dupre 。」
0x0409,Katrina,Katrina,,0x31e,0,1,False,「雖然我們世界和這個世界時間流逝的方式有很大的差異，但我肯定我至少老了一點，」她愉快地說。
0x0409,Katrina,Katrina,,0x3a6,0,1,False,「哎呀，上次陪你冒險之後，我就在 New Magincia 定居，過著牧羊人平靜的生活了。」
0x0409,Katrina,Katrina,,0x42c,0,1,False,「如果你需要我的話，我可以再次加入你的隊伍。」
0x0409,Katrina,Katrina,,0x479_0x492,0,1,True,「跟著你到處跑，<HONORIFIC>！我絕對不會想念 New Magincia 的！」
0x0409,Katrina,Katrina,,0x4c2,0,1,False,「我看顧著我的羊群，當鎮民需要我時，我也會看顧他們。」
0x0409,Katrina,Katrina,,0x514_0x52d,0,1,True,「這是我的榮幸，<HONORIFIC>!」
0x0409,Katrina,Katrina,,0x532,0,1,False,「我比較喜歡人少一點，聖者。或許晚點吧。」
0x0409,Katrina,Katrina,,0x572,0,1,False,「你是想讓我在這裡等，還是我該回家了？」
0x0409,Katrina,Katrina,,0x5c3,0,1,False,「我很樂意在這裡等你回來。」
0x0409,Katrina,Katrina,,0x5ef,0,1,False,「如果你覺得這樣最好，我會的。如果你再需要我，只需開口。」
0x0409,Katrina,Katrina,,0x648,0,1,False,「我們這裡與世隔絕。我們得不到外面世界的任何消息。生活跟兩百年前你上次造訪不列顛尼亞時差不多。我在這裡有很多朋友。」
0x0409,Katrina,Katrina,,0x704_0x7df,0,2,True,「這就是我們這裡喜歡的方式。現在島上還有另外三個陌生人——除了你之外。當然，你很難被稱為陌生人。這是我們這幾年來訪客最多的一次。
0x0409,Katrina,Katrina,,0x704_0x7df,1,2,True,「但是，別擔心，<PLAYER_NAME>，我很少感到孤單。」
0x0409,Katrina,Katrina,,0x80c,0,1,False,「我在這裡有很多朋友。當我感到孤單時，我會跟智者 Alagner 、造船匠 Russell 或小販 Henry 聊天。」
0x0409,Katrina,Katrina,,0x89f,0,1,False,「他是個智者，知道很多事情，還會講精彩的故事。 Alagner 來到這裡是為了逃避外面的世界。我不知道為什麼。」
0x0409,Katrina,Katrina,,0x936,0,1,False,「他有著水手的心、藝術家的靈魂和工匠的手。他從未實現他航海環遊世界的夢想。他的船隻替他實現了。」
0x0409,Katrina,Katrina,,0x9c7,0,1,False,「Henry 多年來一直是我非常親愛的朋友。他是個單純的好人，心裡對任何人都不曾有一絲怨恨。我非常喜歡他，所以給了他一件珍貴的傳家寶。」
0x0409,Katrina,Katrina,,0xa92,0,1,False,「因為他沒什麼錢，所以我把我的金屬吊飾盒給了 Henry ，好讓他能送給他的心上人 Constance 。我最近沒跟他說話，但我必須承認我很擔心他。」
0x0409,Katrina,Katrina,,0xb57,0,1,False,「Henry 帶著吊飾盒離開後不久，我看到島上的那三個陌生人朝著同一個方向遊蕩過去了。」
0x0409,Katrina,Katrina,,0xbd0,0,1,False,「這三位訪客來自海盜巢穴 (Buccaneer's Den)。在他們到達後不久，我見到了他們，我們簡短地交談了幾句。 Robin 是那個打扮得像賭徒的人，另外兩個， Battles 和 Leavell ，看起來像惡霸。」
0x0409,Katrina,Katrina,,0xcc5,0,1,False,「Iolo 應該在我們的隊伍裡，和我們一起冒險。」
0x0409,Katrina,Katrina,,0xd07,0,1,False,「這些年來你過得怎麼樣， Iolo？」
0x0409,Katrina,Iolo,,0xd38,0,1,False,「歲月對我顯然沒有對妳那麼寬容，女士。」
0x0409,Katrina,Katrina,,0xd76,0,1,False,「哈！看來你還是個無賴， Iolo。」
0x0409,Katrina,Katrina,,0xda7,0,1,False,「Shamino 應該和我們在這裡。」
0x0409,Katrina,Katrina,,0xdd1,0,1,False,「我看到你頭髮裡有白頭髮嗎， Shamino？」
0x0409,Katrina,Shamino,,0xe0b,0,1,False,「才不是！哪裡？」
0x0409,Katrina,Katrina,,0xe28,0,1,False,「也許只是光線的把戲吧。」
0x0409,Katrina,Katrina,,0xe51,0,1,False,「我忍不住有點想念 Dupre 。自從他被封為騎士後，我就沒見過他了。」
0x0409,Katrina,Katrina,,0xeb0,0,1,False,「Dupre 爵士，你完成你的學業了嗎？」
0x0409,Katrina,Dupre,,0xee5,0,1,False,Dupre 看起來很困惑。「我的學業，女士？」
0x0409,Katrina,Katrina,,0xf20,0,1,False,「對於不列顛尼亞各式各樣的飲酒場所的研究！」
0x0409,Katrina,Dupre,,0xf64,0,1,False,「噢，是的，當然，我的學業！繼續我的教育對我來說一直是最重要的。」
0x0409,Katrina,Katrina,,0xfc9_0xfeb,0,1,True,「祝你有個愉快的一天，<PLAYER_NAME>。」
0x040A,Tseramed,Tseramed,,0x5a,0,1,False,「我們不必擔心這些蜜蜂，只要我們有幾支我可靠的箭。」
0x040A,Tseramed,Tseramed,,0xba_0xd6,0,1,True,「向你致意，旅行者<VAR>。」
0x040A,Tseramed,Tseramed,,0x116,0,1,False,「哼，友誼會的傢伙們總是滿口謊言，但那些刻在石頭上的古老盧恩文卻不會騙人。」
0x040A,Tseramed,Tseramed,,0x189,0,1,False,「如果這本寶典能幫我們更快找到被隱藏的真相，或者揭露那些偽君子的陰謀，那它就是我們最好的武器。」
0x040A,Tseramed,Tseramed,,0x21a,0,1,False,「讓我看看這玩意兒怎麼用。」
0x040A,Tseramed,Tseramed,,0x245_0xd6,0,1,True,「我是 Tseramed。一名『遊俠』，而你是<VAR>。」
0x040A,Tseramed,Tseramed,,0x279,0,1,False,「我叫 Tseramed 。你們是友誼會成員嗎？你們叫什麼名字？」
0x040A,Tseramed,Tseramed,,0x2d0,0,1,False,「聖者！這真是個奇妙的機緣。告訴我，聖者，你的名字是什麼？」
0x040A,Tseramed,Tseramed,,0x32b_0x33b,0,1,True,「幸會了，<PLAYER_NAME>」
0x040A,Tseramed,Tseramed,,0x33f,0,1,False,你的舉止很高貴。
0x040A,Tseramed,Tseramed,,0x358,0,1,False,也許你可以向我介紹你的同伴們？」
0x040A,Tseramed,Tseramed,,0x389_0xd6,0,1,True,「我不信任友誼會，尤其是<VAR>。」
0x040A,Tseramed,Tseramed,,0x3ae,0,1,False,「我對友誼會沒有好感。等我對你了解多一點時，我們再來談這個。」
0x040A,Tseramed,Tseramed,,0x40c_0x434,0,1,True,「是的。也許我正在對傑出的<VAR>？」
0x040A,Tseramed,Tseramed,,0x43b,0,1,False,「不久前，友誼會開始在整個不列顛尼亞擴展其影響力。
0x040A,Tseramed,Tseramed,,0x487,0,1,False,「在他們早期，他們吸引了許多聰明熱情的年輕人，其中就包括我的愛人， M 女士。
0x040A,Tseramed,Tseramed,,0x4f7_0x552,0,1,True,像她這麼聰明的女人，難免會在他們的隊伍中晉升。她的直屬上司是<VAR>.
0x040A,Tseramed,Tseramed,,0x554_0x59d,0,1,True,一個黑暗的夜晚，她病得很重。根據我的朋友們所說，<VAR> 禁止她去看當地的治療師。等我得知此事時，她已經過世了。
0x040A,Tseramed,Tseramed,,0x5f0_0x647,0,1,True,她現在長眠在 Yew 的墓地裡，願她安息。我在這片土地上到處尋找<VAR>，但從未找到我的獵物。事實上，似乎每次我接近我的獵物時，他們就已經消失了！我的搜尋將永遠不會真正結束。」
0x040A,Tseramed,Tseramed,,0x710_0x71d,0,1,True,「無賴，<VAR>我還沒忘記你的惡行，以及隨之而來的邪惡罪行。
0x040A,Tseramed,Tseramed,,0x760,0,1,False,噢，黑如瀝青的靈魂！」
0x040A,Tseramed,Tseramed,,0x782,0,1,False,「青春永遠屬於她。」
0x040A,Tseramed,Tseramed,,0x7a1_0x7b7,0,1,True,「我與你同行，<VAR>，用我在森林裡習得的技能來幫助你。」
0x040A,Tseramed,Tseramed,,0x7f5,0,1,False,「在 Yew，我只是個卑微的樵夫。我靠森林維生，並在它的深處尋找知識。
0x040A,Tseramed,Tseramed,,0x857,0,1,False,我已經探索了這整個區域。」
0x040A,Tseramed,Tseramed,,0x886,0,1,False,「正如我所說，我的叢林技能涵蓋了這整片森林，甚至包括山裡的洞穴。」
0x040A,Tseramed,Tseramed,,0x954_0x33b,0,1,True,「<VAR>」
0x040A,Tseramed,Tseramed,,0x958_0x9aa,0,1,True,「森林是個狂野的地方，但近年來稍微被馴服了些。在裡面，<VAR>，你可能仍然會發現只在傳說中被提及的生物。」
0x040A,Tseramed,Tseramed,,0x9f4,0,1,False,「在我的小屋北邊，有一個通往山中的深孔。裡面住著體型堪比綿羊或獵犬的蜜蜂。牠們飛翔時翅膀會捲起樹葉，發出的嗡嗡聲會讓人恐懼地逃跑。」
0x040A,Tseramed,Tseramed,,0xabb,0,1,False,「有些人進去後就再也沒有回來過。也許他們還在那裡……死亡是貪婪的，並為那些有同樣意圖的人準備了命運。」
0x040A,Tseramed,Tseramed,,0xb63,0,1,False,「我在群山旁住了許多年。我的足跡踏過了無數的地方。我曾深入黑暗的沼澤，也曾攀上群山的高處。我了解森林裡的樹木，也知道地底下的秘密地點。」
0x040A,Tseramed,Tseramed,,0xc37,0,1,False,「在山嘴的北邊是一片茂密的沼澤。致命的史萊姆潛伏在裡面，守護著一口清澈的泉水。周圍的水都又臭又令人作嘔。
0x040A,Tseramed,Tseramed,,0xcd4,0,1,False,這種惡臭的混合物會滲入你的靴子，帶來噁心和頭暈。明智的旅行者在這種地方會穿著沼澤靴。
0x040A,Tseramed,Tseramed,,0xd53,0,1,False,這片泥沼向東、北和西排乾。向西流的河水穿過 Yew ，經過修道院。其他的都向北彎入海中。」
0x040A,Tseramed,Tseramed,,0xde9_0xe1d,0,1,True,「人神修道院(Empath Abbey) 是它的全名，<HONORIFIC>。他們在那裡實踐古老的技藝，最古老的是烈酒的發酵和蒸餾。在 Yew ，人們對他們產品的需求量很大。」
0x040A,Tseramed,Tseramed,,0xeaa,0,1,False,「隱居性格的居民在那裡感到平靜。它的建築位於森林之中，許多都被植物覆蓋，看起來就像是森林的一部分。」
0x040A,Tseramed,Tseramed,,0xf41,0,1,False,「在我的住處東邊，樹林很茂密，但擅長叢林技能的旅行者可能會在那裡找到房子。」
0x040A,Tseramed,Tseramed,,0xfb4,0,1,False,「海！它的波浪能撫平煩躁的心情，但它的狂怒也是無與倫比的。問問那些靠海維生的人就知道了！能住在海邊並收穫它的大自然餽贈，是一份禮物。可以的話我也會去釣釣魚。
0x040A,Tseramed,Tseramed,,0x109f,0,1,False,你會不會好奇海裡藏著什麼謎團？」
0x040A,Tseramed,Tseramed,,0x10d0,0,1,False,「我也很好奇。但我對那些在海上航行的人的所作所為比較熟悉。我見過海盜在北海岸登陸。」
0x040A,Tseramed,Tseramed,,0x1156,0,1,False,「或許你不想我一樣喜歡海……」
0x040A,Tseramed,Tseramed,,0x1184,0,1,False,「或許他們登陸是為了把戰利品藏在森林裡。我從來沒有跟蹤過他們。」
0x040A,Tseramed,Tseramed,,0x11e5,0,1,False,「從海岸延伸過來，隱約可見一條狹窄的山脊。那些群山的峭壁危險而陡峭。那裡的洞穴充滿了危險，對於不小心的人來說就是死亡。」
0x040A,Tseramed,Tseramed,,0x129a,0,1,False,「貪婪者的死亡。任何偷竊洞穴居民的人的死亡。」
0x040A,Tseramed,Tseramed,,0x12e0,0,1,False,「是的。比如那些會吞噬不小心的人，把骨頭啃得一乾二淨的生物。森林裡有鳥身女妖，沼澤邊緣有史萊姆，洞穴裡有蜜蜂。
0x040A,Tseramed,Tseramed,,0x1386,0,1,False,「森林裡也有很好的獵物：狐狸之類的。」
0x040A,Tseramed,Tseramed,,0x13d7,0,1,False,「鳥身女妖！準備戰鬥！我們立刻殺了牠們！」
0x040A,Tseramed,Tseramed,,0x1417,0,1,False,「一種畸形的飛行怪物。你不會想遇到牠們的。」
0x040A,Tseramed,Tseramed,,0x145a,0,1,False,「一種危險的生物，呈現綠色的史萊姆。觸摸起來有酸性，牠會從三步之外向獵物投擲偽足。
0x040A,Tseramed,Tseramed,,0x14d6,0,1,False,「牠從不睡覺，沒有思想，主要由有毒物質組成。牠會貪婪地吞噬不幸的動物。」
0x040A,Tseramed,Tseramed,,0x1543,0,1,False,「用火攻擊它！史萊姆對火毫無防禦能力。」
0x040A,Tseramed,Tseramed,,0x15b0_0x160b,0,1,True,"「狐狸很狡猾，而且怕人。我們永遠無法像牠們那樣屬於這片森林。<VAR>"""
0x040A,Tseramed,Tseramed,,0x160d,0,1,False,「像這種蜜蜂可以用我特殊的箭來馴服！」
0x040A,Tseramed,Tseramed,,0x164b,0,1,False,「你從未見過這種蜜蜂！牠們大得像狼，翅膀展開超過一跨長。
0x040A,Tseramed,Tseramed,,0x16a0,0,1,False,被牠們螫到的生物會陷入一種深沉、死亡般的睡眠中。」
0x040A,Tseramed,Tseramed,,0x16ec,0,1,False,「我已經獵殺過牠們很多次了，因為我把牠們的毒液用在我的箭上。而且我喜歡牠們的蜂蜜。也許我們可以一起去洞穴裡弄點？」
0x040A,Tseramed,Tseramed,,0x179f,0,1,False,「我用巨蜂的毒刺製作箭。用它們可以讓敵人入睡。」
0x040A,Tseramed,Tseramed,,0x12,0,1,True,<VAR>
0x040A,Tseramed,Tseramed,,0x185f_0x18b7_0x552,0,1,True,「小心使用，因為即使是擦傷也可能讓人入睡！」他說著，遞給你<VAR> 支箭<VAR>.
0x040A,Tseramed,Tseramed,,0x18bf,0,1,False,「或許等你身上東西少一點的時候我再給你。」
0x040A,Tseramed,Tseramed,,0x18ff_0xd6,0,1,True,「很好，<HONORIFIC>。」
0x040A,Tseramed,Tseramed,,0x190c_0xd6,0,1,True,「我很榮幸，<HONORIFIC>。」
0x040A,Tseramed,Tseramed,,0x191f_0x192c,0,1,True,「看來，<HONORIFIC>，你已經有足夠多的旅行同伴了。」
0x040A,Tseramed,Tseramed,,0x1964,0,1,False,「你是想讓我在這裡等，還是想讓我回家？」
0x040A,Tseramed,Tseramed,,0x19b5,0,1,False,「很好！我會等你的！」
0x040A,Tseramed,Tseramed,,0x18ff_0x19d8,0,1,True,「很好，<HONORIFIC>。祝你好運。」
0x040A,Tseramed,Tseramed,,0x19ef,0,1,False,「說到洞穴和群山，有些人住在蜜蜂洞穴附近，或者可能就在裡面。他們是隱士。」
0x040A,Tseramed,Tseramed,,0x1a5f,0,1,False,「有一天我在打獵時，瞥見一男一女在洞穴深處。從那之後我又見過他們兩次。我相信他們是 Yew 的前居民，雖然我不知道他們是如何與蜜蜂和平相處的。」
0x040A,Tseramed,Tseramed,,0x1b2e,0,1,False,「這就是我看到的人！」
0x040A,Tseramed,Tseramed,,0x1b50,0,1,False,「這些人就是我之前說過的隱士。」
0x040A,Tseramed,Tseramed,,0x1b81,0,1,False,「或許那些隱士還住在洞穴裡。」
0x040A,Tseramed,Tseramed,,0x1baf,0,1,False,「這讓我想起了一個故事。你想聽嗎？」
0x040A,Tseramed,Tseramed,,0x1be6,0,1,False,「有一天，當我沿著沼澤邊緣散步時，我偶然看到了一個奇怪的景象。一隻狐狸被困在沼澤中央的一個小土丘上，土丘周圍都是蠕動的綠色史萊姆。
0x040A,Tseramed,Tseramed,,0x1caa,0,1,False,史萊姆慢慢地向狐狸爬去，突然狐狸直接從軟泥表面跑了過去！
0x040A,Tseramed,Tseramed,,0x1cff,0,1,False,狐狸毫髮無傷地衝進了樹林，把蠕動的史萊姆拋在後頭。由此我猜測，史萊姆的受害者是那些在睡夢中，或是毫無防備的人。」
0x040A,Tseramed,Tseramed,,0x1da8,0,1,False,「也許下次吧。」
0x040A,Tseramed,Tseramed,,0x1dc1_0x1dd1,0,1,True,「請原諒，<HONORIFIC>，但你的容貌讓我想起我曾經看過的一座雕像。那是被稱為聖者的古代英雄的雕像。
0x040A,Tseramed,Tseramed,,0x1e41,0,1,False,你難道不就是那位高尚的靈魂嗎？」
0x040A,Tseramed,Tseramed,,0x1ed7_0x160b,0,1,True,"「高貴的英雄，很榮幸能認識你。<VAR>"""
0x040A,Tseramed,Tseramed,,0x1f05,0,1,False,「我一定是認錯人了。再會。」
0x040A,Tseramed,Tseramed,,0x1f30_0x1f33,0,1,True,"""^<HONORIFIC>，如果你願意，我很榮幸能與你同行。我精通武器，也能為你提供我的知識和叢林技能……」"
0x040A,Tseramed,Tseramed,,0x1faf_0x1fbf,0,1,True,"「下次見，<HONORIFIC>."""
0x040B,Petre,Petre,,0x23_0x61,0,1,True,這位農夫看著你，像大白天撞見鬼。「Iolo！這<VAR>就這樣憑空冒出來！救命啊！」
0x040B,Petre,Petre,,0x8d,0,1,False,你看到一個慌得六神無主的農夫。「你……真的是聖者嗎？」
0x040B,Petre,Petre,,0xdf_0x104,0,1,True,Petre 趕緊向你低頭行禮。「<HONORIFIC>。」
0x040B,Petre,Petre,,0x10b,0,1,False,Petre 一臉困惑。「這種時候別拿我開玩笑！」他轉身走開。
0x040B,Petre,Petre,,0x15b_0x16b,0,1,True,「怎麼了，<HONORIFIC>？」Petre 問道。
0x040B,Petre,Petre,,0x1a4,0,1,False,「你先去馬廄看！裡面真的太可怕了！我可以回答你的問題，但你先去看！」
0x040B,Petre,Petre,,0x20c,0,1,False,「我叫 Petre，」那男人吸了吸鼻子。
0x040B,Petre,Petre,,0x23d,0,1,False,「我管這間馬廄。」
0x040B,Petre,Petre,,0x260,0,1,False,「我在這裡做很多年了。你有需要的話，我可以賣你一隊好馬，連馬車一起。那車就在北門外的小棚子裡。」
0x040B,Petre,Petre,,0x2f1,0,2,False,「現在那地方，我光想到就起雞皮疙瘩！」
0x040B,Petre,Petre,,0x2f1,1,2,False,他的眼裡滿是恐懼。
0x040B,Petre,Petre,,0x348,0,1,False,「你離開 Trinsic 整整一天後，市長才叫我去那裡清理。他說要保留現場。唉，你問我喔，裡面還是臭得像世界末日一樣！」
0x040B,Petre,Petre,,0x3f2,0,1,False,「今天早上，是我發現可憐的 Christopher 和 Inamo。我真的什麼都沒碰。光想到就想吐，真的！」
0x040B,Petre,Petre,,0x481,0,1,False,「他是個好人。平常會幫我的馬釘馬蹄鐵。」
0x040B,Petre,Petre,,0x4be,0,1,False,「他領沒多少錢，平常就在馬廄跟酒館打雜。我讓他睡後面的小房間。他真的是算倒楣，不對的時間地點，他偏偏在那邊，就沒了。」
0x040B,Petre,Petre,,0x570,0,1,False,「一匹馬加一台馬車，總共 60 枚金幣。你要買所有權狀嗎？」
0x040B,Petre,Petre,,0x5c3,0,1,False,「好，成交。能做點小生意，至少讓我暫時別一直想馬廄裡的那一幕。」
0x040B,Petre,Petre,,0x624,0,1,False,「哎呀，東西拿太多了，你的權狀放不下！」
0x040B,Petre,Petre,,0x661,0,1,False,「呃，你身上的錢不夠買權狀。」
0x040B,Petre,Petre,,0x68f,0,1,False,「那就下次再說吧。」
0x040B,Petre,Petre,,0x6ae,0,3,False,「那些腳印通到後門，對吧？一定是兇手留下的！」
0x040B,Petre,Petre,,0x6ae,1,3,False,他的眼睛瞪得更大。
0x040B,Petre,Petre,,0x6ae,2,3,False,「應該不只一個人。」
0x040B,Petre,Petre,,0x731,0,1,False,「我是沒想加入，不過他們人看起來還不錯。」
0x040B,Petre,Petre,,0x771,0,1,False,「我不太熟，沒什麼往來。」
0x040B,Petre,Petre,,0x799,0,1,False,「那是 Christopher 的兒子。好孩子。」
0x040B,Petre,Petre,,0x7cb,0,2,False,Petre 揉了揉男孩的頭髮。
0x040B,Petre,Petre,,0x7cb,1,2,False,「這孩子是 Christopher 的兒子。Spark 算好孩子啦，叫他別再從一些店家那裡順手牽羊。」
0x040B,Petre,Petre,,0x862,0,1,False,「保重，」那男人吸了吸鼻子。
0x040C,Finnigan,Finnigan,,0x0,0,1,False,「你仔細搜查過馬廄了嗎？」
0x040C,Finnigan,Finnigan,,0x28,0,1,False,「你發現了什麼？」
0x040C,Finnigan,Finnigan,,0x7b,0,1,False,「嗯，一把鑰匙。或許如果你去問問克里斯多福的兒子，他可能知道那是做什麼用的。」
0x040C,Finnigan,Finnigan,,0xf1,0,1,False,「去問斯帕克。他可能知道些什麼。」
0x040C,Finnigan,Finnigan,,0x125,0,1,False,「我知道有屍體！你『還』發現了什麼？你應該再仔細找找，聖者！」
0x040C,Finnigan,Finnigan,,0x183,0,1,False,「是的，顯然裡面裝滿了可憐的克里斯多福的血。但肯定還有其他東西能為我們指出兇手的方向——你應該再仔細找找，聖者。」
0x040C,Finnigan,Finnigan,,0x22f,0,1,False,「你應該再仔細找找，『聖者』！」
0x040C,Finnigan,Finnigan,,0x260,0,1,False,「好吧，去搜查，然後再來跟我說！」
0x040C,Finnigan,Finnigan,,0x294,0,1,False,「嗯。你重新考慮我提議調查這起謀殺案的事了嗎？」
0x040C,Finnigan,Finnigan,,0x2dd,0,1,False,「太好了。看來你畢竟真的是聖者！」
0x040C,Finnigan,Finnigan,,0x311,0,1,False,「那就讓我們的人自己去解決吧。」
0x040C,Finnigan,Iolo,,0x342,0,1,False,「聖者！我對你感到羞愧！你應該重新考慮！」
0x040C,Finnigan,Finnigan,,0x382,0,1,False,你看到一位中年的貴族。
0x040C,Finnigan,Finnigan,,0x3a4,0,1,False,「Iolo！這個陌生人是誰？」
0x040C,Finnigan,Iolo,,0x3ca_0x465,0,1,True,「哎呀，這位是聖者！」 Iolo 自豪地宣布。「你敢相信嗎？請容我為你介紹？這位是 Trinsic 的鎮長 Finnigan。而這位是 <PLAYER_NAME>，聖者！
0x040C,Finnigan,Iolo,,0x472,0,1,False,「我真的沒料到他會出現！」
0x040C,Finnigan,Iolo,,0x472,0,1,False,「我真的沒料到他會出現！」
0x040C,Finnigan,Finnigan,,0x49a,0,1,False,鎮長上下打量著你，不確定是否該相信Iolo。他用懷疑的眼神看著Iolo。
0x040C,Finnigan,Iolo,,0x4f7,0,1,False,「我向你發誓，這真的是聖者！」
0x040C,Finnigan,Finnigan,,0x525,0,1,False,「我聽說你是聖者。我不確定我是否相信。
0x040C,Finnigan,Finnigan,,0x55f,0,1,False,鎮長再次看著你，彷彿在研究你臉上的每一個毛孔。最後，他笑了。
0x040C,Finnigan,Finnigan,,0x5ba,0,1,False,「歡迎，聖者。」
0x040C,Finnigan,Finnigan,,0x5d3,0,1,False,但就在突然間，Finnigan 的臉色變得嚴厲。
0x040C,Finnigan,Finnigan,,0x60a,0,1,False,「發生了一起可怕的謀殺案。如果你真的是聖者，或許你能幫我們解決它。如果你能接手處理這件事，我會感到安心得多。如果你能找出兇手的名字，你將會獲得豐厚的報酬。你接受嗎？」
0x040C,Finnigan,Finnigan,,0x704,0,1,False,「Petre 知道一些關於這件事的事情。」
0x040C,Finnigan,Petre,,0x738,0,1,False,那名農夫插嘴道。「我今天清晨發現了可憐的 Christopher 和石像鬼 Inamo。」
0x040C,Finnigan,Finnigan,,0x79a,0,1,False,「馬廄管理員 Petre，在今天清晨發現了可憐的 Christopher 和 Inamo。」
0x040C,Finnigan,Finnigan,,0x7f3,0,1,False,鎮長繼續說道。「你搜查過馬廄了嗎？」
0x040C,Finnigan,Finnigan,,0x82a,0,1,False,「好吧，那你就不可能是真正的聖者！」
0x040C,Finnigan,Finnigan,,0x861,0,1,False,「什麼事，聖者？」 Finnigan 問道。
0x040C,Finnigan,Finnigan,,0x8df,0,1,False,「我的名字是 Finnigan。」
0x040C,Finnigan,Finnigan,,0x901,0,1,False,「我是 Trinsic 的鎮長，自從我三年前來到這裡就一直是。」
0x040C,Finnigan,Finnigan,,0x9b4_0xa13,0,1,True,「 Trinsic 曾經是榮譽之城。我想現在依然是。我們的榮譽符文很多年前 <VAR>我相信它現在被保存在不列顛城的皇家博物館中，然而城鎮中心仍留著空蕩蕩的基座。我覺得這象徵著這個城鎮本身。它是相當空虛的——沒有人氣，沒有生氣，也沒有榮譽。真的很悲哀。」
0x040C,Finnigan,Finnigan,,0xb10,0,1,False,「然後當然還有這起謀殺案。我們暫時關閉了城門，需要口令才能進出。」
0x040C,Finnigan,Finnigan,,0xb74_0xb81,0,1,True,「當然，<PLAYER_NAME>。這是你的金幣。」
0x040C,Finnigan,Finnigan,,0xb9d_0xbb6,0,1,True,「喔，我很抱歉，<PLAYER_NAME>。你現在還拿不動這麼多。你必須晚點再來找我。」
0x040C,Finnigan,Finnigan,,0xbfc,0,1,False,「給你。」
0x040C,Finnigan,Finnigan,,0xc0c,0,1,False,「Trinsic 以前從未發生過這樣的犯罪。我不敢相信這種事會發生在 Christopher 和 Inamo 身上。拜託——去城鎮裡調查吧！如果你能向我報告你的進展，我會非常感激。務必向鎮上的每個人詢問關於謀殺案的事。在和 Christopher 的兒子談過之後，你可能接著會想去和 Gilberto 談談，他是昨晚在碼頭值班的守衛。」
0x040C,Finnigan,Finnigan,,0xd9f,0,1,False,鎮長猶豫了一下，然後湊近小聲說道。
0x040C,Finnigan,Finnigan,,0xdd3,0,1,False,「事實上，我以前見過類似的情況。大約是四年前，在不列顛城。」
0x040C,Finnigan,Finnigan,,0xe56,0,1,False,「我希望你的謀殺案調查有所進展。」
0x040C,Finnigan,Finnigan,,0xe8a,0,1,False,「那是在我來到 Trinsic 之前的事了。曾經發生過一起有著驚人相似之處的謀殺案。發現了一具被肢解的屍體，就像可憐的 Christopher 一樣。那看起來像是一場儀式性的殺戮。我敢打賭，當年那起謀殺案的凶手就是這次事件的幕後黑手。」
0x040C,Finnigan,Finnigan,,0xfc8,0,1,False,「Christopher 的兒子名叫 Spark。他們的房子在城鎮的西北區。」
0x040C,Finnigan,Finnigan,,0x101a,0,1,False,「他今天清晨從背後遭到襲擊，被打得失去了知覺。早班守衛 Johnson 發現他不省人事。他目前正在鎮上西側治療師 Chantu 的房子裡休養。」
0x040C,Finnigan,Finnigan,,0x10e0,0,1,False,「他是我們鎮上的治療師。他在這裡已經很多年了。是個好人。」
0x040C,Finnigan,Finnigan,,0x1138,0,1,False,「我對你的報告很滿意。請繼續你的調查，聖者。」
0x040C,Finnigan,Finnigan,,0x117e,0,1,False,「你準備好回答一些關於調查的問題了嗎？」
0x040C,Finnigan,Finnigan,,0x11bb,0,1,False,「喔。那麼，繼續你的調查吧。」
0x040C,Finnigan,Finnigan,,0x11e9,0,1,False,「我們可以繼續你的報告了嗎？」
0x040C,Finnigan,Finnigan,,0x11bb,0,1,False,「喔。那麼，繼續你的調查吧。」
0x040C,Finnigan,Finnigan,,0x1217,0,1,False,「哎呀，他們是一個非常有幫助的團體。他們的分會就在我辦公室的東邊。是一群非常樂觀的人。」
0x040C,Finnigan,Finnigan,,0x129c,0,1,False,「他是友誼會的分會長。是個善良的人。」
0x040C,Finnigan,Finnigan,,0x12d6,0,1,False,「他現在可能在碼頭。」
0x040C,Finnigan,Finnigan,,0x12f8,0,1,False,「Christopher 是當地的鐵匠。他和他兒子住在一起，或者該說『曾經』住在一起，在城鎮西北部。鐵匠鋪在西南角。克里斯多福絕對不是個有錢人——他勉強能養活自己和兒子。但他肯定很享受他的工作。」
0x040C,Finnigan,Finnigan,,0x1407,0,1,False,「據我所知，石像鬼 Inamo 睡在馬廄裡。我相信他幾個月前才從 Terfin 移居到這裡。看來他只是一個遭到暴力襲擊的無辜受害者。」
0x040C,Finnigan,Finnigan,,0x14b3,0,1,False,「喔，你現在想要口令嗎？」
0x040C,Finnigan,Finnigan,,0x14db,0,1,False,「太好了！我現在毫不懷疑你就是那位真正的聖者！」
0x040C,Finnigan,Finnigan,,0x1524,0,1,False,「喔——我差點忘了！離開或進入城鎮的口令是『Blackbird』！」
0x040C,Finnigan,Finnigan,,0x1579,0,1,False,「嗯。恐怕我還是對你是否為聖者感到懷疑。我的公職不允許我把口令給你。我很抱歉。」
0x040C,Finnigan,Finnigan,,0x15f2,0,1,False,鎮長聳了聳肩，看著你彷彿你瘋了一樣。
0x040C,Finnigan,Finnigan,,0x162a,0,1,False,「當你向我報告調查進度時，我就會把口令給你。」
0x040C,Finnigan,Finnigan,,0x1670,0,1,False,鎮長向你點了點頭，然後繼續忙他的事。
0x040D,Gilberto,Gilberto,,0x40,0,1,False,你看到一個脾氣暴躁的傢伙，頭上綁著血跡斑斑的繃帶。
0x040D,Gilberto,Gilberto,,0x8c,0,1,False,「你還需要什麼嗎？」 Gilberto 問道。你注意到他的傷口癒合得很好。
0x040D,Gilberto,Gilberto,,0xe8,0,1,False,「我是 Gilberto。」
0x040D,Gilberto,Gilberto,,0x101,0,1,False,「我負責碼頭大門的夜班守衛。」
0x040D,Gilberto,Gilberto,,0x12f,0,1,False,「這肯定是在我被擊昏前不久發生的。」
0x040D,Gilberto,Gilberto,,0x16d,0,2,False,「那大約是日出的時候。我正望向大海。突然間，我感覺後腦勺挨了一記重擊。」
0x040D,Gilberto,Gilberto,,0x16d,1,2,False, 他痛苦地皺了皺眉。
0x040D,Gilberto,Gilberto,,0x206,0,2,False,Gilberto 看起來還有點搖晃，但他的手勢表示他不需要你的幫助。
0x040D,Gilberto,Gilberto,,0x206,1,2,False,「我的腦袋還在嗡嗡作響，但我馬上就會好的。」
0x040D,Gilberto,Gilberto,,0x29e,0,1,False,「接下來我知道的就是，我已經倒在地上了。負責下一班守衛的 Johnson 正在搖醒我。我大約昏迷了十分鐘。我知道這點是因為太陽才剛探出地平線。而且『皇冠寶石號 (The Crown Jewel)』已經出航了！」
0x040D,Gilberto,Gilberto,,0x3ce,0,1,False,「我忘了說嗎？那是一艘整晚停靠在這裡的船。我相信它正準備駛往不列顛城。你可以去問造船匠 Gargan 以確認這件事。總之，我沒看到襲擊我的人...」 守衛抱怨道。
0x040D,Gilberto,Gilberto,,0x4bb,0,1,False,「嗯。我懷疑他們是不是跳上了那艘船！他們現在可能已經一路到了不列顛城了！」
0x040D,Gilberto,Gilberto,,0x52b,0,1,False,「他是個好人，但你可能不會想站得離他太近。你可能會被傳染什麼的。」
0x040D,Gilberto,Gilberto,,0x58f,0,1,False,「如果你想要一艘船，你必須從造船匠那裡得到地契。你還必須有離開城鎮的口令。」
0x040D,Gilberto,Gilberto,,0x602,0,1,False,「是什麼呢？」
0x040D,Gilberto,Gilberto,,0x655,0,1,False,「好吧。你可以通過。」
0x040D,Gilberto,Gilberto,,0x677,0,1,False,「你不能通過。」
0x040D,Gilberto,Gilberto,,0x690,0,1,False,「你不知道口令。鎮長可以告訴你正確的口令。」
0x040D,Gilberto,Gilberto,,0x6d3,0,1,False,「他負責碼頭的早班守衛。」
0x040D,Gilberto,Gilberto,,0x6fb,0,2,False,他聳聳肩。
0x040D,Gilberto,Gilberto,,0x6fb,1,2,False,「你問錯人了。我想他們應該沒什麼問題。我從來沒和他們有過什麼麻煩。」
0x040D,Gilberto,Gilberto,,0x773,0,2,False,守衛想了一會兒。
0x040D,Gilberto,Gilberto,,0x773,1,2,False,「不...我不能說我看到了一個帶著鉤子的男人。」
0x040D,Gilberto,Gilberto,,0x7d0,0,1,False,「我和他沒有太多交集。」
0x040D,Gilberto,Gilberto,,0x7f5,0,1,False,「再見。小心背後。」
0x040E,Johnson,Johnson,,0x0,0,1,False,「友誼會的會議結束後，我會和你談談。」
0x040E,Johnson,Johnson,,0x3a,0,1,False,「我得趕去參加友誼會的會議！我遲到了！我們明天再談，好嗎？」
0x040E,Johnson,Johnson,,0xee,0,1,False,你看到一位警覺、一絲不苟的衛兵。 
0x040E,Johnson,Johnson,,0x120,0,1,False,「那是什麼事？」 Johnson 語氣嚴厲地問道。 
0x040E,Johnson,Johnson,,0x15b,0,1,False,「Johnson.」
0x040E,Johnson,Johnson,,0x16a,0,1,False,「我負責守衛碼頭的早班。我會檢查每一艘進出的船。」
0x040E,Johnson,Johnson,,0x1bd,0,1,False,「我確實聽說了這件事。日出時分我到達崗位時，發現 Gilberto 倒在地上。如果你是問我是否看到了什麼——我沒有。自從我到達碼頭以來，沒有人從我身邊經過。」
0x040E,Johnson,Johnson,,0x297,0,1,False,「那艘船在日出後不久就離開了。我相信它是航行到不列顛去了。你可以去問船匠 Gargan。」
0x040E,Johnson,Johnson,,0x311,0,1,False,「是的，我是會員。你想加入嗎？」
0x040E,Johnson,Johnson,,0x342,0,1,False,「那你就應該去不列顛城找巴特林。」
0x040E,Johnson,Johnson,,0x376,0,1,False,「那是你的損失。」
0x040E,Johnson,Johnson,,0x392,0,1,False,「好人。他是我們 Trinsic 分會的領導人。」
0x040E,Johnson,Johnson,,0x3cc,0,1,False,「如果你想要一艘船，你必須從船匠那裡拿到一張船契。你還必須有離開城鎮的口令。」
0x040E,Johnson,Johnson,,0x449,0,1,False,「口令是什麼？」
0x040E,Johnson,Johnson,,0x499,0,1,False,「很好，你可以通過了。」
0x040E,Johnson,Johnson,,0x4be,0,1,False,「你不能通過。」
0x040E,Johnson,Johnson,,0x4d7,0,1,False,「你不知道口令。很抱歉。鎮長可以給你正確的口令。」
0x040E,Johnson,Johnson,,0x523,0,1,False,「一個裝著鉤子的男人？ 不，我從昨晚到早上都沒看到任何人。」
0x040E,Johnson,Johnson,,0x57c,0,1,False,「你可以從船匠 Gargan 那裡買到。」
0x040E,Johnson,Johnson,,0x5ac,0,1,False,「再會」
0x040F,Eiko,Eiko,,0x0,0,1,False,你看到一位非常有魅力的東方女子。她全副武裝。
0x040F,Eiko,Eiko,,0x43,0,1,False,「你想再跟我說話嗎？」 Eiko 問道。
0x040F,Eiko,Eiko,,0x93,0,1,False,「我的名字是 Eiko 。」
0x040F,Eiko,Eiko,,0xb2,0,1,False,「我沒有職業。我有一個任務。我的任務是和我的同父異母妹妹 Amanda 一起進行的。」
0x040F,Eiko,Eiko,,0x12b,0,1,False,「既然我們的任務結束了，我們現在要離開這個地城了。」
0x040F,Eiko,Eiko,,0x181,0,1,False,「十八年前，我的父親被一個名叫 Iskander Ironheart 的獨眼巨人謀殺了。我的同父異母妹妹 Amanda 和我是他僅存的親人，我們發誓要為他報仇。」
0x040F,Eiko,Eiko,,0x24d,0,1,False,「我們的父親是一位名叫 Kalideth 的法師。他致力於尋找引起以太波動的原因，這些波動在過去二十多年裡一直阻礙著魔法的運作，以及自那時起折磨著所有法師的瘋狂。」
0x040F,Eiko,Amanda,,0x330,0,1,False,「我們的父親是個明智又善良的人。他的死對整個不列顛尼亞來說都是損失。」她抽泣著。
0x040F,Eiko,Amanda,,0x3a9,0,1,False,「殺他的兇手該死。」
0x040F,Eiko,Eiko,,0x3c8,0,1,False,「在我們父親去世之前，我們兩人都不知道對方的存在。」
0x040F,Eiko,Amanda,,0x417,0,1,False,「我總覺得我在某個地方有個妹妹。但我把這種感覺歸咎於一個孩子失去父親後感到的自然孤獨。自從父親死後，了解彼此是發生在我身上唯一的好事。」
0x040F,Eiko,Eiko,,0x4e4,0,1,False,「是的，我知道我發音不正確。我了解他有一個更像人類的綽號，那實際上是從古代獨眼巨人語言翻譯過來的。但我不知道那是什麼。」
0x040F,Eiko,Eiko,,0x599,0,1,False,你向 Eiko 解釋了你所了解到的事。 Kalideth 在和 Iskander 戰鬥時已經瘋了，而造成魔法和法師心智問題的根源才是真正殺死 Kalideth 的東西！
0x040F,Eiko,Eiko,,0x64e,0,1,False,「那麼，如果你已經發現了殺死我父親的真正力量，我對 Kalideth 的復仇就是不公正的了。」
0x040F,Eiko,Amanda,,0x6c8,0,1,False,「你怎麼能這麼說？我以為你是我妹妹？你是個叛徒！」
0x040F,Eiko,Eiko,,0x714,0,1,False,「再會。」
0x0410,Klog,Klog,,0x62,0,1,False,這個男人散發著友善和親切的氣息。「啊，聖者！我一眼就認出你了！消息在鎮上傳得很快。我已經聽說你在這裡了。」
0x0410,Klog,Klog,,0x102_0x115,0,1,True,「再次你好，<PLAYER_NAME>～」 Klog 問道。「我能為你做什麼嗎？」
0x0410,Klog,Klog,,0x14c,0,1,False,「我叫 Klog。」
0x0410,Klog,Klog,,0x161,0,1,False,「我是 Trinsic 友誼會分會的領袖。我和我的妻子 Ellen 一起在這裡工作。」
0x0410,Klog,Klog,,0x1d3,0,1,False,方塊震動著。「 Hook 幹得非常出色，不是嗎？太可惜了我錯過了。為了顧及顏面和製造不在場證明，我必須待在家裡。」
0x0410,Klog,Klog,,0x273,0,1,False,「嗯...」 男人若有所思地說，「我整晚都在家，我的妻子 Ellen 可以證明這一點。但是，正如我們在友誼會中所說，『價值先行於報償』。Christopher 一定是做了什麼壞事。而可憐的石像鬼 Inamo！這真是個遺憾。」
0x0410,Klog,Klog,,0x39c,0,1,False,「友誼會每天晚上九點在 Trinsic 的分會辦公室聚會。歡迎你來參加。」
0x0410,Klog,Klog,,0x401,0,1,False,「哎呀，你現在應該對我們這個小家庭瞭若指掌了吧！」
0x0410,Klog,Klog,,0x44d,0,1,False,「她是我的妻子，也是我們分會的簿記員。」
0x0410,Klog,Klog,,0x48a,0,1,False,「Christopher 曾有一段時間是友誼會的重要成員。不幸的是，我們上週發生了一點小爭執。」
0x0410,Klog,Klog,,0x503,0,1,False,「我不認識那個石像鬼。聽起來他好像在錯誤的時間出現在錯誤的地點。這真是個遺憾。」
0x0410,Klog,Klog,,0x57c,0,1,False,「上週 Christopher 表示他想離開友誼會！你能想像嗎？嗯，我們只是試圖與他交談並改變他的決定。這個人竟然毫無理由地用言語攻擊我和我的同伴！」
0x0410,Klog,Klog,,0x64b,0,1,False,「不列顛城的巴特林很樂意為你進行我們的測驗。你一定要參加。誰知道呢？你可能會發現自己內心有什麼需要改進的地方。」
0x0410,Klog,Klog,,0x6f4,0,1,False,「他們已經去了不列顛城的友誼會總部。他們來這裡是為了運送友誼會的資金。他們的名字是 Elizabeth 和 Abraham。」
0x0410,Klog,Klog,,0x78c,0,1,False,方塊震動著。「那是交付黑月之門 (Black Gate) 底座計畫的報酬。」
0x0410,Klog,Klog,,0x7fd,0,1,False,「我不知道你在說什麼。」
0x0410,Klog,Klog,,0x822,0,1,False,「我只知道它正建在聖者之島 (Isle of the Avatar) 上。」
0x0410,Klog,Klog,,0x869,0,1,False,「Christopher 表達了離開友誼會的意願。也許他把它收起來安全保管了。」
0x0410,Klog,Klog,,0x8ca,0,1,False,方塊震動著。「 Christopher 在展現他的價值之前就得到了報酬。他背棄了交付底座計畫的承諾。這只是一個警告。」
0x0410,Klog,Klog,,0x962,0,1,False,「我對此一無所知。」
0x0410,Klog,Klog,,0x981,0,1,False,方塊震動著。「那是 Hook 的船。」
0x0410,Klog,Klog,,0x9af,0,1,False,「我不知道那艘船。」
0x0410,Klog,Klog,,0x9ce,0,1,False,方塊震動著。「他就是被指派去殺死 Christopher 的人。我不知道他現在在哪裡。」
0x0410,Klog,Klog,,0xa39,0,1,False,「恐怕我不認識符合這個描述的人。」
0x0410,Klog,Klog,,0xa6d_0xa98,0,1,True,「如果還有什麼我可以幫忙的，<PLAYER_NAME>，請告訴我。」
0x0411,Chantu,Chantu,,0x32,0,1,False,你看到一個神情嚴肅的人，身穿醫者的長袍。
0x0411,Chantu,Chantu,,0x6f,0,1,False,「你好～我們再次見面了」 Chantu 說。「有什麼我可以幫你的嗎？」
0x0411,Chantu,Chantu,,0xc9,0,1,False,「我的名字是 Chantu 」，他微微鞠躬說。
0x0411,Chantu,Chantu,,0xff,0,1,False,「我是 Trinsic 的醫者。我可以為你的任何一位朋友，或者你自己施展治療、解毒或復活術。」
0x0411,Chantu,Chantu,,0x17b,0,1,False,「'對不列顛尼亞來說，發生這樣的事情實在令人悲哀。 Christopher 是個好人。我希望兇手能被繩之以法。」
0x0411,Chantu,Chantu,,0x208,0,1,False,醫者皺起眉頭。「友誼會不欣賞醫者在不列顛尼亞所做的努力。雖然他們做了令人欽佩的事情，但友誼會在評估對醫者的需求時，目光短淺。他們相信我們的工作可以透過所謂的『內在力量的三位一體(Triad of Inner Strength)』來完成。」
0x0411,Chantu,Chantu,,0x33c,0,1,False,Chantu 注意到你的徽章，眼睛睜大了。
0x0411,Chantu,Chantu,,0x36e_0x37c,0,1,True,"「抱歉， <HONORIFIC>, 我不是故意的.」"
0x0411,Chantu,Chantu,,0x395,0,1,False,醫者聳聳肩。「他...只是在盡他認為『對的』職責。而我也一樣。」
0x0411,Chantu,Chantu,,0x3f0,0,1,False,「再會。」
0x0412,Dell,Dell,,0x7,0,1,False,Dell 對你在友誼會會議期間打擾他皺起了眉頭。
0x0412,Dell,Dell,,0x47,0,1,False,「我沒有時間和你說話！我必須趕去參加友誼會的會議！明天再來我的店裡吧！」
0x0412,Dell,Dell,,0xd0,0,1,False,你看到一位嚴厲的店主，他以前可能是一名強壯的戰士。
0x0412,Dell,Dell,,0x11c,0,1,False,「既然進了我的店，你最好買點什麼。」
0x0412,Dell,Dell,,0x153,0,1,False,「請問我在和誰說話？」
0x0412,Dell,Dell,,0x175,0,1,False,「哼。我的名字是 Dell。」
0x0412,Dell,Dell,,0x199,0,2,False,「喔，你真的是嗎？我不知道有這麼多『聖者』！怎麼，上週才剛有一個『聖者』從這裡經過！他還騙了我 20 金幣！他是個騙術大師！」
0x0412,Dell,Dell,,0x199,1,2,False,Dell 上下打量著你。「聖者，確實！我不喜歡聖者。不過算了。我叫 Dell。你想要什麼？」
0x0412,Dell,Dell,,0x2c7,0,1,False,「有什麼我可以幫忙的嗎？」 Dell 問道。
0x0412,Dell,Dell,,0x2fe,0,1,False,「我的名字是 Dell。我不是已經說過了嗎？」
0x0412,Dell,Dell,,0x33a,0,1,False,Dell 看起來很不高興。「當我不為友誼會工作時，我賣武器、盔甲和補給品。」
0x0412,Dell,Dell,,0x3aa,0,1,False,「如果你不打算買任何東西，那就從我眼前消失！」
0x0412,Dell,Dell,,0x3fa,0,1,False,「除了街上的傳聞之外，我對此事一無所知，所以別問我。如果你不打算買任何東西，那你就是在浪費我的時間。走開。」
0x0412,Dell,Iolo,,0x49d,0,1,False,Iolo 對你低聲說：「真是個討人喜歡的傢伙，不是嗎？」
0x0412,Dell,Dell,,0x4ef_0x500,0,1,True,「沒問題， <HONORIFIC>。你想看看什麼類型的商品？」
0x0412,Dell,Dell,,0x553,0,1,False,「請在營業時間來我的店裡。」
0x0412,Dell,Dell,,0x57e,0,1,False,「哼。」
0x0412,Dell,Dell,,0x58b,0,1,False,「下次你進來的時候多花點錢。」
0x0413,Apollonia,Apollonia,,0x38,0,1,False,你看到一位三十多歲、性感迷人的女性。
0x0413,Apollonia,Apollonia,,0x6f,0,1,False,「又見面了！」 Apollonia 眼中閃爍著光芒說道。
0x0413,Apollonia,Apollonia,,0xec_0x119,0,1,True,「我的名字是 Apollonia，」 她說道<VAR>
0x0413,Apollonia,Apollonia,,0x11a,0,1,False,「哎呀，我經營著謙遜獵犬客棧，」 她嬌聲說道。
0x0413,Apollonia,Apollonia,,0x15e,0,1,False,「你想要一間客房嗎？還是你想吃點或喝點什麼？儘管說，我會盡量用我的美味佳餚來滿足你。」
0x0413,Apollonia,Apollonia,,0x1e0,0,1,False,你意識到她在跟你調情。
0x0413,Apollonia,Apollonia,,0x20b,0,1,False,「我很樂意在營業時間為你服務！」
0x0413,Apollonia,Apollonia,,0x24f,0,1,False,「在整個 Trinsic，我想不出有更好的地方能讓你安頓休息，或者品嚐美食來滿足你的胃口了。」
0x0413,Apollonia,Apollonia,,0x2cd,0,1,False,Apollonia 閉上眼睛搖了搖頭，好像剛咬了一口非常酸的檸檬。「喔。那真是太……可怕了！怎麼會有人做出這麼駭人聽聞的事？你在尋找線索嗎？我真心希望你能找到那個該負責的人。」
0x0413,Apollonia,Apollonia,,0x3c2,0,1,False,「我們供應最好的肉、魚和蛋糕。我們的招牌是『銀葉餐』。如果你想點些什麼，請告訴我！」
0x0413,Apollonia,Apollonia,,0x44b,0,1,False,「我可以為你提供蜂蜜酒、葡萄酒和麥酒。」
0x0413,Apollonia,Apollonia,,0x488,0,1,False,「我們的客房很便宜。每人每晚只要 6 枚金幣。需要一間客房嗎？」
0x0413,Apollonia,Apollonia,,0x4e3,0,1,False,「噢，親愛的。你帶了太多東西，拿不下房間鑰匙了。」
0x0413,Apollonia,Apollonia,,0x52f,0,1,False,「這是你的房間鑰匙。它只在你離開前有效。」
0x0413,Apollonia,Apollonia,,0x56f_0x58f,0,1,True,「你沒有足夠的金幣， <HONORIFIC>。」
0x0413,Apollonia,Apollonia,,0x596,0,1,False,「那就～改天吧。」
0x0413,Apollonia,Apollonia,,0x5b2,0,1,False,「嗯。真是美味！這是你吃過最棒的美食！絕對物超所值。」
0x0413,Apollonia,Apollonia,,0x604_0x631,0,1,True,Apollonia 臉紅著眨了眨眼。」噢， <PLAYER_NAME>! 我敢打賭你對所有酒吧女侍都是這麼說的！」
0x0413,Apollonia,Apollonia,,0x670,0,1,False,Apollonia 對你飛吻。「歡迎下次光臨！」
0x0413,Apollonia,Apollonia,,0x6a5,0,1,False,Apollonia 向你揮手。「歡迎下次光臨！」
0x0414,Markus,Markus,,0x1c,0,1,False,你看到一個看起來很強壯的守衛，他非常重視自己的工作。*（你覺得你應該跟他說什麼？）
0x0414,Markus,Markus,,0x96,0,1,False,"「是的？"" Markus 回答."
0x0414,Markus,Markus,,0xb3,0,1,False,「我是訓練家 Markus。」
0x0414,Markus,Markus,,0xd3,0,1,False,"「我是這裡的訓練家，""他粗聲粗氣地說。""如果你想提升你的戰鬥技巧，我可以幫助你。」"
0x0414,Markus,Markus,,0x15a,0,1,False,"「我聽說了，但我向你保證，我對細節一無所知。"" Markus 打了個哈欠。"
0x0414,Markus,Markus,,0x1b8,0,1,False,這位戰士聳了聳肩。「小鎮還不錯。」 他吸了吸鼻子。
0x0414,Markus,Markus,,0x202,0,1,False,「跟我訓練需要20金幣。太貴了，對吧？」
0x0414,Markus,Markus,,0x23b,0,1,False,Markus 打了個哈欠。「非常好！」
0x0414,Markus,Markus,,0x267,0,1,False,「請在正常的工作時間來我的店裡。」
0x0414,Markus,Markus,,0x29b,0,1,False,「再見！」這位戰士鞠了個躬。
0x0415,Gargan,Gargan,,0x49,0,1,False,你看到一位身上散發著菸草味的粗獷老水手。
0x0415,Gargan,Gargan,,0x86,0,1,False,「什麼事，夥計？」 Gargan 咳著嗽問道。
0x0415,Gargan,Gargan,,0xbc,0,1,False,「我叫 Gargan。」～他大聲地吸了吸鼻子。
0x0415,Gargan,Gargan,,0xf4,0,1,False,「我是 Trinsic 的船匠。如果你想知道關於船或六分儀的事，儘管問。」
0x0415,Gargan,Gargan,,0x152,0,1,False,Gargan 咳嗽了幾聲。
0x0415,Gargan,Gargan,,0x17d,0,2,False,「你想買艘船？」 這個老人笑著問。(顯然現在沒多少人買船了。)
0x0415,Gargan,Gargan,,0x17d,1,2,False,「我的船很堅固，建造精良。它們可能不是 Owen 造的，但絕對是好船！不過你必須先買一張船契。」
0x0415,Gargan,Gargan,,0x25a,0,1,False,Gargan 用袖子擦了擦流著鼻涕的鼻子。
0x0415,Gargan,Gargan,,0x298,0,1,False,「好吧，你得等店鋪營業的時候再來。」
0x0415,Gargan,Gargan,,0x2cf,0,2,False,「我賣的六分儀要 80 枚金幣。要一個嗎？」
0x0415,Gargan,Gargan,,0x2cf,1,2,False,Gargan 清了清嗓子。
0x0415,Gargan,Gargan,,0x324,0,1,False,「給你！」
0x0415,Gargan,Gargan,,0x334,0,1,False,「你雙手拿滿東西了，拿不動六分儀啦！」～Gargan 打了個噴嚏。
0x0415,Gargan,Gargan,,0x38a,0,1,False,「你沒有足夠的金幣，水手。」～ Gargan 打了個噴嚏。
0x0415,Gargan,Gargan,,0x3d2,0,1,False,「隨你便。」～ Gargan 打了個噴嚏。
0x0415,Gargan,Gargan,,0x402,0,1,False,「你沒聽說過 Owen 嗎？他是這片土地上最好的造船匠。他住在 Minoc。」～ Gargan 咳了嗽。
0x0415,Gargan,Gargan,,0x298,0,1,False,「好吧，你得等店鋪營業的時候再來。」
0x0415,Gargan,Gargan,,0x477,0,1,False,「我已經把『鱗鰻號 (The Scaly Eel)』的船契賣給你了！那是我唯一的一艘船！」
0x0415,Gargan,Gargan,,0x4df,0,1,False,Gargan 大聲咳嗽。
0x0415,Gargan,Gargan,,0x4f6,0,1,False,「我能賣給你的船契是『鱗鰻號 (The Scaly Eel)』的。賣 600 枚金幣。有興趣嗎？」
0x0415,Gargan,Gargan,,0x560,0,1,False,「那好吧！」這個水手回答。他遞給你船契並收下了你的金幣。～ Gargan 打了個噴嚏。
0x0415,Gargan,Gargan,,0x5d2_0x60f,0,1,True,「你帶的東西已經足夠讓一艘大帆船沉沒了，<HONORIFIC>！如果你願意放下一些東西，也許你就能航行了，到那時我會非常樂意把船契賣給你。」～ Gargan 打了個噴嚏。
0x0415,Gargan,Gargan,,0x6a2,0,1,False,「抱歉，夥計，」 Gargan 說：「你的金幣不夠！」～ Gargan 打了個噴嚏。
0x0415,Gargan,Gargan,,0x701,0,1,False,「那下次吧...」 水手失望地聳聳肩。～ Gargan 打了個噴嚏。
0x0415,Gargan,Gargan,,0x750,0,1,False,「我聽說了。真是件可怕的事。不過我不能說我看到或聽到了什麼。」～ Gargan 咳嗽了幾聲，大聲地清了清嗓子，然後吐了一口痰。
0x0415,Gargan,Spark,,0x7fe,0,1,False,「噢，好噁心！」
0x0415,Gargan,Gargan,,0x817,0,1,False,「是的，那艘船昨晚停泊在這裡。」他查看了他的日誌。「她在日出時開往不列顛城。我不記得有看到任何人上船或下船。」～ Gargan 哼了一聲，又咳嗽了幾下。
0x0415,Gargan,Gargan,,0x8ec,0,1,False,「夥計，我總是看到裝著木腿和鐵鉤的海盜跟水手。如果你看到一個，就跟看到另一個沒兩樣。」 但這個男人突然皺起眉頭。「嗯。既然你提到了，我『確實』在昨晚日落後看到一個裝著鐵鉤的男人。我正要離開商店時在外面看到了他。有一個沒有翅膀的石像鬼跟他在一起。他們正往東走。」
0x0415,Gargan,Gargan,,0xa71,0,1,False,Gargan 打了個噴嚏，然後咳嗽了幾下。
0x0415,Gargan,Spark,,0xaa3,0,1,False,「我告訴過你！就是他！」
0x0415,Gargan,Gargan,,0xac8,0,1,False,「我太老了，懶得去理會他們。」～ Gargan 用袖子擦了擦流鼻涕的鼻子。
0x0415,Gargan,Gargan,,0xb28,0,1,False,「祝你今天一帆風順！」水手剛開口，卻被一陣痙攣般的咳嗽給打斷了。
0x0416,Caroline,Caroline,,0x0,0,1,False,Caroline 要求你壓低聲音。友誼會的集會正在進行中。
0x0416,Caroline,Caroline,,0x47,0,1,False,「噢！我現在不能停下來跟你說話！我參加友誼會集會要遲到了！」
0x0416,Caroline,Caroline,,0xc2,0,1,False,你看到一位有著燦爛笑容的年輕女子。
0x0416,Caroline,Caroline,,0xf6,0,1,False,「又見面了！」 Caroline 開朗地說。
0x0416,Caroline,Caroline,,0x125,0,1,False,「我父母給我取名 Caroline ，」她驕傲地說。
0x0416,Caroline,Caroline,,0x160,0,1,False,「我本身沒有『職業』。我把精力奉獻在幫助友誼會上。我希望能招募新成員。」
0x0416,Caroline,Caroline,,0x1d7,0,1,False,她看起來很擔心。「太可怕了！ Christopher 是個好人。你知道他是我們的成員之一嗎？我不敢相信他死了……」
0x0416,Caroline,Caroline,,0x270,0,1,False,「友誼會的成員。我們每晚都在大廳集會。你應該來看看！」
0x0416,Caroline,Caroline,,0x2d0,0,1,False,「每天晚上九點我們在友誼會大廳都有集會。你可以當作自己受邀參加了。」
0x0416,Caroline,Caroline,,0x337,0,1,False,「再見！」
0x0417,Lord British,Lord British,,0x0,0,2,False,「愚蠢！！到底是什麼驅使你施展那個該死的『末日決戰（Armageddon Spell）』？我就知道那很危險！你也知道那很危險！！現在看看我們！我們是整個星球上唯二孤伶伶的人！不列顛尼亞全毀了！你算哪門子的聖者！？現在，沒有了月之門的運作，我們兩人都被迫要在這片被毀滅的荒原中度過永恆！
0x0417,Lord British,Lord British,,0x0,1,2,False,」「當然，這也許可以看作是解決我們所有問題的聰明辦法。畢竟，現在就連那個所謂的守護者也不會想要不列顛尼亞了！」
0x0417,Lord British,Lord British,,0x233,0,1,False,「我感覺到 Exodus 的殘骸已經從這個領域中消逝。這讓我肩上卸下了一塊大石。因此，聖者，我不能讓這項成就得不到獎賞。請跪下，我的朋友。」當你遵從指示時，不列顛王伸出了他的雙手。
0x0417,Lord British,Lord British,,0x380,0,2,False,你看到你的老朋友不列顛王，看起來比你上次見到他時老了一些。他看到你時眼睛閃爍著光芒。
0x0417,Lord British,Lord British,,0x380,1,2,False,「歡迎，我的朋友，」他擁抱著你說道。「請告訴我，是什麼風把你吹來不列顛尼亞的！或者，更重要的是，是什麼『帶』你來的？」
0x0417,Lord British,Lord British,,0x4c2_0x4d0,0,1,True,"""「是的，<PLAYER_NAME>？」不列顛王問道。"
0x0417,Lord British,Lord British,,0x4f9,0,1,False,不列顛王大笑。「什麼，你在開玩笑嗎，聖者？難道你認不出你的老朋友了？」
0x0417,Lord British,Lord British,,0x563,0,1,False,不列顛王翻了個白眼。「我們一定要走這個過場嗎？」他搖著頭笑道。
0x0417,Lord British,Lord British,,0x5c1,0,1,False,「很好。如你所知，我是不列顛尼亞的統治者，而且已經統治一段時間了。儘管我來自你的家鄉，但我選擇在這裡生活。」
0x0417,Lord British,Lord British,,0x67b,0,1,False,「我知道距離我造訪我們的地球已經有很多年了，但你肯定還記得我們兩人都來自同一個時間和地點吧？而且，身為同鄉兄弟，你也應該記得，你可以在需要時隨時向我尋求協助。」
0x0417,Lord British,Lord British,,0x773,0,1,False,「別忘了，聖者，我有能力治癒你。那是我似乎仍然有效的一點魔法。而且我也許能為你提供一些裝備和一本法術書。」
0x0417,Lord British,Lord British,,0x824,0,3,False,「這個國家的狀況繁榮無比。你意識到你已經離開 200 個不列顛尼亞年了嗎？」不列顛王對你搖了搖手指。
0x0417,Lord British,Lord British,,0x824,1,3,False,「我敢肯定你的朋友們都為你的缺席感到惋惜。你離開這麼久真是太可惜了！但是... 我真的很高興見到你。不列顛尼亞繁榮而豐饒。看看你周圍。探索這座新翻修的城堡。在各地旅行。四處都充滿了和平。
0x0417,Lord British,Lord British,,0x824,2,3,False,」「是的，不列顛尼亞從未如此美好。嗯，幾乎從未。」
0x0417,Lord British,Lord British,,0xa34,0,3,False,「嗯，『事情』確實很好。我擔心的是『人』。
0x0417,Lord British,Lord British,,0xa34,1,3,False,」「不列顛尼亞發生了一些不對勁的事情，但我不知道是什麼。有一種東西籠罩在不列顛尼亞人民的頭上。他們很不快樂。從他們的眼睛裡就能看出來。既然和平了這麼久，已經沒有什麼能將人民團結在一起了。
0x0417,Lord British,Lord British,,0xa34,2,3,False,」「也許你能查明發生了什麼事。我懇求你走到人群中去。觀察他們的日常工作。與他們交談。與他們一起工作。與他們共進一餐。也許他們需要像聖者這樣的人來關心他們的生活。」
0x0417,Lord British,Lord British,,0xc82,0,2,False,你講述了一個紅色的月之門如何出現在你家後方，並神秘地將你帶到 Trinsic 的故事。
0x0417,Lord British,Lord British,,0xc82,1,2,False,不列顛王的眉頭隨著你的講述而皺起。最後他說：「我並沒有派紅色的月之門去接你。一定是有某人或某物啟動了那個月之門。這確實很奇怪，因為我們最近在月之門上遇到了一些麻煩。事實上，我們在魔法方面也普遍遇到了麻煩！」
0x0417,Lord British,Lord British,,0xe33,0,1,False,「自從魔法出現問題以來，我的就一直無法運作。事實上，沒有任何一個月之門能夠可靠地運作已經有一段時間了！」
0x0417,Lord British,Lord British,,0xed0,0,1,False,「你有帶來你的月之寶珠（Orb of the Moons）嗎？」
0x0417,Lord British,Lord British,,0xf11,0,1,False,「真的嗎？它在哪裡？你身上並沒有帶著它！」
0x0417,Lord British,Lord British,,0xf51,0,1,False,「我懂了。」
0x0417,Lord British,Lord British,,0xf64,0,1,False,「嗯。你可能會被困在不列顛尼亞。來，不如試試我的吧？我把它借給你。也許它對你有用。不過要小心。月之門已經變得危險了。」
0x0417,Lord British,Lord British,,0x1016,0,1,False,不列顛王將他的月之寶珠交給了你。
0x0417,Lord British,Lord British,,0x1047,0,1,False,「你的雙手太滿了，無法拿取寶珠！」
0x0417,Lord British,Lord British,,0x107b,0,3,False,「是的，自從你上次造訪以來，它已經重新裝潢過了。建築師和工人們做得很出色。」
0x0417,Lord British,Lord British,,0x107b,1,3,False,這位統治者向你傾身，臉上帶著不悅的表情。
0x0417,Lord British,Lord British,,0x107b,2,3,False,「整個建築群唯一的污點就是那個該死的育嬰室！」
0x0417,Lord British,Lord British,,0x117d,0,1,False,「我才不會靠近那個地方！國王和髒尿布是格格不入的。在我的幾名員工成家後，大議會說服我設立了育嬰室。雖然這可能是一個必要的設施，但我會假裝它不存在！」
0x0417,Lord British,Lord British,,0x1264,0,1,False,「我已經很多年沒去過那裡了。那裡發生了什麼事嗎？」
0x0417,Lord British,Lord British,,0x12ca,0,1,False,「確實如此。那麼看來 Trinsic 自從我上次見到它以來並沒有太大的改變。」他的眼睛閃爍著光芒。
0x0417,Lord British,Lord British,,0x134c,0,2,False,「謀殺？在 Trinsic ？」這位統治者看起來很擔憂。
0x0417,Lord British,Lord British,,0x134c,1,2,False,「我沒有聽說過這件事。你正在調查它嗎？」
0x0417,Lord British,Lord British,,0x13cd,0,1,False,「很好。我很高興你能關心我的人民。」
0x0417,Lord British,Lord British,,0x1404,0,1,False,「啊，你也許應該調查一下！」
0x0417,Lord British,Lord British,,0x142f,0,1,False,國王停頓了一會兒。「既然你提到了這點，我在過去幾個月裡也收到過其他類似謀殺案的報告。事實上，三四年前在不列顛城就發生過一起。屍體以儀式性的方式被肢解。顯然有一個瘋狂的殺手在逃。但我毫不懷疑，像你這樣的聖者，一定能找到他！」
0x0417,Lord British,Lord British,,0x1591,0,1,False,「我不記得太多細節了。你應該去問問鎮長 Patterson 關於這件事的情況。他也許記得更多。」
0x0417,Lord British,Lord British,,0x160c,0,1,False,「這當然只是我的假設。但這就是我們所能掌握的全部線索了。除非你已經發現了一些有用的資訊？」
0x0417,Lord British,Lord British,,0x16be,0,1,False,「他們是一群非常有用和有生產力的公民。你絕對應該去參觀一下位於不列顛城的友誼會總部，並與巴特林交談。友誼會在不列顛尼亞各地做了許多善事，包括提供食物給窮人、教育和幫助有需要的人，以及促進普遍的善意與和平。」
0x0417,Lord British,Lord British,,0x1805,0,1,False,「是的，它離城堡不遠，在西南方。就在劇院的南邊。」
0x0417,Lord British,Lord British,,0x1851,0,1,False,「他是一名德魯伊，大約二十年前創立了友誼會。他非常聰明，而且是一個溫暖而溫和的人。」
0x0417,Lord British,Lord British,,0x18d0,0,2,False,「一個帶著鐵鉤的男人？」國王摸了摸下巴。
0x0417,Lord British,Lord British,,0x18d0,1,2,False,「不，我不記得曾經見過一個帶著鐵鉤的男人。」
0x0417,Lord British,Lord British,,0x1951,0,1,False,「恐怕我不可能知道每一艘經過我們港口的船隻。如果你還沒有去確認的話，你應該去問問造船匠 Clint 。」
0x0417,Lord British,Lord British,,0x19e0,0,1,False,「你當然是指 Iolo 、 Shamino 和 Dupre 。」
0x0417,Lord British,Lord British,,0x1a28,0,1,False,「這些年來我很少見到我們的朋友。據我所知，他大部分時間都在 Trinsic 。」
0x0417,Lord British,Lord British,,0x1a8f,0,1,False,「哈囉， Iolo ！你好嗎？」
0x0417,Lord British,Iolo,,0x1ab5,0,1,False,「我很好，陛下！很高興見到你！」
0x0417,Lord British,Lord British,,0x1ae7,0,1,False,「那個無賴不常來，雖然我知道他最近大部分時間都在不列顛城！」
0x0417,Lord British,Lord British,,0x1b42,0,1,False,「你對自己有什麼要說的嗎， Shamino ？」
0x0417,Lord British,Shamino,,0x1b7a,0,1,False,「我的歉意，大人，」 Shamino 說道。
0x0417,Lord British,Lord British,,0x1bac,0,1,False,「我聽說的關於一個女人的事是怎麼回事？一位女演員？嗯？」
0x0417,Lord British,Shamino,,0x1c02,0,1,False,Shamino 臉紅了，不安地挪動著雙腳。
0x0417,Lord British,Lord British,,0x1c33,0,1,False,「我就猜到是這樣！」統治者笑著說。
0x0417,Lord British,Lord British,,0x1c67,0,1,False,「自從我封他為騎士後就沒見過他了。很典型的作風——我幫了這個人一個忙，然後他就消失了！我聽說他也許在 Jhelom 。」
0x0417,Lord British,Lord British,,0x1d0c,0,1,False,「你都去了哪裡， Dupre 爵士？」
0x0417,Lord British,Dupre,,0x1d39,0,1,False,「哦，到處跑，大人，」戰士回答道。
0x0417,Lord British,Lord British,,0x1d6e,0,1,False,「我在不列顛尼亞這裡很少有來自我們家鄉的朋友。你必須特地多來拜訪！尤其既然你是一位騎士！」
0x0417,Lord British,Dupre,,0x1df7,0,1,False,「如您所願，大人，」 Dupre 鞠躬說道。
0x0417,Lord British,Lord British,,0x1e34,0,1,False,「據說那是個相當暴力的地方。我已經有很長一段時間沒有榮幸去拜訪了。」
0x0417,Lord British,Lord British,,0x1e9b,0,2,False,「有些不對勁。魔法已經很長一段時間無法運作了。我甚至連用魔法變出食物都有困難！這一定與魔法以太有關。
0x0417,Lord British,Lord British,,0x1e9b,1,2,False,」「有些人說魔法正在消亡，因為月之門的麻煩和 Nystul 的情況。我開始懷疑他們可能是對的！」
0x0417,Lord British,Lord British,,0x1fb4,0,1,False,不列顛王端詳了你一會兒。
0x0417,Lord British,Lord British,,0x1fd9,0,1,False,「也許魔法對你來說會更有用。你來不列顛尼亞還沒多久。有可能無論是什麼影響了魔法，都還沒有在你身上留下印記。請試試看。一本法術書和你的其他裝備存放在一起。」
0x0417,Lord British,Lord British,,0x20c8,0,1,False,「呃...試著和他談談吧。」
0x0417,Lord British,Lord British,,0x20ed,0,2,False,國王壓低了聲音。
0x0417,Lord British,Lord British,,0x20ed,1,2,False,「他表現得很古怪，不是嗎？他的心智發生了一些變化。他似乎再也無法專注於魔法了。」
0x0417,Lord British,Lord British,,0x2180,0,1,False,「他開始表現得正常多了。」
0x0417,Lord British,Lord British,,0x21a8,0,1,False,「月之門無法運作！我們不能像過去那樣使用它們。它們不僅功能失常，事實上，它們還很危險！我的一位值得信賴的賢者使用了我自己的月之寶珠前往謙卑神殿（Shrine of Humility），他的身體在進入傳送門時竟然粉碎了！要是 Cove 的那個法師沒有發瘋就好了！」
0x0417,Lord British,Lord British,,0x2314,0,2,False,統治者向前傾身，平靜地說道。
0x0417,Lord British,Lord British,,0x2314,1,2,False,「 Cove 有一個名叫 Rudyom 的瘋狂法師。你記得他嗎？ Rudyom 當時正在研究一種名為『黑石（blackrock）』的魔法物質。在他發瘋之前，他聲稱這種礦物可以解決月之門的問題。我建議你應該去 Cove 找到他。試著了解他用這種黑石物質在做什麼。這可能是我們唯一的希望。」
0x0417,Lord British,Lord British,,0x24ab,0,1,False,「他是一位才華洋溢且受人尊敬的法師。但近年來他發生了一些事。他似乎完全變得老態龍鍾了。」
0x0417,Lord British,Lord British,,0x2530,0,1,False,突然間，某件事喚醒了不列顛王的記憶。「我想知道 Rudyom 身上發生的事和 Nystul 遭遇的事之間是否有所關聯！」
0x0417,Lord British,Lord British,,0x25c5,0,1,False,「你肯定還記得 Cove 。那是不列顛城東邊一個非常宜人的小鎮。相當令人放鬆。」
0x0417,Lord British,Lord British,,0x2632,0,1,False,「我不知道有什麼『守護者』。你確定他真的存在嗎？你應該進一步調查。」
0x0417,Lord British,Lord British,,0x2699,0,1,False,「是的，我有一本法術書和其餘的裝備一起收著。」
0x0417,Lord British,Lord British,,0x26df,0,1,False,「歡迎你使用我的任何裝備。我把它們保存在這座城堡裡一間上了鎖的儲藏室中。你可以在我的書房裡找到鑰匙。」
0x0417,Lord British,Lord British,,0x278a,0,2,False,「我相信你能找到它的。」
0x0417,Lord British,Lord British,,0x278a,1,2,False,統治者狡黠地笑了笑。「把它當作是一場遊戲吧！」
0x0417,Lord British,Lord British,,0x27f6,0,1,False,「就在城堡的西邊。」
0x0417,Lord British,Lord British,,0x2815,0,3,False,不列顛王聽了你關於 Weston 的故事。他看起來很擔憂。
0x0417,Lord British,Lord British,,0x2815,1,3,False,「我不記得這個案子。讓我查一下...嗯...」他快速掃視了一大卷卷軸。
0x0417,Lord British,Lord British,,0x2815,2,3,False,「因為從皇家果園偷了一顆蘋果而被監禁... 太荒謬了！一定是有人篡奪了我的權力。你可以認為這個人已經被赦免了。我們將立即針對他被捕的情況以及這個叫 Figg 的傢伙展開調查。感謝你，聖者。」
0x0417,Lord British,Lord British,,0x29c7,0,1,False,不列顛王神情凝重地看著你，「一座島嶼的升起動搖了不列顛尼亞的根基。這起事件並非隨機的災難，而是出於某種巫術意圖。」
0x0417,Lord British,Lord British,,0x2a7a_0x2a87,0,1,True,「是的，<PLAYER_NAME>。當這座島嶼從海中升起時，我感覺到了以太之中，有巨大的擾動。這座島嶼正是你擊敗地獄之子 Exodus 的火之島（Isle of Fire）。」
0x0417,Lord British,Lord British,,0x2b46_0x2b4a,0,1,True,「<PLAYER_NAME>，你應該知道，當我創造美德神殿時，我也在這座島上設立了三座偉大的神殿，分別獻給真理（Truth）、愛（Love）與勇氣（Courage）的原則。」
0x0417,Lord British,Lord British,,0x2c06,0,1,False,「它們位於火之城堡（Castle of Fire）的城牆內。我以前從未向你透露過這點，因為當火之島神秘地沉入波濤之下時，我以為它們永遠消失了。」
0x0417,Lord British,Lord British,,0x2cc3,0,1,False,「這些神殿僅供聖者使用，因此必須有護身符（talisman）才能使用它們。」
0x0417,Lord British,Lord British,,0x2d26,0,1,False,「護身符由測試守護著，如果你希望尋求它們的指引，你通過這些測試應該沒有問題。」
0x0417,Lord British,Lord British,,0x2d9c,0,1,False,「你與那種由機器和靈魂組成的奇怪混合體的戰鬥現在已成為傳奇。如果你要去那座島，請務必小心，因為那個存在的殘骸現在就存放在火之城堡的其中一個房間裡。」
0x0417,Lord British,Lord British,,0x2e7b,0,1,False,「哦？你說你遇到了一些看不懂的古文招牌？」不列顛王沉思了一會。
0x0417,Lord British,Lord British,,0x2ed9,0,1,False,「的確，那些是古老的不列顛盧恩符文。現在已經很少人使用了。」
0x0417,Lord British,Lord British,,0x2f34,0,1,False,「既然你需要，這本『古文譯本』就交給你吧，它能幫助你解讀那些古老的文字。」
0x0417,Lord British,Lord British,,0x2fa4,0,1,False,「你弄丟了我給你的那本『古文譯本』嗎？」不列顛王嘆了口氣。
0x0417,Lord British,Lord British,,0x2ffc,0,1,False,「好吧，看在你身負重任的份上，我再給你一本。這次可別再弄丟了！」
0x0417,Lord British,Lord British,,0x305d_0x306a,0,1,True,「告辭，<PLAYER_NAME>。請務必盡快回來。」
0x0417,Lord British,Lord British,,0x308a_0x30a6,0,1,True,「我祝賀並感謝你，<PLAYER_NAME>！你的事蹟繼續為你贏得好名聲。」
0x0418,Nystul,Nystul,,0x15,0,1,False,你看到你的老朋友 Nystul ，現在是一位穿著法師長袍、衰老的長者。他似乎陷入了沉思，神遊物外。
0x0418,Nystul,Nystul,,0x99,0,1,False,「我認識你嗎？」 Nystul 問道。
0x0418,Nystul,Nystul,,0xc3,0,1,False,「什麼事，聖者？」 Nystul 問道。
0x0418,Nystul,Nystul,,0xf0,0,1,False,法師看起來困惑了一會兒。「我的名字是 Nystul？是的，就是這樣！」
0x0418,Nystul,Nystul,,0x14c,0,1,False,「哎呀，是 Nystul 啦！」
0x0418,Nystul,Nystul,,0x16d,0,1,False,「嗯，我以前經常施展魔法，」他帶著歉意說。「至少... 我『認為』我以前是這麼做的。我想，有一個叫不列顛王的人。我為他工作。」
0x0418,Nystul,Nystul,,0x223,0,1,False,「我是不列顛王的皇家法師！」
0x0418,Nystul,Nystul,,0x262,0,1,False,「有時候魔法有效，有時候則不然。」他揮了揮手，結果魔杖掉了下來。「哎呀！」他叫了出來，彎下腰去撿。
0x0418,Nystul,Spark,,0x2f6,0,1,False,「你確定這個人其實不是小丑嗎？」
0x0418,Nystul,Nystul,,0x327,0,1,False,「總之，正如我所說的，嗯，我剛說到哪了？喔對。魔法。如果你想要的話，我還是可以賣給你一些法術或藥材。」
0x0418,Nystul,Nystul,,0x3c1,0,1,False,「魔法現在好多了。我的法術都能順利運作了。我感謝你，聖者，感謝你淨化了以太。對任何法術或藥材感興趣嗎？」
0x0418,Nystul,Nystul,,0x46c,0,1,False,「你想要買一些法術嗎？」
0x0418,Nystul,Nystul,,0x491,0,1,False,「喔。那就算了。」
0x0418,Nystul,Nystul,,0x4ad,0,1,False,「你想要買一些藥材嗎？」
0x0418,Nystul,Nystul,,0x491,0,1,False,「喔。那就算了。」
0x0418,Nystul,Nystul,,0x4d2,0,1,False,「什麼王？你是說那個有時候會坐在王座上的老頭子嗎？」
0x0418,Nystul,Nystul,,0x521,0,1,False,「他是這片土地上有史以來最偉大的統治者，我為能侍奉他而感到自豪。」
0x0418,Nystul,Nystul,,0x585,0,1,False,「我們要去哪裡嗎？」
0x0418,Nystul,Nystul,,0x5a5,0,1,False,「告辭了，聖者。請務必盡快再來找我們。」
0x0419,Chuckles,Chuckles,,0x0,0,1,False,你對與那個愛惡作劇的 Chuckles 交談感到警惕，但還是決定這麼做。
0x0419,Chuckles,Chuckles,,0x6e,0,1,False,「如果你跟我玩『四字遊戲』，我就會開口，朋友～記住，每次開口只能剛好說『四個字』！」 Chuckles 說。
0x0419,Chuckles,Chuckles,,0x104,0,1,False,「我不能說出我的名字，以免打破了四字遊戲的規則！」
0x0419,Chuckles,Chuckles,,0x150,0,1,False,「我過去是，現在是，將來也會是宮廷...小丑！如果我願意，我可以給你一個線索，但現在我的工作是玩遊戲。」
0x0419,Chuckles,Chuckles,,0x1ee,0,1,False,「你確定你會玩四字遊戲嗎？」
0x0419,Chuckles,Chuckles,,0x219,0,1,False,「你必須玩四字遊戲才能得到線索！」
0x0419,Chuckles,Chuckles,,0x24d,0,1,False,「哎呀。我確實給了你一個！」
0x0419,Chuckles,Chuckles,,0x278,0,1,False,「如果你想和我說話，就必須玩四字遊戲。」
0x0419,Chuckles,Chuckles,,0x30d,0,1,False,「你只需要學會四字遊戲的規則，然後直接加入玩！」
0x0419,Chuckles,Chuckles,,0x356,0,1,False,「那就玩吧！」
0x0419,Chuckles,Chuckles,,0x3ae,0,1,False,「你喜歡啥。」
0x0419,Chuckles,Chuckles,,0x404,0,1,False,「為何談我？想不到嗎？更有趣的？其他話題？」
0x0419,Chuckles,Chuckles,,0x481,0,1,False,「這太難了！邊玩遊戲，邊講笑話？實在太難！我想到了！母雞為何，要過馬路？為了走到，另外一邊！」
0x0419,Chuckles,Chuckles,,0x50f,0,1,False,「美麗城鎮，很多女孩！還是說成，女孩很多，美麗城鎮？」 Chuckles 聳了聳肩。
0x0419,Chuckles,Chuckles,,0x57a,0,1,False,「酒館食物，非常美味！至於我呢，我喜歡在，房間地板，吃我的飯！」
0x0419,Chuckles,Chuckles,,0x633,0,1,False,「那邊可以，吃一頓飯！但我可以，給你一個，很棒線索！」
0x0419,Chuckles,Chuckles,,0x685,0,1,False,「再會了我的朋友！千萬不要忘記……我是說，別忘遊戲！」
0x0419,Chuckles,Chuckles,,0x6d8,0,1,False,「先告辭了！」
0x041A,Batlin,Batlin,,0x0,0,1,False,巴特林雙眼瞇成紅色的細縫，目光彷彿要將你看穿。
0x041A,Batlin,Batlin,,0x46,0,1,False,「你有立方體（Cube）！你不能用它來對付 -我- ！」
0x041A,Batlin,Batlin,,0x8b,0,1,False,說完，巴特林猛然轉身，在你的眼前消失了！
0x041A,Batlin,Batlin,,0xc9,0,1,False,巴特林看著你，他的目光又回到了『末日決戰（Armageddon）』的冬季風暴中。「多年前，聖者，我去了幽靈之城 Skara Brae 。現在世界的樣子讓我想起了那個死寂的地方。在 Skara Brae ，我有過一次非常深刻的精神體驗，深刻到我從未對任何人提起過。我現在想與你分享那個體驗，聖者。
0x041A,Batlin,Batlin,,0x23f,0,1,False,「在那裡，在 Skara Brae ，我看到一個被稱為『受折磨的人』的人。我問這個死人，請告訴我，生與死的問題的答案是什麼？他沒有回答我，我又問了他一次。我懇求他傳授我一些微小的智慧。生與死的問題的答案是什麼？！他什麼也沒說，但在他的眼中... 在他的眼中，我能看到，聖者，他無法回答我，因為根本沒有答案可以給。沒有生與死問題的答案！就在那時，我明白了。沒有意義！沒有美德！沒有價值觀！！！...我讚賞你，聖者，因為你達到了同樣令人解脫的啟蒙！」
0x041A,Batlin,Batlin,,0x4b8,0,1,False,「你準備好回答《友誼會之書》裡的問題了嗎？」
0x041A,Batlin,Batlin,,0x4fb,0,1,False,「太棒了，聖者！」
0x041A,Batlin,Batlin,,0x517,0,1,False,你壓抑著猶豫的顫抖，從高腳杯中深深地喝了一大口。巴特林走向你。「願這個消息傳遍四方，我們最新的成員正是聖者！」
0x041A,Batlin,Batlin,,0x5bd,0,1,False,其他的友誼會成員高興地歡呼起來。
0x041A,Batlin,Batlin,,0x5ee,0,1,False,「很好，聖者。」
0x041A,Batlin,Batlin,,0x607,0,1,False,「請容我為你獻上你的友誼會徽章。」巴特林將徽章交給你。「請——隨時戴著你的徽章，因為它將向所有看到它的人象徵著你與友誼會同行。立刻把它戴在脖子上吧！喔，還有... 歡迎加入友誼會，聖者。」
0x041A,Batlin,Batlin,,0x71b,0,1,False,「你的負載太重了，無法接受友誼會徽章。你必須減輕你的負擔。」
0x041A,Batlin,Batlin,,0x777,0,1,False,「我親愛的聖者。你必須明白，在我引導你入會之前，你必須了解關於友誼會的所有知識。請研讀你的《友誼會之書》然後再來找我。
0x041A,Batlin,Batlin,,0x829,0,1,False,你的思緒似乎不太清晰。如果你無法理解	與你交談的另一個靈魂，我也不會感到驚訝。」
0x041A,Batlin,Batlin,,0x8a0,0,1,False,「準備好了再來吧。」
0x041A,Batlin,Batlin,,0x954,0,1,False,你看到一位圓潤的年長紳士，他既謙遜又端莊。他溫和的眼神流露出對同胞的關懷。
0x041A,Batlin,Batlin,,0x9c4,0,1,False,男人的目光集中在你脖子上的友誼會徽章上。
0x041A,Batlin,Batlin,,0xa01,0,1,False,「我親愛的朋友，你冒充友誼會成員！立刻摘下那枚徽章！」
0x041A,Batlin,Batlin,,0xa54,0,1,False,「除非你摘下那枚友誼會徽章，否則我不會和你說話。你冒充友誼會成員！」
0x041A,Batlin,Batlin,,0xabc_0xac0,0,1,True,「<PLAYER_NAME>，我親愛的朋友！很高興再次見到你！」巴特林說。
0x041A,Batlin,Batlin,,0xb06,0,1,False,「我的名字，好朋友，是巴特林。能親眼見到聖者確實是我的榮幸。」
0x041A,Batlin,Batlin,,0xb64,0,1,False,「我曾經是一名德魯伊。現在我是友誼會的領袖和創始人。它在整個不列顛尼亞迅速發展，讓我非常忙碌，你可以想像。哈哈哈！」
0x041A,Batlin,Batlin,,0xc1d,0,1,False,「友誼會是二十年前在不列顛王的完全批准和支持下成立的。這是一個精神追求者的協會，他們努力達到人類潛能的最高境界，並與所有人自由分享這些知識。」
0x041A,Batlin,Batlin,,0xd00,0,1,False,「友誼會推廣『自信認知（sanguine cognition）』的理念，這是一種透過所謂的『內在力量的三位一體（Triad of Inner Strength）』，將積極的思維秩序應用於個人生活的方式。」
0x041A,Batlin,Batlin,,0xdfb,0,1,False,「我們努力避免自古以來神秘主義者和賢哲所犯的錯誤。他們將過去的標準（例如美德）應用於衡量現在，因此他們無法正確地感知現在。我們尋求以我們自己的方式來審視我們現在的生活，並看清世界本來的面目。」
0x041A,Batlin,Batlin,,0xf23,0,1,False,「對於那些出於某種原因覺得自己仍然需要它們的人來說，它們非常合適。但沒有人，甚至連你自己，聖者，你也必須承認，沒有人能完美地實踐它們。因此，它們最終是一種建立在失敗之上的理念。我們從未聲稱我們的教義可以替代美德。然而，我們的信仰是建立在成功而非失敗之上的。」
0x041A,Batlin,Batlin,,0x10a7,0,1,False,「『內在力量三位一體（Triad of Inner Strength）』簡單來說就是三個基本的價值觀，當它們被統一起來應用時，就能使一個人在生活中更具創造力、更滿足、更成功。」
0x041A,Batlin,Batlin,,0x118c,0,1,False,「內在力量三原則的三個價值觀是：『致力合一（Strive For Unity）』、『信賴你的兄弟 (Trust Thy Brother)』和『價值先行於報償 (Worthiness Precedes Reward)』。」
0x041A,Batlin,Batlin,,0x128b,0,1,False,「當我們說『致力合一』時，這只是我們表達不列顛尼亞人民應該如何合作與共同努力的方式。這是一種非常有價值的觀念，我相信你也會同意。」
0x041A,Batlin,Batlin,,0x134f,0,1,False,「友誼會的意思是，人人都是一樣的，而世界大體上是一個支持與孕育生命的地方。我們對彼此的信任就像是將我們社會維繫在一起的樞紐。相當真實，難道你不同意嗎？」
0x041A,Batlin,Batlin,,0x1434,0,1,False,「請允許我解釋『價值先行於報償』的含義。我們每個人都在尋求我們在生活中所渴望的東西，而我們必須努力讓自己配得上我們所追求的東西。我很確定你很難反對這一點。」
0x041A,Batlin,Batlin,,0x151f,0,1,False,「啊，我的好同事 Elizabeth 和 Abraham 剛才還在這裡。他們今天早上為友誼會的事務前往 Minoc 了。他們負責資金的分配和收集。」
0x041A,Batlin,Batlin,,0x15c8,0,1,False,「自從他們上次來過之後，我就沒見過我的同事們了。他們都是大忙人。」
0x041A,Batlin,Batlin,,0x15c8,0,1,False,「自從他們上次來過之後，我就沒見過我的同事們了。他們都是大忙人。」
0x041A,Batlin,Batlin,,0x162c,0,1,False,巴特林笑了笑，搖了搖頭。「你追蹤他們的運氣不太好，是吧？他們來過這裡，在 Jhelom 處理了一些工作，但現在他們已經去了 Vesper ，看看能不能在那裡成立分會。」
0x041A,Batlin,Batlin,,0x15c8,0,1,False,「自從他們上次來過之後，我就沒見過我的同事們了。他們都是大忙人。」
0x041A,Batlin,Batlin,,0x1709,0,1,False,「但你已經是會員了，聖者！一個人只能加入一次！」
0x041A,Batlin,Batlin,,0x1752,0,1,False,「你還沒完成你的任務。記住『價值先於回報』。一旦你完成了任務，你就可以加入。」
0x041A,Batlin,Batlin,,0x17c8,0,1,False,「啊！我真希望你的雙手沒有滿到拿不下這個包裹。」
0x041A,Batlin,Batlin,,0x1811,0,1,False,「太棒了！這就是了。你現在必須上路了！」
0x041A,Batlin,Batlin,,0x184f,0,1,False,「聖者！我對此感到厭煩了！請在你的物品欄中騰出空間來裝包裹！」
0x041A,Batlin,Batlin,,0x18ae,0,1,False,「恭喜，聖者，我們感謝你成功地將我們的包裹送交給 Minoc 的 Elynor 。現在，在你加入友誼會之前，我們還有另一個任務要處理。因為你送達了包裹，你已經證明自己有資格執行另一個任務。」
0x041A,Batlin,Batlin,,0x19b5,0,1,False,「聖者，你有把包裹送交給 Minoc 的 Elynor 嗎？」
0x041A,Batlin,Batlin,,0x19f5,0,1,False,「你打開了包裹嗎？」
0x041A,Batlin,Batlin,,0x1a14,0,1,False,「你明知道我們指示過你不要打開它。我們信任你能一字不差地執行我們的指示，但這份信任被打破了。」
0x041A,Batlin,Batlin,,0x1aa2,0,1,False,「Minoc 的 Elynor 可不是這麼告訴我們的。我們信任你能一字不差地執行我們的指示，但這份信任被打破了。
0x041A,Batlin,Batlin,,0x1b2f,0,1,False,「據我了解，包裹裡的內容物也不見了，這確實非常嚴重！
0x041A,Batlin,Batlin,,0x1b7e,0,1,False,「恐怕你必須為我們執行一項任務作為信任的測試，這樣你才能開始真正與友誼會同行。」
0x041A,Batlin,Batlin,,0x1bf7,0,1,False,巴特林驚訝地睜大了眼睛。
0x041A,Batlin,Batlin,,0x1c1c,0,1,False,「發生了什麼事？你把包裹弄丟了嗎？」
0x041A,Batlin,Batlin,,0x1c53,0,1,False,「嘖。嘖。嘖。這真是不幸。我們信任你能送達包裹，但這份信任被打破了。恐怕你必須為我們執行一項任務作為信任的測試，這樣你才能開始真正與友誼會同行。」
0x041A,Batlin,Batlin,,0x1d2f,0,1,False,「請去送我們的包裹，聖者。等你完成後，我們還有更多事情要談。」
0x041A,Batlin,Batlin,,0x1d8e,0,1,False,「你將前往 Destard 地城，它位於 Trinsic 以西的群山中。別擔心，那裡已經完全廢棄了。在那裡，你會找到一個裝有友誼會資金的箱子，這是幾天前為了安全起見藏起來的。你會認出這個箱子，因為它不僅裝有黃金，還有兩枚友誼會徽章。那個地點也很可能標有友誼會的法杖。將這些資金帶回給我們，不要遺失任何一枚硬幣，你將成功完成你的任務。不需要帶回箱子，只要帶回黃金。現在，你必須上路了！」
0x041A,Batlin,Batlin,,0x1fac,0,1,False,「啊，是的，你從 Destard 地城回來了！但等等！我沒有看到你要帶回來的友誼會資金！發生了什麼事？！」
0x041A,Batlin,Batlin,,0x205f,0,1,False,「哎呀，你的故事太離譜了！我拒絕相信！」巴特林惱火地嗤之以鼻。
0x041A,Batlin,Batlin,,0x20bd,0,1,False,「怪物！ Destard 地城裡潛伏著怪物？！好吧，那我為你的不便道歉。」
0x041A,Batlin,Batlin,,0x211b,0,1,False,「你肯定能找到更好的藉口！如果你只是不想回答我的問題，你為什麼不直說呢？」
0x041A,Batlin,Batlin,,0x218b,0,1,False,巴特林緩慢地翻了個白眼。「你應該去當個吟遊詩人，你用這種故事來款待我！」
0x041A,Batlin,Batlin,,0x21f8,0,1,False,「請容我為你獻上你的友誼會徽章。」巴特林將徽章交給你。「請——隨時戴著這枚徽章。立刻把它戴在脖子上吧！喔，還有... 歡迎加入友誼會，聖者。」
0x041A,Batlin,Batlin,,0x22c6,0,1,False,「你無法接受你的友誼會徽章。你的負載太重了！」
0x041A,Batlin,Batlin,,0x230d,0,1,False,「當你在這裡的時候，請隨意享用蘋果。我敢肯定你會發現這是全不列顛尼亞最好的蘋果。它們是由皇家果園提供給友誼會的。」
0x041A,Batlin,Batlin,,0x23b9,0,1,False,「一旦一個人與友誼會同行夠久，並將『內在力量三位一體（Triad of Inner Strength）』應用於他的生活，他就能清除腦海中所有衝突、適得其反的念頭，達到他能實際聽到他內在理智聲音的地步。這個理智的聲音是你內心的核心，透過純粹的本能、智慧和無懈可擊的邏輯引導著你。一旦有人開始聆聽它並遵循它的指引，他就達到了啟蒙的最高境界。也許有一天你也會聽到它。」
0x041A,Batlin,Batlin,,0x25ab,0,1,False,「只有活躍的或潛在的友誼會成員才能接觸到『聲音』的概念。當你接受友誼會的測試時，我可以告訴你更多。」
0x041A,Batlin,Batlin,,0x2649,0,1,False,「喔，你準備好加入友誼會了嗎？」
0x041A,Batlin,Batlin,,0x267a,0,1,False,「除非你準備好加入，否則我不能再告訴你關於測試的更多細節。」
0x041A,Batlin,Batlin,,0x26d5,0,1,False,「那是一個遠離日常生活壓力和干擾的靜修之處，友誼會的新成員可以去那裡學習友誼會的理念。它位於 Serpent's Hold 東方的一個島上。」
0x041A,Batlin,Batlin,,0x278b,0,1,False,「直到我們再次相會，聖者。」
0x041B,Raymundo,Raymundo,,0x28,0,1,False,你可以看到這個人的創造力，源源不絕地湧現出來。他饒富興味地看著你。
0x041B,Raymundo,Raymundo,,0x8c,0,1,False,「是……？」 Raymundo 沒好氣地說。「你要什麼？我很忙！」
0x041B,Raymundo,Raymundo,,0xdc,0,1,False,「我是 Raymundo。」
0x041B,Raymundo,Raymundo,,0xf5,0,1,False,「哎呀，我可是全國聞名的！你難道沒聽說過我嗎？」
0x041B,Raymundo,Raymundo,,0x13e,0,1,False,「我早說過了吧！
0x041B,Raymundo,Raymundo,,0x157,0,1,False,「-真的嗎-！？我很驚訝！不過算了…
0x041B,Raymundo,Raymundo,,0x18a,0,1,False,「我是不列顛城這裡皇家劇院的導演。我也是駐院劇作家。我偶爾也會作些曲子。我有時也會演戲，但演自己導的戲可不是明智之舉。
0x041B,Raymundo,Raymundo,,0x23d,0,1,False,「我們目前正在排練一齣戲。」
0x041B,Raymundo,Raymundo,,0x268,0,1,False,「白天來劇院看看我們排戲吧。」
0x041B,Raymundo,Raymundo,,0x2aa,0,1,False,「這是我寫的一點小東西，名為『聖者的試煉（The Trials of the Avatar）』。這是關於不列顛尼亞歷史上一位傳奇人物的故事。」這位藝術家上下打量著你。
0x041B,Raymundo,Raymundo,,0x374,0,1,False,「嗯...你的確有一種特質...你曾經在舞台上演過戲嗎？」
0x041B,Raymundo,Raymundo,,0x3c0,0,1,False,「我就知道！
0x041B,Raymundo,Raymundo,,0x3d3,0,1,False,「嗯，沒關係。我相信你能很快適應的。
0x041B,Raymundo,Raymundo,,0x40a,0,1,False,「官方說法是試鏡已經結束，而且選角也完成了。然而，我們需要找一個人，作為『聖者』這個角色的替補演員。你想要試鏡嗎？」
0x041B,Raymundo,Raymundo,,0x4b9,0,1,False,「太棒了！你需要做的是去 Gaye 的服裝店，買一套聖者的服裝。等我看到你穿著 -合適的- 服裝後，我就可以幫你試鏡。快去辦吧，快點，我是個大忙人。」
0x041B,Raymundo,Raymundo,,0x588,0,1,False,「不？你從未夢想過在舞台上表演嗎？看到你的名字在火炬下閃耀？畫上傳統的油彩妝和戴上假髮？在雷鳴般的掌聲中鞠躬？好吧，那就走吧，我沒時間和民眾閒聊。」
0x041B,Raymundo,Raymundo,,0x668,0,1,False,「這是個很棒的空間，你不覺得嗎？它去年才剛開幕，這多虧了我們這座偉大城市幾位富有的市民的贊助。」
0x041B,Raymundo,Raymundo,,0x70a,0,1,False,「雖然，劇院建築的建設費用，實際上是由皇家鑄幣局支付的，但劇團的運作，完全依賴像你這樣的人來支持。你願意為我們的劇團，做出一點微薄的貢獻嗎？例如…十枚金幣？」
0x041B,Raymundo,Raymundo,,0x7f8,0,1,False,「我感謝你。你已經證明了自己是一位真正的『藝術贊助者』，一個有教養和有品味的人。」
0x041B,Raymundo,Raymundo,,0x874,0,1,False,「你不具說服力的表演，暴露了你的底細！你根本沒有十枚金幣！」
0x041B,Raymundo,Raymundo,,0x8cf,0,1,False,「給一個人一條麵包，你只能餵飽他一天；給一個人一齣戲，或許你已經餵飽了他的靈魂一輩子！一旦你看過我們的一部作品，我相信你一定會重新考慮的。」
0x041B,Raymundo,Raymundo,,0x9a2,0,1,False,「我看你準備好了？很好。請走到舞台中央好嗎？」
0x041B,Raymundo,Raymundo,,0x9e8,0,1,False,「你的服裝在哪裡？沒有服裝你不能試鏡！」
0x041B,Raymundo,Raymundo,,0xa26,0,1,False,「請在排練時間來劇院好嗎？」
0x041B,Raymundo,Raymundo,,0xa52,0,1,False,Raymundo 深吸了一口氣，笑了起來。
0x041B,Raymundo,Raymundo,,0xa80,0,1,False,「啊，可愛的女人。可惜她對政治比對舞台更感興趣。但我得說，我們相處得極好！」
0x041B,Raymundo,Raymundo,,0xaf3,0,1,False,「他可是個很有個性的人，不是嗎？」 Raymundo 的臉上洋溢著驕傲。
0x041B,Raymundo,Raymundo,,0xb4c,0,1,False,「得說，他真像他老爸。他肯定會成為一個偉大的演員。或者作家。或者導演。或者製作人。」
0x041B,Raymundo,Raymundo,,0xbcb,0,1,False,「嗯，我真的無權透露我們贊助者的名字。但他們大多數都屬於友誼會。」
0x041B,Raymundo,Raymundo,,0xc40,0,1,False,「這些是為我們劇院做出貢獻的人。他們來自各行各業，除了對優秀戲劇的熱愛之外，幾乎沒有什麼共同點。」
0x041B,Raymundo,Raymundo,,0xcd4,0,1,False,「對於非藝術家來說，他們對劇院做出了慷慨的貢獻。在我的標準裡，他們是 -好- 人！」他高興地搓著手。
0x041B,Raymundo,Raymundo,,0xd63,0,1,False,「不過，我不是會員。」
0x041B,Raymundo,Raymundo,,0xd85,0,1,False,「要走了？抱歉，我不簽名。」
0x041C,Jesse,Jesse,,0x15,0,1,False,這是一位高瘦、膝蓋骨節突出的男演員。
0x041C,Jesse,Jesse,,0x4c,0,1,False,他戴著女用假髮，穿著女裝。
0x041C,Jesse,Jesse,,0x89_0x88,0,1,True,Jesse 清了清喉嚨。「哈囉，又見面了！」<VAR>
0x041C,Jesse,Jesse,,0xc0,0,1,False,男演員用假音說話。
0x041C,Jesse,Jesse,,0xdc,0,4,False,「我是 Jesse ，我是一顆
0x041C,Jesse,Jesse,,0xdc,1,4,False,閃亮
0x041C,Jesse,Jesse,,0xdc,2,4,False,的
0x041C,Jesse,Jesse,,0xdc,3,4,False,明星。」
0x041C,Jesse,Jesse,,0x117,0,1,False,他拍了拍自己的臉，用正常的聲音說：「哎呀，抱歉！我太入戲了，有時會忘記我不是女人！」
0x041C,Jesse,Jesse,,0x196,0,1,False,「我在皇家劇院當演員。我在我的職業生涯中扮演過 -所有- 偉大的角色。我現在有機會扮演一生難得的角色——聖者！」
0x041C,Jesse,Jesse,,0x24b,0,1,False,「因為它必須迎合大眾，我們從來沒有機會做實驗性作品——只有傳統平庸的大雜燴。但這是一個很棒的空間，而且音響效果極佳。」
0x041C,Jesse,Jesse,,0x314,0,1,False,「人們喜歡看英雄冒險的故事，穿著盔甲的騎士、美麗的公主、明智的國王、巫師、邪惡的怪物。全是那一套。」
0x041C,Jesse,Jesse,,0x3ab,0,1,False,「這個角色極具挑戰性。我有過多的台詞，而且我必須和訓練員一起工作好幾週，為所需的大量活動做準備。這個角色會讓『Jesse』家喻戶曉！」
0x041C,Jesse,Jesse,,0x47f,0,1,False,「這絕對是史上構思過最具野心的戲劇製作。有超過一百個小時的演出時間。對觀眾來說那是一段很長的時間。」
0x041C,Jesse,Jesse,,0x516,0,4,False,「我最重要的台詞是：
0x041C,Jesse,Jesse,,0x516,1,4,False,『姓名！』
0x041C,Jesse,Jesse,,0x516,2,4,False,『職業！』
0x041C,Jesse,Jesse,,0x516,3,4,False,『告辭！』」
0x041C,Jesse,Jesse,,0x56b,0,1,False,「我最喜歡的作品是 Raymundo 為我寫的，名為『遮陰布上的三個（Three on a Codpiece）』。我站在舞台上，邀請觀眾加入我，把一件內衣撕成碎片，然後將它們放入骨灰罈中並與小麥糊混合。是布料的碎片，不是觀眾。然後觀眾可以把這些碎片黏在我身上他們想要的任何地方。」
0x041C,Jesse,Jesse,,0x6d6,0,1,False,「再見。開演時一定要來看戲喔！」
0x041D,Stuart,Stuart,,0x15,0,1,False,這位男演員極具舞台魅力，聲音宏亮。
0x041D,Stuart,Stuart,,0x49,0,1,False,Stuart 傲慢地看著你。「是？」
0x041D,Stuart,Stuart,,0x72,0,1,False,「我的真名是 Stuart 。我的藝名是 Laurence 。」
0x041D,Stuart,Stuart,,0xb8,0,1,False,「我是有史以來最偉大的演員，」他毫不謙虛地宣布。「我在新戲裡扮演『Iolo』這個角色。」
0x041D,Stuart,Stuart,,0x13a,0,1,False,「這是我心目中一位特定英雄的名字。」
0x041D,Stuart,Stuart,,0x171,0,1,False,Stuart 明顯被激怒了。「是的。我又被選為配角了！我更適合扮演聖者，但 Raymundo 有選我嗎？沒——有！」
0x041D,Stuart,Iolo,,0x1fe,0,1,False,「但你一點都不像我！」
0x041D,Stuart,Stuart,,0x221,0,1,False,「請問你是哪位？」
0x041D,Stuart,Iolo,,0x23e,0,1,False,「哎呀，我是 -真正的- Iolo ！」
0x041D,Stuart,Stuart,,0x26a,0,1,False,「你當然是。而我真的是不列顛王。你一定把我當成笨蛋，以為我會相信那種事。」
0x041D,Stuart,Iolo,,0x2db,0,1,False,你的朋友對你耳語。「這些演員類型。一群敏感的傢伙，對吧？」
0x041D,Stuart,Stuart,,0x344,0,1,False,「我想他是個好導演。不過他從來沒讓我演過合適的角色。想想我還和他一起上過學呢！我們曾在同一個舞台幕後工作！」
0x041D,Stuart,Stuart,,0x3e7,0,1,False,Stuart 對你耳語：「Jesse 完全不對！哎呀，-你- 都比他更適合演聖者！而 -你- 可能連演個裝藥材的袋子都不行！這不是在說你，而是在說 Jesse 。」
0x041D,Stuart,Stuart,,0x4af,0,1,False,「演戲是最高形式的藝術。它讓人能夠走出自我，成為另一個人。就像一場遊戲！」
0x041D,Stuart,Stuart,,0x51f,0,1,False,「再見。開演時一定要來看戲喔！」
0x041E,Amber,Amber,,0x1d,0,1,False,這位可愛的女演員穿著老鼠裝。
0x041E,Amber,Amber,,0x48,0,1,False,「嗨，你好！」 Amber 說。
0x041E,Amber,Amber,,0x6b,0,1,False,「我是 Amber 。」
0x041E,Amber,Amber,,0x82,0,1,False,「我是皇家劇院的女演員。在新戲中我扮演老鼠 Sherry 的角色。」
0x041E,Amber,Amber,,0xf4,0,1,False,「這是一個很棒的表演空間。你知道的，我把我的一生都奉獻給了演戲。」
0x041E,Amber,Amber,,0x166,0,1,False,「Raymundo 本人參與了這座劇院的設計。」
0x041E,Amber,Amber,,0x19d,0,1,False,「其實，這將是我的劇場處女作。我一直擔任酒吧女侍，等待我第一次參與劇院演出的機會。」
0x041E,Amber,Amber,,0x21c,0,1,False,「在你我之間，我覺得這齣戲爛透了。」她對你眨了眨眼。
0x041E,Amber,Amber,,0x26b,0,1,False,「你能想像這種胡言亂語嗎？我不相信曾經有過一隻叫 Sherry 的老鼠。誰聽說過會說話的老鼠！尤其是這些台詞！我寧願演個女王。我得說，那對我來說合適多了。」
0x041E,Amber,Amber,,0x354,0,1,False,「我必須背誦這個名為『Hubert 令人毛骨悚然的冒險（Hubert's Hair-Raising Adventure）』的荒謬童話故事。
0x041E,Amber,Amber,,0x3d8,0,1,False,「我問了 Raymundo 這件事，他大發脾氣。他說那不符合歷史的準確性。哈！說得好像那有什麼重要意義似的！」
0x041E,Amber,Amber,,0x46a,0,1,False,「Poo Poo 頭！」她大喊。然後她衝向他，在他的嘴上深深地吻了一下。 Shamino 臉紅了，不安地挪動著雙腳。
0x041E,Amber,Shamino,,0x4f8,0,1,False,「別在聖者面前這樣，Poo！」
0x041E,Amber,Amber,,0x521,0,1,False,「去他的聖者！」她又吻了他一次。「聖者是最後一個能說服你安定下來的人。」
0x041E,Amber,Amber,,0x58e,0,1,False,「你認識我的男朋友嗎？他大概正在藍野豬酒館（Blue Boar）借酒澆愁。這個懶骨頭！我不會讓他去冒險的。是時候讓他安定下來了。你可以去告訴他我說的！」
0x041E,Amber,Amber,,0x661,0,1,False,「再會！」
0x041F,Kristy,Kristy,,0x15,0,1,False,這是一個可愛的蹣跚學步幼童，手裡抱著一個洋娃娃。
0x041F,Kristy,Kristy,,0x5e,0,1,False,「嗨！」 Kristy 歡呼道。
0x041F,Kristy,Kristy,,0x7f,0,1,False,「Kwisty 。」
0x041F,Kristy,Nanna,,0x90,0,1,False,「Kristy ，和 Nicholas 一樣，是我們的孤兒之一。她是被一位大法師議會（Great Council）成員在 Paws 的一間廢棄房屋裡發現的。」
0x041F,Kristy,Kristy,,0x136,0,1,False,「鬼抓人！玩鬼抓人！」
0x041F,Kristy,Kristy,,0x158,0,1,False,幼童跑開去尋找育兒室的玩伴了。
0x041F,Kristy,Kristy,,0x187,0,1,False,Kristy 看起來很困惑。「唱歌。馬馬。 Rosa 。贏家。」
0x041F,Kristy,Kristy,,0x1e8,0,1,False,Kristy 非常樂意這麼做。「A-B-C-D-E-F-G！H-I-K-M-M-M-O-P！Q-T-W-Y-X-Z！」她對自己的歌感到自豪，儘管她唱得不太對。
0x041F,Kristy,Kristy,,0x27a,0,1,False,「我愛馬馬！」她用力搖著搖搖馬。
0x041F,Kristy,Kristy,,0x2ab,0,1,False,Kristy 緊緊抱住她的洋娃娃。「Rosa ！」
0x041F,Kristy,Kristy,,0x2df,0,1,False,「我是贏家！」她大聲宣布。
0x041F,Kristy,Nanna,,0x307,0,1,False,「她一直這麼說。我不確定那是什麼意思。可能跟某種比賽有關。」
0x041F,Kristy,Kristy,,0x362,0,1,False,「掰掰！」
0x0420,Max,Max,,0x15,0,1,False,這個蹣跚學步的孩子充滿活力，當他看到你時正玩得很起勁。他停下了手邊的動作。
0x0420,Max,Max,,0x85,0,1,False,「嗨！」 Max 對你咧嘴一笑。
0x0420,Max,Max,,0xac,0,1,False,「Makth 。」
0x0420,Max,Nanna,,0xbc,0,1,False,「他說他的名字叫 Max。」
0x0420,Max,Max,,0xdf,0,1,False,「玩鬼抓人！」
0x0420,Max,Max,,0xf5,0,1,False,男孩從你身邊跑開去抓另一個孩子。
0x0420,Max,Max,,0x127,0,1,False,「我是個搞笑的男孩！」 Max 歇斯底里地大笑。「Makth 也會唱歌！」
0x0420,Max,Max,,0x198,0,1,False,「你也是，搞笑的男孩，-也- 是！」 Max 瘋狂地笑著，把他的奶嘴丟向你。他指著奶嘴說：「Binky ！」
0x0420,Max,Max,,0x225,0,2,False,Max 拼命地點頭。「Binky ！拿 Binky ！拿 Binky ！」
0x0420,Max,Max,,0x225,1,2,False,你意識到這個男孩想讓你把它撿起來。顯然這是一種只有幼童才懂的遊戲。你撿起奶嘴遞給他。他立刻把它塞進嘴裡。
0x0420,Max,Max,,0x303,0,1,False,Max 站得筆直，大聲吼道：「老不列顛王有個農場，-e-i-e-i-o-！在這個農場裡他有一隻公鴨，-e-i-e-i-o-！這裡 -嘎- -嘎-，那裡 -嘎- -嘎-，到處都是 -嘎- -嘎-！老不列顛王有個農場，-e-i-e-i-o-！」
0x0420,Max,Max,,0x3fe,0,1,False,「掰掰！」
0x0421,Nicholas,Nicholas,,0x15,0,1,False,你看到一個最近剛長成蹣跚學步階段的孩子。
0x0421,Nicholas,Nicholas,,0x52,0,1,False,「咿！呀！」 Nicholas 拉長音說道。
0x0421,Nicholas,Nanna,,0x81,0,1,False,「他的名字是 Nicholas。」
0x0421,Nicholas,Nicholas,,0xa3,0,1,False,「Nick-las 」。
0x0421,Nicholas,Nicholas,,0xb6,0,1,False,這孩子顯然深深投入在鬼抓人的遊戲中，不願停下來說話。
0x0421,Nicholas,Nanna,,0x106,0,1,False,「哎呀，他的工作就是尿濕他的尿布！對不對呀，Nicholas？」 Nanna 用疊字語氣說道。
0x0421,Nicholas,Nicholas,,0x176,0,1,False,「咿！尿-布！」
0x0421,Nicholas,Nanna,,0x18d,0,1,False,「Nicholas 是我們的孤兒之一。某天早上他被遺棄在城堡前。發生這種事真是令人悲傷的狀況。」
0x0421,Nicholas,Nicholas,,0x176,0,1,False,「咿！尿-布！」
0x0421,Nicholas,Nicholas,,0x21a,0,1,False,你注意到 Nicholas 的尿布濕了。
0x0421,Nicholas,Nanna,,0x243,0,1,False,「喔，天啊。他濕了，不是嗎？你能幫我個忙替他換一下嗎？我會很感激的！」
0x0421,Nicholas,Nicholas,,0x2ad,0,1,False,「咿——！尿-布！嘰——！」 Nicholas 高興地說。
0x0421,Nicholas,Nanna,,0x2ef,0,1,False,「尿布就在那張桌子上。如果你能拿一塊	用在 Nicholas 身上的話……」
0x0421,Nicholas,Nicholas,,0x34c,0,1,False,Nicholas 指著桌上的尿布。
0x0421,Nicholas,Nicholas,,0x36e,0,1,False,「掰掰！」
0x0422,Nanna,Nanna,,0x0,0,1,False,Nanna 因為你在友誼會集會時打擾她而給了你一個嚴厲的眼神，就像你曾經遇到過的小學老師那樣。
0x0422,Nanna,Nanna,,0x83,0,1,False,「我無法想像巴特林在哪裡。他從未缺席過友誼會的集會！」
0x0422,Nanna,Nanna,,0xd5,0,1,False,「喔！哈囉！我現在不能停下來說話。我正在去友誼會集會的路上！」
0x0422,Nanna,Nanna,,0x149,0,1,False,你看到一位散發著和藹氣息的勞工階級年長婦女。
0x0422,Nanna,Nanna,,0x18c,0,1,False,「是的，我能幫你嗎？」 Nanna 問。
0x0422,Nanna,Nanna,,0x1bb,0,1,False,「喔，大家只叫我『Nanna』。」
0x0422,Nanna,Nanna,,0x1e5,0,1,False,「我負責看管皇家育兒室。我是這些棒孩子們的保母。」
0x0422,Nanna,Nanna,,0x252,0,1,False,「近年來不列顛尼亞出生了許多嬰兒，所以不列顛王建立了這個育兒室。貴族男女能有這種奢侈的服務真是不錯，這樣他們就能專心處理日常職務了。」
0x0422,Nanna,Spark,,0x323,0,1,False,「呼！你有聞到我聞到的味道嗎，聖者？」
0x0422,Nanna,Iolo,,0x35e,0,1,False,「我相信那是尿布的味道，孩子。當有一天你成為父親時，你就會很熟悉那個味道了。」
0x0422,Nanna,Nanna,,0x3d5,0,1,False,「嗯，我餵他們吃飯、幫他們換尿布，並大聲朗讀你看到散落在一旁的所有書籍。幸運的是，我有 Sherry 來幫我。」
0x0422,Nanna,Nanna,,0x47c,0,1,False,「不列顛王把這些書從他的家鄉帶來的。這些對我們不列顛尼亞來說非常陌生，但孩子們一樣很喜歡。」
0x0422,Nanna,Nanna,,0x507,0,1,False,「Sherry 是一隻特別的老鼠，她在城堡裡住了很多、許多年了。她會為孩子們朗誦故事。」
0x0422,Nanna,Nanna,,0x57e,0,1,False,「他們很可愛，不是嗎？每一天他們似乎都學得越來越多。大部分時間他們都是一種快樂。」 Nanna 神秘兮兮地對你耳語，「而在其他時候，我真想把他們連同洗澡水一起倒掉！」
0x0422,Nanna,Nanna,,0x66a,0,1,False,「孩子們現在一定在外面和 Sherry 玩。」
0x0422,Nanna,Nanna,,0x6a0,0,1,False,「是的，我想這真的是一種奢侈。不列顛尼亞較貧窮的人當然沒有這種照顧他們孩子的服務。富人確實有優勢。」你從她的聲音中聽出了一絲苦澀。
0x0422,Nanna,Nanna,,0x76b,0,1,False,「我絕不是要抱怨。我很熱愛我的工作。但與許多貴族男女的想法相反，不列顛尼亞的階級結構比以往任何時候都存在。稅收令人難以承受。俗話說，富人越來越富，窮人越來越窮。」
0x0422,Nanna,Nanna,,0x873,0,1,False,「不列顛尼亞稅務委員會把我們都榨乾了。尤其是中下階層。」
0x0422,Nanna,Nanna,,0x8c8,0,1,False,「嗯，你看看周圍！有錢人住在富麗堂皇的城堡裡。而就在外面，窮人住在破屋裡。你知道石像鬼（gargoyles）有分有翅膀和沒翅膀的嗎？嗯，看來人類也變得同樣分裂了。這片土地上不再有團結了。這就是為什麼我加入了友誼會。」
0x0422,Nanna,Nanna,,0xa0c,0,1,False,她注意到了你的徽章。「但你已經知道這一切了！
0x0422,Nanna,Nanna,,0xa4f,0,1,False,「你真的應該來參加集會。你會學到很多！」
0x0422,Nanna,Nanna,,0xa8c,0,1,False,「祝你有個美好的一天！一定要快點再回來拜訪喔！」
0x0423,Csil,Csil,,0x1c,0,1,False,你看見一位看起來睿智而誠實的治療師。
0x0423,Csil,Csil,,0x53,0,1,False,「我一直期待你的到來，聖者。消息傳得很快。很高興見到你！」
0x0423,Csil,Csil,,0xab,0,1,False,「又見面了，聖者！」 Csil 微笑著說。
0x0423,Csil,Csil,,0xdf,0,1,False,「我是治療師 Csil ，雖然在過去的生活中我被稱為 Abrams 。當我晉升時我變成了 Csil 。」
0x0423,Csil,Csil,,0x15b,0,1,False,「我是不列顛城的治療師，已經很多年了。如果你希望雇用我的服務，請告訴我。我非常樂意幫忙。」
0x0423,Csil,Csil,,0x1e3,0,1,False,「當我的名字是 Abrams 時，我住在 New Magincia 島並在那裡做學徒。我的診所發展壯大，很快我就乘船去 Moonglow 看那裡的病人了。」
0x0423,Csil,Csil,,0x29c,0,1,False,「很快我在三個島上都有了病人。就在那時，不列顛王聽說了我的診所。」
0x0423,Csil,Csil,,0x30d,0,1,False,「我的診所發展迅速。我是個謙虛的人，但我不介意說我是一個受歡迎的治療師。」
0x0423,Csil,Shamino,,0x37d,0,1,False,「他可能是全不列顛尼亞最好的治療師。哎呀，他立刻治好了我的一個，呃，特殊問題。」
0x0423,Csil,Iolo,,0x3f7,0,1,False,「喔？什麼問題？」
0x0423,Csil,Shamino,,0x414,0,1,False,「別在意。全世界不需要知道這件事。」
0x0423,Csil,Csil,,0x44c,0,1,False,「嗯，不列顛王自己也感染了某種疾病。他派人找我。我一離開病人就趕到城堡檢查了國王。在我看來，似乎有什麼東西侵入了他的血液。我對此有一個理論，我堅信它是正確的。然而，其他人並不認同我的觀點。」
0x0423,Csil,Csil,,0x57b,0,1,False,「我相信大多數疾病是由微小的生物引起的。我們無法用肉眼看到這些東西。然而，我正在致力於開發一種儀器，可以 -看到- 這些生物。我相信總有一天，治療將完全不依賴魔法，而是依賴某種形式的治療，使人不容易受到這些生物的感染。由於這些動物是生物，我稱這種理論上的治療為『抗生素療法』。你覺得呢，聖者？我走在正確的道路上嗎？」
0x0423,Csil,Csil,,0x74e,0,1,False,「很好。我也這麼認為。」
0x0423,Csil,Csil,,0x773,0,2,False,「不？嗯。」 Csil 看起來很憂慮。「好吧，我無法相信傳統的放血療法，直到疾病離開他的身體。一定有另一種方法……」
0x0423,Csil,Csil,,0x773,1,2,False,Csil 看著他的筆記，擔心他的理論是無效的。
0x0423,Csil,Csil,,0x853,0,1,False,「有一群人不鼓勵我的研究。我們完全合不來。我認為他們對治療師有一種超越單純不信任的反感。你知道我指誰嗎？」
0x0423,Csil,Csil,,0x8f3,0,1,False,Csil 點點頭。「我也這麼想。友誼會並不……像他們看起來的那樣。」
0x0423,Csil,Csil,,0x950,0,1,False,「不知道？」 Csil 壓低聲音說。「是友誼會。」
0x0423,Csil,Csil,,0x99a,0,1,False,「他們有一套概述其信仰的教義。他們相信如果一個人面臨痛苦，那麼他別無選擇，只能經歷它才能成為一個『更好的人』。我不同意這點。沒有人應該經歷不必要的痛苦。但是……他們有權保留自己的意見。」
0x0423,Csil,Csil,,0xab2,0,1,False,「再見，聖者。」
0x0424,Zella,Zella,,0x15,0,1,False,你看見一位身材精瘦、帶有幾分瀟灑氣質的年輕戰士。
0x0424,Zella,Zella,,0x5e,0,1,False,「又見面了！」 Zella 說。
0x0424,Zella,Zella,,0x81,0,1,False,「我的名字是 Zella。」
0x0424,Zella,Zella,,0xa0,0,1,False,「我是個訓練員。我專精於肉搏戰。畢竟，一個戰士永遠不知道何時可能會遇到對手，卻突然意識到自己手無寸鐵。我稱之為『拳擊』。拳擊不僅是一種戰鬥方法——它是一門藝術。」
0x0424,Zella,Zella,,0x1a2,0,1,False,「戰場包含許多競技場。幾乎任何情況都可能發生。每個戰士都應該了解並精通多種戰鬥形式。我有我自己的戰鬥理論。」
0x0424,Zella,Zella,,0x256,0,1,False,「所有不同的戰鬥競技場，以及在用不同武器戰鬥時可能學到的所有不同風格，都不是最純粹形式的戰鬥。要真正成為一名偉大的戰士，必須追溯到所有戰鬥知識的源頭。」
0x0424,Zella,Zella,,0x33b,0,1,False,「就像城堡是從地基往上建的一樣，戰士也是如此。不能一開始就學習用武器戰鬥。武器只是人體末端的延伸。一個真正的戰士首先學會使用他的四肢。」
0x0424,Zella,Zella,,0x416,0,1,False,「別搞錯了。戰士是後天訓練出來的，而不是天生的。如果沒有求勝的心和意志，世界上所有天賦都無濟於事。那種意志的一部分，是去尋找自己的極限並努力超越它們的勇氣。」
0x0424,Zella,Zella,,0x504,0,1,False,「你的手臂。你的雙腿。你的拳頭。這就是『拳擊』的基礎。」
0x0424,Zella,Zella,,0x559,0,1,False,「我的訓練價格是 45 金幣。可以嗎？」
0x0424,Zella,Zella,,0x58e,0,1,False,「那麼你或許可以在其他地方找到更便宜的訓練。」
0x0424,Zella,Zella,,0x5d4,0,1,False,「麻煩你在正常的訓練時間再來，好嗎？」
0x0424,Zella,Zella,,0x60e,0,1,False,「祝你有美好的一天。」
0x0425,Lucy,Lucy,,0x31,0,1,False,你看見一位五十多歲、頗具魅力的女人。她帶著溫暖的微笑。「歡迎！陌生人，你是誰？」
0x0425,Lucy,Lucy,,0xaa_0xc0,0,1,True,「哎呀！哈囉～<PLAYER_NAME>。」
0x0425,Lucy,Lucy,,0xc7,0,1,False,「哇喔！大家聽好！這位就是聖者！」
0x0425,Lucy,Lucy,,0xfb,0,1,False,藍野豬酒館 (Blue Boar) 裡的每個人都笑了。
0x0425,Lucy,Lucy,,0x133,0,1,False,「我敢打賭你需要來杯飲料，對吧？」
0x0425,Lucy,Dupre,,0x167,0,1,False,「該死！她怎麼知道的？」
0x0425,Lucy,Lucy,,0x18c,0,1,False,「喔，真的嗎？」她故作驚訝地說。「哎呀，我一直都很想見見聖者！」
0x0425,Lucy,Lucy,,0x1ed_0x200,0,1,True,「要點什麼，<PLAYER_NAME>？」Lucy 問。
0x0425,Lucy,Lucy,,0x212_0x200,0,1,True,「有什麼我能為你效勞的，<PLAYER_NAME>？」Lucy 問。
0x0425,Lucy,Lucy,,0x237,0,1,False,「我是 Lucy！」
0x0425,Lucy,Lucy,,0x24c,0,1,False,「我經營藍野豬酒館。不列顛尼亞最古老的酒館。」
0x0425,Lucy,Lucy,,0x292,0,1,False,「如果你想吃點或喝點什麼，只要說一聲！」
0x0425,Lucy,Lucy,,0x2df,0,1,False,她對 Dupre 說。「那你呢，帥哥？想吃點什麼嗎？」她眨了眨眼。
0x0425,Lucy,Dupre,,0x336,0,1,False,「親愛的，妳會讓任何男人都感到飢餓！」
0x0425,Lucy,Lucy,,0x371_0xc0,0,1,True,「我喜歡你的朋友，<PLAYER_NAME>。」
0x0425,Lucy,Lucy,,0x38d,0,1,False,「如果你在營業時間來酒館，我很樂意為你服務！」
0x0425,Lucy,Lucy,,0x3d3_0x511,0,2,True,「這是個適合狂歡的絕佳場所！它已經在這裡很久了！我從我祖父那裡繼承了它。我喜歡這裡是因為我熱愛烹飪。還有吃。」她笑著說。「還有喝！」她再次大笑。
0x0425,Lucy,Lucy,,0x3d3_0x511,1,2,True,「但最主要的是，我喜歡這裡是因為能遇到這麼多有趣的人。就像你一樣，<PLAYER_NAME>！」
0x0425,Lucy,Lucy,,0x523,0,1,False,「你看起來就像是那種喜歡好好狂歡一下的人！
0x0425,Lucy,Lucy,,0x563,0,1,False,「晚上回到酒館來聽我們的駐唱樂團，『聖者旅團』的表演吧！」
0x0425,Lucy,Lucy,,0x5c8,0,1,False,「我們的駐唱樂團『聖者旅團』正在另一個房間表演！」
0x0425,Lucy,Lucy,,0x614,0,1,False,Lucy 笑了。「狂歡！唱歌！跳舞！吃東西！喝酒！在一個可以讓人停下來享受生活的地方和時刻！我看得出來，你已經很久沒有品嚐不列顛尼亞生活中簡單的樂趣了！」
0x0425,Lucy,Lucy,,0x6f2_0x511,0,1,True,「他們是當地受歡迎的合唱團。我相信你會喜歡他們的，<PLAYER_NAME>！」
0x0425,Lucy,Lucy,,0x73e,0,1,False,「喔，我好喜歡認識那些喜歡出門『殺』東西的男人！」
0x0425,Lucy,Lucy,,0x78a,0,1,False,「我這裡提供的每樣東西都很美味。我強烈推薦你嚐嚐『銀樹葉』這道菜。保證物超所值！」
0x0425,Lucy,Lucy,,0x810,0,1,False,「我提供不列顛城最棒的麥酒和葡萄酒。」
0x0425,Lucy,Lucy,,0x84a,0,1,False,「它是用一種非常稀有樹木的葉子做成的。非常棒！」
0x0425,Lucy,Lucy,,0x893,0,1,False,「晚點聊！」
0x0426,Greg,Greg,,0x15,0,1,False,你看見一位滿臉笑容、說話和舉止都很熱情的商人。
0x0426,Greg,Greg,,0x5b_0x89,0,1,True,「哎呀，有什麼我能為你效勞的，<HONORIFIC>？」 Greg 問。
0x0426,Greg,Greg,,0x9c,0,1,False,「哎呀，我的名字是 Greg 。很高興見到你。」
0x0426,Greg,Greg,,0xd9,0,1,False,「哎呀，我在不列顛城這裡經營雜貨店。這是無畏勇者的第二個家。」
0x0426,Greg,Greg,,0x155,0,1,False,「哎呀，你看起來像是一個對冒險毫不陌生的人。無論你是在爬山、航行在海洋、穿越沙漠、探索地城或在星空下露宿，我都有你可能需要的東西。」
0x0426,Greg,Greg,,0x22c,0,1,False,「我把我的店搬到這裡，是為了服務不列顛王，他專門委託我為他的各種探險隊提供裝備。這是真的！」
0x0426,Greg,Greg,,0x2cb,0,1,False,「我以前的店開在 Paws 。但 Paws 沒有人有錢買太多東西。」
0x0426,Greg,Greg,,0x31a,0,1,False,「每個冒險家需要的都是好運！這家店、這裡買的物品、關於我和我的店，就是有一種非常幸運的特質。我可以給你舉個例子來說明我的意思。」
0x0426,Greg,Greg,,0x3e9,0,1,False,「一個名叫 Gorn 的戰士曾經向我買了一把鏟子，他告訴我這把鏟子救了他的命。」
0x0426,Greg,Greg,,0x46b,0,1,False,「或許你認識 Gorn 。他說話帶有非常奇特的口音！」
0x0426,Greg,Greg,,0x4b1,0,1,False,「Gorn 想在某處挖掘埋藏的寶藏，這時他聽到身後有聲響。轉過身時，他驚恐地看到一群不死骷髏正向他衝來！在急於挖出寶藏的過程中，他解開了腰帶並放下了劍。他手裡唯一拿著的東西就是那把鏟子。他立刻開始揮舞它，結果把所有的骷髏都打成了碎片！他現在把它當成他的『幸運鏟子』！」
0x0426,Greg,Greg,,0x63a,0,1,False,「這是不列顛王最喜歡的雜貨店。他親口告訴我的。各種著名的冒險家都會走進這扇門。哎呀，就在上週，聖者本人就來過我這家店！」
0x0426,Greg,Greg,,0x6ef,0,1,False,「哎呀，既然我都提到了，他的穿著跟你還真像。是的，他真的很像。」
0x0426,Greg,Greg,,0x760,0,1,False,「哎呀，我好像記得那位聖者也戴著一個和你戴的那個一樣的友誼會徽章。嗯。而且他幾乎把我搶個精光。我得小心盯著你，我會的。」
0x0426,Greg,Greg,,0x838,0,1,False,「嗯，他說他是聖者。但話說回來，遇到一些瘋子或傻瓜自稱是聖者也沒什麼不尋常的！」他看著你，有一瞬間顯得有些尷尬。
0x0426,Greg,Greg,,0x8e1,0,2,False,「他穿得像聖者，就像你現在的打扮。起初我以為是 Jesse ，就是那位在那個導演的戲裡扮演聖者的演員……他叫什麼名字來著？
0x0426,Greg,Greg,,0x8e1,1,2,False,「喔，算了。總之不是他。」
0x0426,Greg,Greg,,0x9b4,0,1,False,「你會以為一個看起來像聖者的人是值得信任的。但是，不。在這個時代，誰也說不準會發生什麼事！」
0x0426,Greg,Greg,,0xa3f,0,1,False,「我的顧客都是那些出去展現英勇與大膽冒險的人。但大多數人都會一次又一次地回來購買更多物資。我的顧客做著這麼多危險的事，我居然沒有失去他們所有人並倒閉，這真是個奇蹟！」
0x0426,Greg,Greg,,0xb39,0,1,False,「非常抱歉，雜貨店目前休息。請在中午重新營業時再來。」
0x0426,Greg,Greg,,0xb8b,0,1,False,「就像我說的，我們有你度過一次美妙冒險所需的一切！」
0x0426,Greg,Greg,,0xbda_0xbf9,0,1,True,「祝你有美好的一天，<HONORIFIC>。」
0x0427,Neno,Neno,,0x0,0,1,False,Neno 正忙著和『聖者旅團』一起表演，現在無法說話。
0x0427,Neno,Neno,,0x49,0,1,False,「我必須趕去藍野豬酒館 (Blue Boar) 表演！『聖者旅團』今晚要演出！」
0x0427,Neno,Neno,,0xbe,0,1,False,你看見一位英俊且打扮浮誇的音樂家。
0x0427,Neno,Neno,,0xf2,0,1,False,「你好，」 Neno 說。
0x0427,Neno,Neno,,0x10e,0,1,False,音樂家向你點點頭。「我是 Neno 。」
0x0427,Neno,Neno,,0x13f,0,1,False,「我正在學習成為不列顛尼亞有史以來最偉大的吟遊詩人。我可能 -已經- 是不列顛尼亞有史以來最偉大的吟遊詩人了。」你注意到 Neno 一點也不謙虛。
0x0427,Neno,Neno,,0x21b,0,1,False,「成為一名吟遊詩人是莫大的榮譽。你帶給其他人快樂，同時也滿足了自己內心的創作慾望。這真的很神奇。我是從我在『聖者旅團』演奏的經驗中知道這點的。」
0x0427,Neno,Neno,,0x301,0,1,False,「音樂廳提供了極佳的學習環境。 Judith 是位很棒的老師，而且這裡的機會都是最高品質的。總有一天我會環遊世界，娛樂平民和貴族。」
0x0427,Neno,Neno,,0x3bf,0,1,False,「我的夢想是名揚四海。我會每年在全國巡迴演出，並在每個城鎮最大的酒館表演。」他向你眨眼。「我一定能迷倒女人們，你不覺得嗎？」
0x0427,Neno,Neno,,0x47a,0,1,False,「這是一個我參與演出的合唱團。我們每晚在藍野豬酒館表演。請來聽我們演出。」 Neno 湊近耳語，「但我打算很快就開始獨唱。我顯然是這四重唱裡最有才華的成員。」
0x0427,Neno,Neno,,0x55c,0,1,False,「再會！你一定要留意我們演出日期的公告喔！」
0x0428,Judith,Judith,,0x0,0,1,False,Judith 正忙著和『聖者旅團』一起表演，現在無法說話。
0x0428,Judith,Judith,,0x4b,0,1,False,「我得走了！我跟『聖者旅團』的表演要遲到了！晚點再跟你聊！」
0x0428,Judith,Judith,,0xbc,0,1,False,你看見一位眼中閃爍著音樂光芒、充滿魅力的中年婦女。
0x0428,Judith,Judith,,0x108,0,1,False,「你好！」 Judith 說。
0x0428,Judith,Judith,,0x126,0,1,False,「我是 Judith 。而且我已經知道你是誰了！」
0x0428,Judith,Judith,,0x162,0,1,False,「我在音樂廳教音樂。我也會透過與『聖者旅團』一起演奏來賺點外快！」
0x0428,Judith,Judith,,0x1e4,0,1,False,「音樂就是我的生命。我知道我永遠不會成為一個著名的吟遊詩人，但我從演奏和表演中獲得了極大的樂趣。我也很享受教學。」
0x0428,Judith,Judith,,0x297,0,1,False,「不列顛王幾年前任命我為音樂老師。這是一份很棒的工作！」
0x0428,Judith,Judith,,0x2ec,0,1,False,「我們是一個合唱團。我們每晚在藍野豬酒館表演。請來聽我們的演出！我的學生 Neno 也在團裡。如果我們能籌到資金，我們希望明年能在全國巡迴演出。」
0x0428,Judith,Judith,,0x3bc,0,1,False,「教導他人實現了我人生的目標。這也讓我有時間離開家裡。」
0x0428,Judith,Judith,,0x418,0,1,False,「喔，我不想談論我的家。我的丈夫和我……嗯，我們並非完全……幸福。」
0x0428,Judith,Judith,,0x486,0,2,False,「你可能認識他。他是城鎮市長 Patterson。他是個聰明誠實的人，但我們之間存在分歧。
0x0428,Judith,Judith,,0x486,1,2,False,「我不知道我為什麼要告訴你這些！」
0x0428,Judith,Judith,,0x536,0,1,False,「嗯，首先，他是那個團體『友誼會』的成員。另一件事是他很少待在家裡。我真不敢相信他工作那麼辛苦。」
0x0428,Judith,Judith,,0x5e1,0,1,False,「他們似乎已經接管了我們的生活。他們似乎已經接管了我們的國家！」
0x0428,Judith,Judith,,0x642,0,2,False,「他總是說他得工作到很晚。有些晚上他在黎明前回家。其他晚上他整夜都在外面。
0x0428,Judith,Judith,,0x642,1,2,False,「嗯，我不能去想這件事。我只會感到難過。我必須專心於我的音樂。」
0x0428,Judith,Judith,,0x714,0,1,False,Judith 帶著微笑並揮了揮手後，回到了她的樂器旁。
0x0429,Candice,Candice,,0x0,0,1,False,Candice 正專心聆聽友誼會的聚會。
0x0429,Candice,Candice,,0x2e,0,1,False,「你有看到巴特林嗎？他沒有出席友誼會的聚會！」
0x0429,Candice,Candice,,0x74,0,1,False,「喔！我不能停下來跟你說話！我去參加友誼會聚會要遲到了！」
0x0429,Candice,Candice,,0xe2,0,1,False,這是一位看起來比實際年齡年輕許多的聰慧女子。
0x0429,Candice,Candice,,0x125,0,1,False,「哎呀！你真是名不虛傳！聖者本尊！你來到不列顛城的消息已經傳開了！」
0x0429,Candice,Candice,,0x18c,0,1,False,Candice 看起來對某件事感到心虛。她向你輕輕揮了揮手，但什麼也沒說。她看著 Patterson，希望由他來發言。
0x0429,Candice,Candice,,0x21b,0,1,False,「是，聖者？」 Candice 說。
0x0429,Candice,Candice,,0x21b,0,1,False,「是，聖者？」 Candice 說。
0x0429,Candice,Candice,,0x240,0,1,False,「我的名字是 Candice ，」她輕快地說。「我必須說我很榮幸能見到聖者！」她屈膝行禮。
0x0429,Candice,Candice,,0x2b6,0,1,False,「我是皇家博物館的館長。」
0x0429,Candice,Candice,,0x2de,0,1,False,「歡迎隨時詢問關於展品的任何事。」
0x0429,Candice,Candice,,0x312,0,1,False,「我希望在博物館開放時能在那裡見到你。」
0x0429,Candice,Candice,,0x34f,0,1,False,「我把其餘的時間都花在與友誼會合作上。」
0x0429,Candice,Candice,,0x3ad,0,1,False,「它在不列顛城已經很多很多年了。它收藏了歷史文物，以及藝術品。」
0x0429,Candice,Candice,,0x41f,0,1,False,「我們剛開放了一個你可能會感興趣的特別區域——『聖者文物』特展！」
0x0429,Candice,Candice,,0x490,0,1,False,「在博物館開放時過來參觀吧！」
0x0429,Candice,Candice,,0x4be,0,1,False,「那裡有早期不列顛尼亞的遺物，甚至還有黑暗三時期 (Three Ages of Darkness) 的遺物——那是不列顛尼亞還被稱為 Sosaria 時的事。」
0x0429,Candice,Candice,,0x569,0,1,False,「嗯，你肯定認得它們。它們應該是真品！像是銀角 (Silver Horn) 和八顆石頭。據我了解，這些石頭曾用於傳送，如果現今的法師腦子沒那麼有問題，他們可以在石頭上施放『喚回術（Recall）』法術傳送到不列顛尼亞各地的特定地點。我相信如果有人在上面施放『標記術（Mark）』法術，你就能重新指定傳送地點！但我想現在這些都不起作用了。」
0x0429,Candice,Iolo,,0x733,0,1,False,Iolo 對你耳語：「呃，聖者，你知道我不贊同偷竊。但是，呃，我確實相信這些石頭對我們會有用。也許我們該等博物館關門後再來，如果你懂我的意思？畢竟～從技術上來說，這些物品是屬於你的！」
0x0429,Candice,Candice,,0x83e,0,1,False,「不列顛尼亞為那些將作品捐贈給博物館的藝術家感到自豪。你將會在全國各地看到由不列顛尼亞藝術家 Watson、Richard Fox、Randi Frank、Glen Johnson 和 Denis Loubet 所創作的作品。」
0x0429,Candice,Candice,,0x925,0,1,False,「我們每晚在大廳聚會。你一定要來參觀！
0x0429,Candice,Candice,,0x95f,0,1,False,「你現在一定已經完全了解了吧！我希望能在晚間的聚會上見到你！
0x0429,Candice,Candice,,0x9ba,0,1,False,「友誼會給了我一個偉大的人生目標。我結交了新朋友，甚至找到了愛情！」她咯咯地笑。「糟糕！我洩漏了我的秘密！我不能談論這個。請忘掉我說的話，好嗎？」
0x0429,Candice,Candice,,0xaa4,0,1,False,「我想要在友誼會中獲得更高層次的認可。我想要聽到『聲音』。那是我唯一真正的目標。」
0x0429,Candice,Candice,,0xb27,0,1,False,「你不知道嗎？成為友誼會成員的時間越長，聽到『聲音』的機會就越大。據說，你將會聽到一個男人的聲音——也許在你的夢中，也許當你在專注於其他事情時——這是一個告訴你事情、給你建議的聲音。我真的不知道。我還沒聽過，所以我只是說說從其他比我幸運的人那裡聽來的事。」
0x0429,Candice,Candice,,0xca8,0,2,False,「什麼秘密？我 -沒有- 秘密！那是口誤。我真的不能跟任何人談論它。哎呀，如果市長和我的事傳出去……我是說，嗯，-可不可以- 請你……呃，請你忘記我說過的話？」
0x0429,Candice,Candice,,0xca8,1,2,False,Candice 羞得滿臉通紅，轉過身去。
0x0429,Candice,Candice,,0xdba,0,1,False,「祝你有美好的一天，聖者。」
0x042A,Cynthia,Cynthia,,0x22,0,1,False,你看見一位看起來熱心且有效率的女人。
0x042A,Cynthia,Cynthia,,0x59,0,1,False,「有什麼我能幫你的嗎？」 Cynthia 問。
0x042A,Cynthia,Cynthia,,0x8d,0,1,False,「我的名字是 Cynthia 。」
0x042A,Cynthia,Cynthia,,0xaf,0,1,False,「我是造幣廠 (Mint) 的出納員。我也是不列顛尼亞稅務委員會的一員。」
0x042A,Cynthia,Cynthia,,0x138,0,1,False,「在造幣廠，我們儲存黃金，監督硬幣的生產，並準確統計王國有多少可用資金，用於農業、修建道路、開發淡水資源、照顧公民的健康、維護貴族的莊園、招募守衛民兵以及執行不列顛王的法令。」
0x042A,Cynthia,Cynthia,,0x272,0,1,False,「不列顛尼亞稅務委員會負責稅收的會計、評估和徵收。如果你要在不列顛尼亞這裡賺錢，你需要拿著這份文件。」
0x042A,Cynthia,Cynthia,,0x30c,0,1,False,「填寫完後，在年底回來繳稅時把它交回這裡。」
0x042A,Cynthia,Cynthia,,0x34f,0,1,False,「你帶了太多東西了。等你沒有背負那麼重時再來，我會把文件給你。」
0x042A,Cynthia,Cynthia,,0x3b0,0,2,False,「為了保持貨幣標準的穩定，我們也為那些擁有大量黃金的人提供兌換服務。
0x042A,Cynthia,Cynthia,,0x3b0,1,2,False,我們提供等值於他們黃金的王國流通硬幣，然後將我們收到的黃金轉換成更多的錢。所以，如你所見，這是一個非常有效率的系統。」
0x042A,Cynthia,Cynthia,,0x4d1,0,1,False,「我肯定你一定知道，那場幸好在幾年前結束的七年大旱，讓王國的大部分農業陷入混亂。這就是為什麼食物的成本如此昂貴。但如果沒有皇家金庫的支持，價格會更高。」
0x042A,Cynthia,Cynthia,,0x5b6,0,1,False,「馬車使用量的增加導致不列顛尼亞各地的許多道路迅速惡化。修建新道路並保持它們的維修需要花費大量的資金。」
0x042A,Cynthia,Cynthia,,0x653,0,1,False,「確保其人民擁有乾淨的水源對王國來說是至關重要的，這需要定期供應新的、乾淨的水井。」
0x042A,Cynthia,Cynthia,,0x6d2,0,1,False,「由於不列顛尼亞的人口在過去兩百年間大幅增加，傳染病的風險也隨之增加，例如那些服用銀蛇毒液的人所感染的神秘皮膚惡化症。王國需要的治療師數量急劇上升。」
0x042A,Cynthia,Cynthia,,0x7b4,0,1,False,「當地領主和市長的住所都由王國贊助維護。」
0x042A,Cynthia,Cynthia,,0x7f4,0,1,False,「軍事訓練在 Serpent's Hold 進行，保護不列顛尼亞所有城鎮的守衛都在那裡受訓。這是由皇家金庫資助的。」
0x042A,Cynthia,Cynthia,,0x883,0,1,False,「這不僅適用於黃金，也適用於所有礦物。我們負責監督不列顛尼亞礦業公司 (不列顛尼亞n Mining Company) 開採的珍貴礦石的銷售和兌換率。但我們不處理寶石的銷售。城裡有一家珠寶商負責處理那部分。」
0x042A,Cynthia,Cynthia,,0x991,0,1,False,「你有一些想要兌換的黃金嗎？」
0x042A,Cynthia,Cynthia,,0x9bf,0,1,False,「我看到你沒有金塊或金條。你擁有的任何黃金都已經是王國的硬幣了。我無法再幫你更多了。」
0x042A,Cynthia,Cynthia,,0xa41,0,1,False,「我們可以將你的金塊和金條兌換成可花費的硬幣。每一塊金塊我會給你十枚金幣，每一根金條我會給你一百枚金幣。」
0x042A,Cynthia,Cynthia,,0xae1,0,1,False,「喔，天啊。你不可能拿得下這麼多金幣。你必須在你的背包有更多空間時再來。」
0x042A,Cynthia,Cynthia,,0xb51_0xb65_0xb7f,0,1,True,「這是給你的 <VAR> 枚金幣作為回報，<HONORIFIC>。感謝你的光臨。」
0x042A,Cynthia,Cynthia,,0xb9b,0,1,False,「很好。或許下次吧。」
0x042A,Cynthia,Cynthia,,0xbbd,0,1,False,「請在正常營業時間來造幣廠 (The Mint)。」
0x042A,Cynthia,Cynthia,,0xbf6,0,1,False,「James 是我的丈夫，我非常擔心他。我知道他最近感到很不快樂，而且他不喜歡他的工作。如果你有跟他說話，請告訴他，即使我們最近沒說什麼話，我仍然在想著他，我仍然在乎他。」
0x042A,Cynthia,Cynthia,,0xced_0xd0c,0,1,True,「祝你有美好的一天，<HONORIFIC>。」
0x042B,Patterson,Patterson,,0x0,0,1,False,Patterson 正專心參與友誼會聚會，不想說話。
0x042B,Patterson,Patterson,,0x3c,0,1,False,「我想知道巴特林在哪裡！錯過聚會可不像他的作風。」
0x042B,Patterson,Patterson,,0x88,0,1,False,「我現在不能停下來說話。我去參加友誼會聚會要遲到了！」
0x042B,Patterson,Patterson,,0xff,0,1,False,你看見一位四十多歲的貴族，看起來像個政治家或衣著考究的商人。
0x042B,Patterson,Patterson,,0x15a,0,1,False,「聖者！我剛剛得知你來到了我們美麗的城市！我一直期待著你！」
0x042B,Patterson,Patterson,,0x1b5,0,1,False,「聖者！呃，嗯，你好嗎？喔，你認識 Candice 嗎，皇家博物館的館長？她是友誼會的『弟兄』。我，呃，只是護送她回家！」
0x042B,Patterson,Iolo,,0x25b,0,1,False,「嗯。那你的妻子知道你護送 Candice 回家嗎？」
0x042B,Patterson,Patterson,,0x29b,0,1,False,你問 Judith 是否知道這件事。
0x042B,Patterson,Patterson,,0x2c2,0,4,False,「哎呀，她不需要知道！這不重要！真的沒什麼！」
0x042B,Patterson,Patterson,,0x2c2,1,4,False,市長滿頭大汗。他用豆子般的小眼睛看著你。他知道自己被發現了。他的身體癱軟下來。他感到羞愧難當。
0x042B,Patterson,Patterson,,0x2c2,2,4,False,「你發現了我的……我們的秘密。請不要告訴 Judith 。我……會結束這一切的。我發誓。 Candice ——我們必須停止見面。我……對不起。」
0x042B,Patterson,Patterson,,0x2c2,3,4,False,你決定留下 Patterson 和 Candice 去解決發生的事情，並希望市長學到了關於誠實的一課。
0x042B,Patterson,Patterson,,0x4c3,0,1,False,「有什麼我能幫你的嗎？」 Patterson 問。
0x042B,Patterson,Patterson,,0x4c3,0,1,False,「有什麼我能幫你的嗎？」 Patterson 問。
0x042B,Patterson,Patterson,,0x4f9,0,1,False,「我是 Patterson 。以我父親的名字命名。」他伸出手，握住你的手，並堅定地搖了搖。「能見到聖者真是太榮幸了！」
0x042B,Patterson,Patterson,,0x595,0,2,False,「哎呀，我是城鎮市長！也就是不列顛城的城鎮市長！我想讓你知道，我的選舉是一場壓倒性的勝利！我的對手根本沒有機會！
0x042B,Patterson,Patterson,,0x595,1,2,False, 「我也是不列顛尼亞稅務委員會的主席。」
0x042B,Patterson,Patterson,,0x698,0,2,False,「那是在兩年前舉行的。我獲得了 84% 的選票。我必須承認，這是一場令人印象深刻的勝利。
0x042B,Patterson,Patterson,,0x698,1,2,False, 「當然，當一個人背後有像友誼會這樣的團體支持時……」
0x042B,Patterson,Patterson,,0x76e,0,1,False,「他是一位名叫 Brownie 的老農夫。沒有多少錢投入競選。就連農民都不支持他。」
0x042B,Patterson,Patterson,,0x7e2,0,1,False,「自從我加入後，我的生活有了很大的改善。我發現我的誠實無懈可擊，我的領導能力無可挑剔，我對妻子的愛更是無可指責。
0x042B,Patterson,Patterson,,0x88b,0,1,False,「你應該考慮參加我們晚上的聚會。」
0x042B,Patterson,Patterson,,0x8bf,0,1,False,「我敢打賭你的生活也改善了！」
0x042B,Patterson,Patterson,,0x8fb,0,1,False,「我有這麼說嗎？我絕對不是那個意思。不列顛城已經沒有階級制度了，整個國家也都沒有！我的意思是『農民階級』，也就是那些沒有優越血統的人—— Brownie 就是那種人——『他們』也不支持他。他們知道誰會是最好的領導者！」
0x042B,Patterson,Patterson,,0xa38,0,1,False,「我有這麼說嗎？我想我並不是那個意思。我想說的是，有些人出身於地位比其他人更好的家庭。而 Brownie 不是其中之一！但別誤會我——我仍然堅持不列顛尼亞的階級制度已經被廢除了！」
0x042B,Patterson,Patterson,,0xb3b,0,2,False,「她說什麼？嗯，她錯了！虧她還是個『弟兄』。友誼會的一員！我得跟巴特林談談她的事。」
0x042B,Patterson,Patterson,,0xb3b,1,2,False,你注意到 Patterson 似乎感到不安。
0x042B,Patterson,Patterson,,0xbe8,0,1,False,「我顯然是不列顛城最誠實的人！也許我該搬去 Moonglow！哈！」
0x042B,Patterson,Patterson,,0xc4e,0,1,False,「她的名字是 Judith 。她是音樂廳的音樂老師。也許你見過她。我們的關係非常美好。」
0x042B,Patterson,Patterson,,0xcc3,0,2,False,「這片土地必須有某種產生收入的方法。稅收是唯一的解決方案。每個商人和農夫都要納稅。任何靠工作謀生的人都要納稅。」
0x042B,Patterson,Patterson,,0xcc3,1,2,False, 「不列顛尼亞稅務委員會的主要辦公室在皇家造幣廠。」
0x042B,Patterson,Patterson,,0xdba,0,1,False,「哎呀，我不知道她在說什麼！我只是工作到很晚，僅此而已！」
0x042B,Patterson,Iolo,,0xe12,0,1,False,Iolo 對你耳語：「這個人似乎很有防禦心，你不覺得嗎？我說我們應該觀察他，看看他今晚在友誼會聚會後去了哪裡。」
0x042B,Patterson,Patterson,,0xeb1,0,2,False,Patterson 瞪大了眼睛，有一瞬間看起來非常緊張。但他很快就恢復了鎮定。
0x042B,Patterson,Patterson,,0xeb1,1,2,False, 「Candice？哎呀，她是個朋友！友誼會的『弟兄』！僅此而已！」
0x042B,Patterson,Patterson,,0xf6b,0,2,False,你轉述了不列顛王關於幾年前在不列顛城發生謀殺案的說法。 Patterson 點點頭。
0x042B,Patterson,Patterson,,0xf6b,1,2,False,「我記得很清楚。那非常令人毛骨悚然。有一個名叫 Finster 的人正在競選公職。他對自己的意見非常直言不諱，我想這給他帶來了麻煩。」
0x042B,Patterson,Patterson,,0x1094,0,1,False,「他試圖進行許多社會變革。他希望大議會 (Great Council) 和不列顛尼亞稅務委員會有更多權力，而且他想解散友誼會。 Finster 是一個野心太大的貴族。總之，他的信仰一定為他樹立了幾個敵人。」
0x042B,Patterson,Patterson,,0x119d,0,2,False,「我怎麼會知道？總之，他的屍體在一個已經不存在的廢棄建築裡被發現。那裡曾經是某種倉庫，就在城堡附近。幾年前被拆除了。屍體被肢解得難以置信。就好像有人用木樁把那個可憐的人綁起來，然後砍斷了他所有的四肢。 Finster 然後被斬首了。這簡直是……怎麼說呢……儀式性的！
0x042B,Patterson,Patterson,,0x119d,1,2,False,「這就是我記得的全部。沒有人因為這項罪行被捕。」
0x042B,Patterson,Patterson,,0x1365,0,1,False,Patterson 向你點頭。
0x042C,Carrocio,Carrocio,,0x33,0,1,False,你看見一位打扮浮誇的紳士。他非常開朗外向，面帶微笑揮手向你致意。
0x042C,Carrocio,Carrocio,,0x94,0,2,False,「眨眼間，一句話，
0x042C,Carrocio,Carrocio,,0x94,1,2,False,向您致意，大人哪。」
0x042C,Carrocio,Carrocio,,0xcf,0,2,False,「在此吉日，向您致意，
0x042C,Carrocio,Carrocio,,0xcf,1,2,False,這是我的榮幸，女士。」
0x042C,Carrocio,Carrocio,,0x113,0,4,False,「從破曉時分，太陽初升起，
0x042C,Carrocio,Carrocio,,0x113,1,4,False,直到隔日清晨，月亮漸隱去，
0x042C,Carrocio,Carrocio,,0x113,2,4,False,我聽候您的吩咐與呼喚，
0x042C,Carrocio,Carrocio,,0x113,3,4,False,您卑微的僕人， Carrocio ！」
0x042C,Carrocio,Carrocio,,0x1ab,0,8,False,「我揭開木偶戲的布幕，
0x042C,Carrocio,Carrocio,,0x1ab,1,8,False,故事從我手中娓娓道出，
0x042C,Carrocio,Carrocio,,0x1ab,2,8,False,為男孩女孩帶來歡樂，
0x042C,Carrocio,Carrocio,,0x1ab,3,8,False,觀賞只需一枚金幣付。
0x042C,Carrocio,Carrocio,,0x1ab,4,8,False,要衡量你的力量多大，
0x042C,Carrocio,Carrocio,,0x1ab,5,8,False,在美德之心的烈火中鍛打，
0x042C,Carrocio,Carrocio,,0x1ab,6,8,False,此時此刻來敲響那鐘，
0x042C,Carrocio,Carrocio,,0x1ab,7,8,False,測試你的力氣直到肌肉痠痛。」
0x042C,Carrocio,Carrocio,,0x2bb,0,1,False,「或許還能讓你的心上人印象深刻！」 Carrocio 向你眨眼。
0x042C,Carrocio,Carrocio,,0x308,0,4,False,「或者你想要成為國王？
0x042C,Carrocio,Carrocio,,0x308,1,4,False,那邊有把插在石中的劍。
0x042C,Carrocio,Carrocio,,0x308,2,4,False,只要你能把它拔出來，
0x042C,Carrocio,Carrocio,,0x308,3,4,False,你就會是下一個登上王座的人！」
0x042C,Carrocio,Carrocio,,0x3b7,0,6,False,「我童年的眼看著父親辛勤工作，
0x042C,Carrocio,Carrocio,,0x3b7,1,6,False,一場華麗如皇家的木偶戲。
0x042C,Carrocio,Carrocio,,0x3b7,2,6,False,時光飛逝，父親已離去，
0x042C,Carrocio,Carrocio,,0x3b7,3,6,False,孩子已長大，懊悔不已，
0x042C,Carrocio,Carrocio,,0x3b7,4,6,False,齒輪與飛輪如今轉動著木偶，不再需要任何人，
0x042C,Carrocio,Carrocio,,0x3b7,5,6,False,所以我獨自讓他的嘉年華之歌一直播送下去。」
0x042C,Carrocio,Carrocio,,0x4e5,0,4,False,「很抱歉地說
0x042C,Carrocio,Carrocio,,0x4e5,1,4,False,我今天已經打烊。
0x042C,Carrocio,Carrocio,,0x4e5,2,4,False,請到場地來測試你的體能
0x042C,Carrocio,Carrocio,,0x4e5,3,4,False,當我，是的的確，開門營業時。」
0x042C,Carrocio,Carrocio,,0x561,0,4,False,「拿起槌子往地上敲一擊，
0x042C,Carrocio,Carrocio,,0x561,1,4,False,如果你的雙臂充滿力量，你就會聽到清脆的鐘聲。
0x042C,Carrocio,Carrocio,,0x561,2,4,False,如果你敲擊後什麼也沒聽到，你就知道你的力氣正在衰退。
0x042C,Carrocio,Carrocio,,0x561,3,4,False,但如果你贏了力量測試遊戲，你將會得到一隻絨毛龍。」
0x042C,Carrocio,Carrocio,,0x664,0,4,False,「我擔心我的家族手藝會終結，那是用心來經營的表演，
0x042C,Carrocio,Carrocio,,0x664,1,4,False,但骨頭會老化，機器則不會，而我們不能輕易地更換零件。
0x042C,Carrocio,Carrocio,,0x664,2,4,False,我盡我所能地繼續下去，用機器來扮演我父親的角色，
0x042C,Carrocio,Carrocio,,0x664,3,4,False,在看不見的地方控制著懸絲木偶，努力為它們注入靈魂。」
0x042C,Carrocio,Carrocio,,0x797,0,2,False,「那些壓向我的臉孔，轉瞬即逝的歡樂時光，從低賤的乞丐到王座上的居民，
0x042C,Carrocio,Carrocio,,0x797,1,2,False,每個人都知道自己的位置，並讓我去尋找那個屬於我的人，那個可以分享我生命的女人，這顆孤獨等待的心。」
0x042C,Carrocio,Carrocio,,0x8b3,0,2,False,「一個名叫 Snaz 的乞丐會來看我的表演，
0x042C,Carrocio,Carrocio,,0x8b3,1,2,False,偷走並賣掉我所有最好的笑話，他是我個人的宿敵。」
0x042C,Carrocio,Carrocio,,0x933,0,2,False,「你的無知讓我感到不安，
0x042C,Carrocio,Carrocio,,0x933,1,2,False,你肯定聽說過睿智的不列顛王。」
0x042C,Carrocio,Carrocio,,0x986,0,4,False,「我心中田園詩的覺醒，
0x042C,Carrocio,Carrocio,,0x986,1,4,False,就在我身下，因為我依然看著她，
0x042C,Carrocio,Carrocio,,0x986,2,4,False,沒有任何吟遊詩人能描述或訴說，
0x042C,Carrocio,Carrocio,,0x986,3,4,False,我美麗 Nell 的溫柔。」
0x042C,Carrocio,Carrocio,,0xa28,0,8,False,「據說愛是位熾熱的天使，
0x042C,Carrocio,Carrocio,,0xa28,1,8,False,乘著純粹救贖的柔軟絲翼，
0x042C,Carrocio,Carrocio,,0xa28,2,8,False,我木偶般的心靜如鐵砧，
0x042C,Carrocio,Carrocio,,0xa28,3,8,False,在她關注的邪惡刺激下顫動。
0x042C,Carrocio,Carrocio,,0xa28,4,8,False,我被我的天使 Nell 膏抹，
0x042C,Carrocio,Carrocio,,0xa28,5,8,False,卑微的懦弱被激情的利刃擊倒，
0x042C,Carrocio,Carrocio,,0xa28,6,8,False,我因此被指定為她的愛人，
0x042C,Carrocio,Carrocio,,0xa28,7,8,False,或許是命運促成了這段婚姻。」
0x042C,Carrocio,Carrocio,,0xb6d,0,3,False,Carrocio 看起來彷彿陷入了回憶。過了一會兒，他回過神來。
0x042C,Carrocio,Carrocio,,0xb6d,1,3,False,「如果我再多說這件事，我就不是個紳士了，請原諒我敞開心扉的坦率。」
0x042C,Carrocio,Carrocio,,0xb6d,2,3,False,他顯得有些尷尬，並大聲清了幾次喉嚨。
0x042C,Carrocio,Carrocio,,0xc58,0,4,False,「我的硬幣是急於兌現的箭，
0x042C,Carrocio,Carrocio,,0xc58,1,4,False,直到珠寶商賣出戒指的那天，
0x042C,Carrocio,Carrocio,,0xc58,2,4,False,因為我堅定的心並非木頭雕刻，
0x042C,Carrocio,Carrocio,,0xc58,3,4,False,而她卻在照顧國王的床鋪。」
0x042C,Carrocio,Carrocio,,0xcfb_0xd41,0,9,True,Carrocio 震驚地看著你，並跪在你面前。「我懇求你，<HONORIFIC>，
0x042C,Carrocio,Carrocio,,0xcfb_0xd41,1,9,True,請保持沉默，
0x042C,Carrocio,Carrocio,,0xcfb_0xd41,2,9,True,我的 Nell 從未傷害過任何人，
0x042C,Carrocio,Carrocio,,0xcfb_0xd41,3,9,True,透過城裡喋喋不休的嘴唇傳開我們的秘密，將會對她的名譽造成嚴重的傷害，
0x042C,Carrocio,Carrocio,,0xcfb_0xd41,4,9,True,那將會永久終結我的職業，
0x042C,Carrocio,Carrocio,,0xcfb_0xd41,5,9,True,並扼殺我們對幸福生活的希望。」他用懇求的眼神看著你。「我必須將我的希望和信任寄託在你身上，
0x042C,Carrocio,Carrocio,,0xcfb_0xd41,6,9,True,全部的一切。
0x042C,Carrocio,Carrocio,,0xcfb_0xd41,7,9,True,永遠不要再談論我慾望的戰利品，
0x042C,Carrocio,Carrocio,,0xcfb_0xd41,8,9,True,你絕對不能告訴任何人！」
0x042C,Carrocio,Carrocio,,0xefa,0,1,False,你看著他，等待某種指示。你會為他保守秘密嗎？
0x042C,Carrocio,Carrocio,,0xf3d,0,4,False,「你與榮耀同行，
0x042C,Carrocio,Carrocio,,0xf3d,1,4,False,我知道你不會說出去，
0x042C,Carrocio,Carrocio,,0xf3d,2,4,False,我不介意尊嚴受損，
0x042C,Carrocio,Carrocio,,0xf3d,3,4,False,我唯一關心的是 Nell 。」
0x042C,Carrocio,Carrocio,,0xfb3,0,3,False,「重新考慮吧，我必須堅持，你太不顧及別人了，
0x042C,Carrocio,Carrocio,,0xfb3,1,3,False,如果他知道， Nell 的哥哥會殺了我，
0x042C,Carrocio,Carrocio,,0xfb3,2,3,False,而我不願看到 Nell 在有機會成為新娘前就成了寡婦。」
0x042C,Carrocio,Carrocio,,0x1070,0,6,False,「我很感激你誠實地表達了你的不在乎，
0x042C,Carrocio,Carrocio,,0x1070,1,6,False,但你為何要把自己置於我們這段感情的中心？
0x042C,Carrocio,Carrocio,,0x1070,2,6,False,為了 Nell 的緣故，我無法忍心傷害她的哥哥，
0x042C,Carrocio,Carrocio,,0x1070,3,6,False,我會說服他我的意圖，
0x042C,Carrocio,Carrocio,,0x1070,4,6,False,我只愛 Nell ，別無他人。
0x042C,Carrocio,Carrocio,,0x1070,5,6,False,現在請離開，我必須利用這段時間好好準備。」
0x042C,Carrocio,Carrocio,,0x11a2,0,4,False,「很抱歉地說
0x042C,Carrocio,Carrocio,,0x11a2,1,4,False,我今天已經打烊。
0x042C,Carrocio,Carrocio,,0x11a2,2,4,False,請在破曉時分來到場地
0x042C,Carrocio,Carrocio,,0x11a2,3,4,False,當木偶們，是的的確，已經起床並清醒時。」
0x042C,Carrocio,Carrocio,,0x122a,0,4,False,「來看看愚蠢的驕傲與愛、殘暴與罪惡， Carrocio 的微小木偶世界，
0x042C,Carrocio,Carrocio,,0x122a,1,4,False,足以讓你倒抽一口氣、哭泣或咧嘴笑，
0x042C,Carrocio,Carrocio,,0x122a,2,4,False,所有想看的人，現在是聽我呼喚的時候了，
0x042C,Carrocio,Carrocio,,0x122a,3,4,False,因為現在木偶戲即將開始！」
0x042C,Carrocio,Carrocio,,0x131a,0,2,False,「或許能在慈悲之耳中，找到一個如溫柔朋友般的聲音，
0x042C,Carrocio,Carrocio,,0x131a,1,2,False,祝你一切順利，但也請記得回來，如果你想再次觀賞木偶戲或測試你的力量。」
0x042D,Figg,Figg,,0x0,0,1,False,Figg 太過專心聆聽友誼會聚會，沒有理會你與他交談的嘗試。
0x042D,Figg,Figg,,0x52,0,1,False,「你有看到巴特林嗎？他在哪裡？他需要來主持我們的聚會！」
0x042D,Figg,Figg,,0xa7,0,1,False,「天哪！九點了！抱歉，我必須趕去今晚的友誼會聚會。」
0x042D,Figg,Figg,,0x11d,0,1,False,你看見一個男人，他佈滿皺紋的臉構成了一副脾氣暴躁的滑稽漫畫。
0x042D,Figg,Figg,,0x178_0x191,0,1,True,「你想跟我說話，<HONORIFIC>？」Figg 問道。
0x042D,Figg,Figg,,0x1a6,0,1,False,「我是 Figg 。」
0x042D,Figg,Figg,,0x1bc,0,1,False,「我是不列顛城這裡皇家果園 (Royal Orchards) 的管理員。」
0x042D,Figg,Figg,,0x21f,0,1,False,「我的職責包括照顧果樹，在收穫時節監督採摘工，以及保護皇家果園免受小偷的光顧。」
0x042D,Figg,Figg,,0x2b0,0,1,False,「蘋果樹需要持續的照顧。我必須確保所有的樹都有足夠的水分，但又不能太多。我必須保持所有的樹都修剪得當，並保持警惕，以免作物被害蟲或蠕蟲感染。我還必須撿起所有掉落的蘋果，這本身就是一項工作。」
0x042D,Figg,Figg,,0x3ce,0,1,False,「他們大多是來自 Paws 的移工。因為他們曾經是農夫，所以他們確信自己比我更了解果園的保養！這當然是荒謬的。而且採摘工不太服從命令。」
0x042D,Figg,Figg,,0x48f,0,1,False,「如果我給他們機會，他們會把我們搶到只剩最後一根樹枝！我冒著生命危險保護這片果園，不列顛王應該親自頒發獎章給我。哎呀，我最近剛抓到另一個小偷。他的名字是 Weston 。」
0x042D,Figg,Figg,,0x582,0,1,False,「這裡種植著全不列顛尼亞最好的蘋果。我想讓你嚐嚐看，但這會違法，因為你顯然不是貴族血統。」
0x042D,Figg,Figg,,0x60a,0,1,False,「多虧了我，他現在住在監獄裡！我一看到他就知道他想幹嘛！他有一副老練蘋果賊的模樣，所以我讓城鎮守衛把他抓了。」
0x042D,Figg,Figg,,0x6c1,0,1,False,「是的， Weston 現在就住在我們當地的監獄裡。如果你不相信我，你可以自己去那裡看看！」
0x042D,Figg,Figg,,0x73c,0,1,False,「喔，他帶著一些賺人熱淚的故事來這裡。但當一個人像我一樣是人類行為的敏銳觀察者時，就能看出人們的真實意圖，而這往往與他們告訴你的相反！」
0x042D,Figg,Figg,,0x829,0,1,False,「我記不太清楚了。好像是關於他貧困的妻子和家人在 Paws 快餓死了，或者其他一堆廢話。」
0x042D,Figg,Figg,,0x8a5,0,1,False,「是的，我確實認為自己是一個非常合格的品格判斷者。你知道我是怎麼變得如此的嗎？」
0x042D,Figg,Figg,,0x91e,0,1,False,「喔，那你不是很聰明嗎！」
0x042D,Figg,Figg,,0x946,0,1,False,「那我告訴你吧！我是友誼會的成員！」
0x042D,Figg,Figg,,0x984,0,1,False,「我是友誼會的成員，沒錯。但我若把皇家果園的蘋果給友誼會將是一種犯罪，也是對我神聖職責的侵犯。雖然賣蘋果也是違規的，我只是想幫這個名叫 Weston 的人一個忙。而我想這些指控就是我得到的回報？哼！」
0x042D,Figg,Figg,,0xaa1,0,1,False,他向你靠近並壓低聲音。「畢竟你也是友誼會的成員。我難道不是你的弟兄嗎？你難道不應該信任我嗎？」他給了你一個狡黠的眨眼。
0x042D,Figg,Figg,,0xb53,0,1,False,「你看到了嗎？我是你的弟兄！」他遞給你一顆蘋果。
0x042D,Figg,Figg,,0xb9c,0,1,False,「我本想給你一顆蘋果來表達我的誠意，但看來你背了太多東西了。」
0x042D,Figg,Figg,,0xbfa,0,1,False,「但這個已知罪犯的絕望指控已經夠了。」
0x042D,Figg,Figg,,0xc38,0,1,False,「我也可以幫你一個忙。你想不想用區區五枚金幣的微薄價格買下這些美麗的蘋果之一呢？」
0x042D,Figg,Figg,,0xcb4,0,1,False,Figg 從旁邊的籃子裡拿出一顆蘋果。在襯衫上稍微擦亮後，他把它遞給了你。
0x042D,Figg,Figg,,0xd1a,0,1,False,「你拿不下蘋果！你帶了太多東西了！」
0x042D,Figg,Figg,,0xd51,0,1,False,「你連買一顆蘋果的金幣都不夠！你浪費了國王皇家果園管理員的時間。滾開，農民！在我叫守衛之前滾開！」
0x042D,Figg,Figg,,0xde5,0,1,False,「很好。但你正在放棄一個很少有人得到的機會。事實上，呃，如果你不向任何人提及我們的小談話，我會很感激。同意嗎？」
0x042D,Figg,Figg,,0xe8e,0,1,False,「啊，我就知道你是個好人。」
0x042D,Figg,Figg,,0xeb9,0,1,False,「不！嗯，那好吧。」
0x042D,Figg,Figg,,0xed9,0,1,False,「我看你該上路了。」
0x042E,James,James,,0x24,0,1,False,你看見一位板著臉的旅店老闆，他看著你的眼神彷彿他所有的問題都是你造成的一樣。
0x042E,James,James,,0x97_0xbf,0,1,True,「現在我必須為你做些什麼，<HONORIFIC>？」 James 問。
0x042E,James,James,,0xd3,0,1,False,「我的名字是 James 。」
0x042E,James,James,,0xf3,0,1,False,「我是這家旅店的老闆。」
0x042E,James,James,,0x126,0,1,False,「這只是另一種說法，意思是我是那個當櫃檯人員的人。你可能會認為這是一份輕鬆的工作，但我向你保證，事實並非如此。」
0x042E,James,James,,0x1e6,0,1,False,「這個地方叫做『旅人旅館』。它在不列顛城有著悠久而豐富的歷史。如果你的祖父母曾經來過這個城鎮，他們很可能就是住在這兒。」
0x042E,James,James,,0x29b,0,1,False,「當然，當櫃檯人員不是我唯一做的事。我必須整天聽人們談論他們的問題，好像我應該解決它們一樣！」
0x042E,James,James,,0x33d_0x34a,0,1,True,「沒錯，<HONORIFIC>。所以如果你有問題，請出於禮貌不要讓我知道這一切。我剛說到哪了？」
0x042E,James,James,,0x3ae,0,1,False,「也許解決人們的問題對其他旅店老闆來說是件輕鬆的任務，但我不僅不擅長，我自己也有問題。」
0x042E,James,James,,0x43a,0,1,False,「我不喜歡我的工作！我從來沒想過要當旅店老闆，我只是想在我父親去世後繼續經營這個地方。現在我跟 Cynthia 結婚了，我被綁得比以前更緊了！」
0x042E,James,James,,0x516,0,1,False,「我一直暗自希望能成為一名海盜，而不是旅店老闆！當我沒有在海上航行時，我就會住在海盜巢穴 (Buccaneer's Den) 。」
0x042E,James,James,,0x5c8,0,1,False,「據我所知，那裡有一流的賭坊，還有豪華的浴池。至少我是聽賣炸魚薯條的 Gordon 這麼說的。」
0x042E,James,James,,0x649_0x665,0,1,True,「別誤會我的意思，<HONORIFIC>。我全心全意地愛著 Cynthia 。但有時候我覺得我還太年輕，不該結婚。此外，我知道我無法成為她的一個好丈夫。」
0x042E,James,James,,0x709,0,1,False,「你很清楚，幾乎沒有人會對海盜傾吐煩惱。如果我是海盜，我還可以把這隻壞腳換成木腿！」
0x042E,James,James,,0x788,0,1,False,「當 Cynthia 整天在造幣廠數著那些錢時，我怎麼能用旅店老闆微薄的收入讓她開心呢？我知道我做不到。」
0x042E,James,James,,0x827,0,1,False,「我了解人心的本質，我的好朋友。在接觸了這麼大筆的錢之後，她將開始貪圖它。既然我無法提供，她就會離開我，把心交給一個有錢人。也許是個商人或貴族。一想到這個，我的血液就沸騰了。」
0x042E,James,James,,0x930,0,1,False,「當一個旅店老闆，必須整天跑來跑去。如果任何人想要任何東西，你就是必須為他們處理的那個人！」
0x042E,James,James,,0x9cf,0,1,False,「我花太多時間跑來跑去了，以至於我的腳出了毛病。」
0x042E,James,James,,0xa1b,0,1,False,「我已經感覺到她對我們的婚姻感到擔憂。我知道我們之間出了問題。」
0x042E,James,James,,0xa7c,0,1,False,「喔，我想你現在想要一間客房了吧！看吧，我就是這個意思！每人每晚十枚金幣。你想要客房，對吧？」
0x042E,James,James,,0xb0a,0,1,False,「你帶了太多東西了，拿不下房間鑰匙！」
0x042E,James,James,,0xb44,0,1,False,「這是你的房間鑰匙。它只有在你離開旅店前有效。」
0x042E,James,James,,0xb8d,0,1,False,「你沒有足夠的金幣在這裡開房間。現在我想你肯定要告訴我你是怎麼落得這般可憐的境地。好吧，我可不聽你說！」
0x042E,James,James,,0xc2a,0,1,False,James 擦了擦額頭。「呼！好險！」
0x042E,James,James,,0xc58_0xc65,0,1,True,「拜託，<HONORIFIC>。請給我一些自己的時間！目前我沒有在處理旅店的生意，而且我希望能保持這樣。你必須在營業時間來光顧旅店。」
0x042E,James,James,,0xd02,0,1,False,你向他轉述 Cynthia 對你說過關於他的話。他臉上露出了笑容。「噢，反正誰想當海盜？我會討厭那樣的！」說完他又回去擦拭吧檯，但你注意到那笑容依然掛在臉上。
0x042E,James,James,,0xdde,0,1,False,「喔，你肯定還會再回來找我要別的東西！我就知道！」
0x042F,Jeanette,Jeanette,,0x1d,0,1,False,這位年輕可愛的酒館女侍既性感又甜美。
0x042F,Jeanette,Jeanette,,0x54,0,1,False,「又見面了！」活潑的 Jeanette 說。
0x042F,Jeanette,Jeanette,,0x83,0,1,False,「 Jeanette ，為您服務！」
0x042F,Jeanette,Jeanette,,0xa6,0,1,False,「我在藍野豬酒館為 Lucy 工作。我提供食物和飲料。
0x042F,Jeanette,Jeanette,,0xec,0,1,False,「如果有任何你想要的，請說！而且，呃，如果你跟我買，我會給你折扣！」
0x042F,Jeanette,Jeanette,,0x153,0,1,False,「哎呀， Dupre 爵士！很高興再次見到你！」
0x042F,Jeanette,Dupre,,0x18f,0,1,False,「妳好，女士！我想我可能會再來品嚐藍野豬的優質飲料！」
0x042F,Jeanette,Jeanette,,0x1e2,0,1,False,「隨時歡迎，大人！隨時歡迎！」
0x042F,Jeanette,Jeanette,,0x226,0,1,False,「我在白天和晚上工作。你到時候應該來酒館，我們再多聊聊！」
0x042F,Jeanette,Jeanette,,0x27e,0,1,False,「Lucy 是個好廚師。我推薦所有的東西。特別是銀樹葉。」
0x042F,Jeanette,Jeanette,,0x2d6,0,1,False,「很棒的一道菜。嚐嚐看吧！」
0x042F,Jeanette,Jeanette,,0x301,0,1,False,「你看起來像是需要好好喝一杯！」
0x042F,Jeanette,Jeanette,,0x332,0,1,False,「他提到我了是嗎？嗯，他可以再想想！我沒辦法強迫自己和上流階級交往。那些資產階級的有錢男人既討厭又自負。此外，我已經愛上別人了。」
0x042F,Jeanette,Jeanette,,0x40a,0,1,False,「他們都一樣。他們在城堡裡工作，有成堆的黃金，可以擁有任何他們想要的女人！另一方面，一個謙卑的商人才是完美的男人。」
0x042F,Jeanette,Jeanette,,0x4b9,0,1,False,「是烘焙師 Willy ！但他還不知道！」她咯咯地笑。
0x042F,Jeanette,Lucy,,0x4fd,0,1,False,「等等， Jeanette ！妳完全搞錯了！ Charles 是個 -僕人- ！妳真是個無知的人！ Charles 不是『上流階級』！他和妳一樣是工人階級！那個富有的商人是 Willy ！如果你問我，那個討厭又自負的人是 Willy 。 Charles 簡直就是個夢幻天菜！」
0x042F,Jeanette,Jeanette,,0x62e,0,1,False,你向 Jeanette 指出 Charles 是一名僕人。
0x042F,Jeanette,Jeanette,,0x660,0,1,False,Jeanette 想了想剛才的話。「你是對的！我真不敢相信我這麼瞎！喔， Charles ！我竟然真的可以考慮 Charles ！而且他……好帥！」 Jeanette 高興地尖叫。「下次他在酒館時，我一定要認真地跟他調情！」
0x042F,Jeanette,Jeanette,,0x767,0,1,False,「再會！」
0x0430,Amanda,Amanda,,0x0,0,1,False,你看見一位穿著盔甲、帶著一小批武器的迷人女子。
0x0430,Amanda,Amanda,,0x46,0,1,False,「有什麼我能幫你的嗎？」 Amanda 問。
0x0430,Amanda,Amanda,,0x98,0,1,False,「我的名字是 Amanda 。」
0x0430,Amanda,Amanda,,0xb9,0,1,False,「我同父異母的姊妹和我目前沒有工作。既然我們的任務已經終止，我們正在旅行以尋求內心的平靜。」
0x0430,Amanda,Amanda,,0x151,0,1,False,「除了為我們的任務服務之外，我同父異母的姊妹和我沒有其他工作。」
0x0430,Amanda,Amanda,,0x1da_0x277,0,1,True,「我同父異母的姊妹是 Eiko 。她和我一樣，是個受過 Karenna 戰鬥方式訓練的戰士。我們一起長久而艱苦地學習，以掌握<VAR>達成我們復仇所需的技能。」
0x0430,Amanda,Eiko,,0x29f,0,1,False,「我們兩人在父親去世前甚至沒有見過面。但我們在 Minoc 的訓練員 Karenna 教導我們的嚴格紀律中，像姊妹般結下了不解之緣。」
0x0430,Amanda,Amanda,,0x34a,0,2,False,「是的。我們的生活長期以來一直致力於復仇，以至於沒有它我們會感到漂泊、漫無目的。我們必須找到新的生存理由。
0x0430,Amanda,Amanda,,0x34a,1,2,False,「我們正在考慮加入友誼會，因為他們為迷失的靈魂提供指引。但我們必須再考慮一下。我們還不確定。」
0x0430,Amanda,Amanda,,0x479,0,1,False,「我們正在追蹤殺害我們父親的兇手。」
0x0430,Amanda,Amanda,,0x4b7_0x5a1,0,2,True,「我們的父親被一個兇惡可怕的獨眼巨人以最暴力的手段殺害。他被長矛刺穿。他花了幾個小時才死去。」
0x0430,Amanda,Amanda,,0x4b7_0x5a1,1,2,True,她抬起頭，眼睛閃爍著淚光。「你曾經看過任何人死於腹部傷口嗎，<HONORIFIC>？那種痛苦是無法想像的。」
0x0430,Amanda,Amanda,,0x5dd,0,1,False,「自從我們完成訓練以來，我們已經追蹤這隻怪物好幾年了。我們從不列顛尼亞的一端跟隨他到另一端。有時候他只領先我們一步。但現在我們知道，我們比以前任何時候都更接近他。」
0x0430,Amanda,Eiko,,0x6d4,0,1,False,「當我們找到他時，他將無處可逃。我們要復仇，而且我們一定會得到它！」
0x0430,Amanda,Amanda,,0x73c,0,1,False,「我們的父親為了生存勇敢地戰鬥。他並沒有輕易死去。他死得像個英雄。雖然我們可能都會在這場努力中死去，但我們打算給殺他的兇手一個真正惡棍應得的死法。」
0x0430,Amanda,Eiko,,0x81b,0,1,False,Eiko 邪惡地笑了。
0x0430,Amanda,Amanda,,0x834,0,2,False,你向 Amanda 解釋你所了解到的事。 Kalideth 在和 Iskander 戰鬥時已經瘋了，而導致魔法和法師心智出現問題的根源——真正殺死 Kalideth 的東西——已經被摧毀了。
0x0430,Amanda,Amanda,,0x834,1,2,False,「你剝奪了我應得的復仇！你怎麼敢！」
0x0430,Amanda,Eiko,,0x93e,0,1,False,Eiko 嘆了口氣，肩膀垮了下來。「算了吧，姊姊。隨著我們父親英年早逝的事情現在得到解決，我們終於可以放下了。現在我們可以把生命奉獻給自己，而不是繼續被困在過去。這是最好的結果，妳必須相信我。」
0x0430,Amanda,Amanda,,0xa59,0,1,False,Amanda 搖搖頭，茫然且困惑。「也許妳是對的， Eiko 。我必須想一想。」
0x0430,Amanda,Amanda,,0xab9,0,3,False,Amanda 轉身一拳打在牆上，然後伴隨著啜泣倒在上面。過了一會兒，她站直了身體，但沒有轉身面對你。
0x0430,Amanda,Amanda,,0xab9,1,3,False,「不要害怕我會繼續對獨眼巨人進行復仇。我還沒病態到會殺死一個出於自衛而行動的生物。
0x0430,Amanda,Amanda,,0xab9,2,3,False,「但我現在必須有一些自己的時間。請離開。我必須想一想。」
0x0430,Amanda,Amanda,,0xc14_0xc2d,0,1,True,「祝你旅途順利，<HONORIFIC>。」
0x0431,Denby,Denby,,0x15,0,1,False,你看見一位眼神銳利、性格嚴肅的戰士。
0x0431,Denby,Denby,,0x4c,0,1,False,「有事嗎，聖者？」 Denby 問。
0x0431,Denby,Denby,,0x75,0,1,False,「我是 Denby 。」
0x0431,Denby,Denby,,0x8c,0,1,False,「我是個訓練員。我專精於一種依賴個人能力、運用智力和體力來啟動微小魔法效果的戰鬥形式。但我不是法師。我是一名戰士。」
0x0431,Denby,Denby,,0x156,0,1,False,「舉例來說，我只教導一種能增進智力的身心結合練習。如果一個人渴望練習魔法，這反過來會帶給他優勢。」
0x0431,Denby,Denby,,0x1ea,0,1,False,「然而，你應該意識到，這些日子不列顛尼亞的魔法並不管用。這是一種正在消亡的現象。沒有人了解為什麼。儘管如此，我的訓練應該能增加任何魔法使用者的施法基礎機率，以及他們的戰鬥技巧。」
0x0431,Denby,Denby,,0x2f6,0,1,False,「雖然我是一名戰士，但我將我的生命奉獻給和平。這個世界已經有太多爭鬥了。讓歷史來處理存在於人類身上的敵對特質吧。我相信將我的技能當作一種威懾手段。」
0x0431,Denby,Denby,,0x3d5,0,1,False,「我的訓練費用是 75 金幣。這有獲得你錢包的同意嗎？」
0x0431,Denby,Denby,,0x422,0,1,False,Denby 鞠躬。「很抱歉我的費用對你來說太高了。也許下次你會明白我服務的價值。」
0x0431,Denby,Denby,,0x492,0,1,False,「如果你希望訓練，請在白天回來。」
0x0431,Denby,Denby,,0x4c6,0,1,False,Denby 雙手合十並鞠躬。
0x0432,Fred,Fred,,0x15,0,1,False,你看見一位看起來很友善的農夫，當你走近時向你揮手。
0x0432,Fred,Fred,,0x61_0x74,0,1,True,「又見面了，<HONORIFIC>。」 Fred 說。
0x0432,Fred,Fred,,0x87,0,1,False,「我的名字是 Fred 。」
0x0432,Fred,Fred,,0xa6,0,1,False,「我在不列顛城的農夫市集 (Farmer's Market) 這裡賣肉。」
0x0432,Fred,Fred,,0x104,0,1,False,「這是你能買到最美味的肉。幫自己一個忙，嚐嚐看吧。」
0x0432,Fred,Fred,,0x15a,0,1,False,「在農夫市集這裡，我們賣從鎮外農夫那買來的蔬菜，以及從 Paws 的屠宰場來的肉。」
0x0432,Fred,Fred,,0x1dc,0,1,False,「屠宰場是由一個名叫 Morfin 的人經營的，他是一個來自海盜巢穴 (Buccaneer's Den) 的成功商人。」
0x0432,Fred,Fred,,0x26f,0,1,False,「Morfin 是個不尋常的人物。如果我不是比較了解狀況，我會說他捲入了一些見不得光的商業活動。」
0x0432,Fred,Fred,,0x2f5,0,1,False,「Morfin 離開那個地方，是因為他認為那裡發展起來的所有商業活動，都是對他自己業務的競爭，所以搬到了 Paws 。」
0x0432,Fred,Fred,,0x390,0,1,False,「Paws 是個買便宜貨的好地方。很遺憾地說，那裡許多人相當貧窮。然而，那裡的商業活動很少。在 Paws ，人們必須在更私人的層面上與人打交道。」
0x0432,Fred,Fred,,0x456,0,1,False,「你必須在農夫市集營業時再來。」
0x0432,Fred,Fred,,0x487,0,1,False,「你想買些肉嗎？」
0x0432,Fred,Fred,,0x4a3_0x4d4,0,1,True,「我們今天為你準備了上好的肉品，<HONORIFIC>。」
0x0432,Fred,Fred,,0x4db,0,1,False,「等你餓了再來，我們那時候再為你服務。」
0x0432,Fred,Fred,,0x518_0x525,0,1,True,「再見，<HONORIFIC>。」
0x0433,Kelly,Kelly,,0x15,0,1,False,你看見一位看起來很結實的農婦。她給了你一個好客的微笑，然後回到她的雜務上。
0x0433,Kelly,Kelly,,0x85_0xb0,0,1,True,「是什麼風把你今天又吹來了，<HONORIFIC>？」 Kelly 說。
0x0433,Kelly,Kelly,,0xc4_0xd8,0,1,True,「我叫 Kelly ，<HONORIFIC>。」
0x0433,Kelly,Kelly,,0xdf,0,1,False,「我丈夫 Fred 和我經營這個農夫市集。」
0x0433,Kelly,Kelly,,0x132,0,1,False,「我的 Fred 是不列顛城最受尊敬的商人之一。他賣 Brownie 和 Mack 種的蔬菜和雞蛋，還有異國進口水果。」
0x0433,Kelly,Kelly,,0x1e1,0,1,False,「農夫市集是大部分不列顛城人買食物的地方。哎呀，就連 Paws 的人也會來這裡買雞蛋和蔬菜。自從多年前開設這個市集以來， Fred 從未漲過任何東西的價格。」
0x0433,Kelly,Kelly,,0x2c9,0,1,False,「農夫 Mack 的雞下了很多蛋。這裡的人胃口這麼好真是件好事！」
0x0433,Kelly,Kelly,,0x321,0,1,False,「我們主要賣給年紀大的人。我相信你知道小孩子多不喜歡吃蔬菜。有些人不想在家裡放太多水果，因為怕招惹果蠅。」
0x0433,Kelly,Kelly,,0x3c1,0,1,False,「Brownie 是個好人。我真希望他能再次競選市長。如果他選了，你一定要投給他。」
0x0433,Kelly,Kelly,,0x430,0,1,False,「我相信可憐的老 Mack 跟他的雞關在一起太久了。他是個好人。別被他講的奇怪故事給嚇跑了。他很少睡覺，因為他幾乎整晚都在盯著天空看。當然，他的公雞在黎明時會啼叫，沒有哪個農夫能睡到日出之後的。所以他的精神有點不濟。」
0x0433,Kelly,Kelly,,0x56c,0,1,False,「喔，在不列顛城他們會尋找高品質的農產品。我看到在這裡買東西的人會仔細檢查每顆雞蛋有沒有裂縫，每顆蔬菜有沒有腐壞的跡象。」
0x0433,Kelly,Kelly,,0x624,0,1,False,「Paws 的人總是缺錢。我對他們深感同情。他們總是在找最便宜的物品來買，因為那是他們唯一負擔得起的。」
0x0433,Kelly,Kelly,,0x6b7,0,1,False,「市集現在打烊了。你必須在我們營業時間再來。」
0x0433,Kelly,Kelly,,0x6fd,0,1,False,「你想買些雞蛋、水果或蔬菜嗎？我們這裡有很多美味新鮮的雞蛋。而且我們的蔬菜保證能讓你保持健康。」
0x0433,Kelly,Kelly,,0x78e,0,1,False,「我相信我們這裡一定有你喜歡的東西。」
0x0433,Kelly,Kelly,,0x7c8,0,1,False,「或許下次吧。」
0x0433,Kelly,Kelly,,0x7e1_0x800,0,1,True,「祝你有美好的一天，<HONORIFIC>。」
0x0434,Willy,Willy,,0x32,0,1,False,你看見一個看起來很愛乾淨、胖乎乎的年輕人，正瘋狂地向你揮手。
0x0434,Willy,Willy,,0x8d,0,1,False,「啊，你好啊！很高興又見到你了！」 Willy 說。
0x0434,Willy,Willy,,0xce,0,1,False,「我的本名是 Wilhelm ，雖然沒人這樣叫我。我比較喜歡別人叫我 Willy 。非常感謝你。」
0x0434,Willy,Willy,,0x142,0,1,False,「我是這裡不列顛城的烘焙師，我做的是你嚐過最甜的麵包！
0x0434,Willy,Willy,,0x194,0,1,False,「你有機會嚐過我的麵包了嗎？」
0x0434,Willy,Willy,,0x1c2,0,1,False,「啊，那麼你也同意它是最甜的，不是嗎？」
0x0434,Willy,Willy,,0x1ff,0,1,False,「哈！你看到了吧？每個人都同意！這應該就是最好的證明！」
0x0434,Willy,Spark,,0x254,0,1,False,「我要吃！」
0x0434,Willy,Willy,,0x268,0,1,False,「給你，小夥子。」 Willy 遞給 Spark 一個糕點，男孩一口就把它吞了下去。
0x0434,Willy,Spark,,0x2cc_0x2e5,0,1,True,「嗯嗯嗯！我說，<PLAYER_NAME>，我想我們路上需要很多這個。我們最好買一些，好嗎？」
0x0434,Willy,Willy,,0x335,0,1,False,「你不同意？！哎呀，別開玩笑了！你當然同意！」
0x0434,Willy,Willy,,0x37b,0,1,False,「那給你，你一定要嚐嚐！」他從帶著的幾條麵包上撕下一塊，塞進你嘴裡。「看吧！這不是你嚐過最甜的麵包嗎？是的，對不對？！」你盡快地咀嚼著，以便回答他。
0x0434,Willy,Willy,,0x45a,0,1,False,他捏住你的臉頰，在你的額頭上印下一個大大的吻。「你真是個有品味的好食客！」
0x0434,Willy,Willy,,0x4ca,0,1,False,Willy 沮喪地低頭看著他拿著的麵包。他嗅了兩下，然後把它扔得遠遠的。
0x0434,Willy,Willy,,0x53c,0,1,False,「請在白天麵包店營業時來，你可以嚐嚐看！」
0x0434,Willy,Willy,,0x57c,0,1,False,他點點頭。「是的，我是個烘焙師，我有很多父母傳下來的秘密食譜。哎呀，甚至有人說我是個大師級烘焙師！
0x0434,Willy,Willy,,0x610,0,1,False,「而且有些人還叫我……甜甜圈。」他皺著眉頭說。
0x0434,Willy,Willy,,0x687,0,1,False,「噢，天哪。別告訴我你又是另一個想從我這裡套出秘密食譜的人！如果你是為了這個而來，那你一定會失望的！」
0x0434,Willy,Willy,,0x721,0,1,False,Willy 擦去一滴眼淚。「都走了。兩個人都走了。去天上那個偉大的廚房與我的祖先相聚了。我永遠無法像他們那樣烹飪。但我還是堅持著，努力保持家族的名聲，這就是我成為烘焙師的原因。但我想這不是唯一的原因。」
0x0434,Willy,Willy,,0x84f,0,1,False,「是的，很多人都這麼告訴我。現在你也這麼說。既然你也這麼說，那一定是真的！」
0x0434,Willy,Willy,,0x8c2,0,1,False,Willy 咬了一口自己的麵包。「嗯。我『是』個大師級烘焙師！」
0x0434,Willy,Willy,,0x917,0,1,False,他疑惑地看著你好一會兒。過了一會兒，他拿起一條麵包，往你頭上敲下去。
0x0434,Willy,Willy,,0x97e,0,1,False,「其實，我當烘焙師有一個很好的理由。」
0x0434,Willy,Willy,,0x9bf,0,1,False,「因為抓住女人的心，要先抓住她的胃。哎呀，我現在可是有兩個女人愛著我，而且我連追都不用追。」
0x0434,Willy,Willy,,0xa57,0,1,False,他嘆了口氣。「如果你一定要知道，她們的名字是 Jeanette 和 Gaye 。」
0x0434,Willy,Willy,,0xab8,0,1,False,「Jeanette 是個滿討人喜歡的女孩，但說實話，我無法想像自己跟一個酒館女侍在一起。她以為我沒注意到她對我的感覺。坦白說，我真希望她能離我遠一點。」
0x0434,Willy,Willy,,0xb8b,0,1,False,「經營服飾店的 Gaye 比較引起我的興趣。但她是友誼會成員，而我不想加入。我希望這不會妨礙我們交往。」
0x0434,Willy,Willy,,0xc1c,0,1,False,「我的麵包是不列顛尼亞最好的。它以美味和合理的價格聞名。但是要做出足夠的數量來滿足不斷的需求是很辛苦的工作。我需要僱用人來幫我。」
0x0434,Willy,Willy,,0xcf1,0,1,False,「我不只賣麵包，還有糕點、蛋糕和餐包。你能想像塞進嘴裡最美味的烘焙食品！你想買一些嗎？」
0x0434,Willy,Willy,,0xd76,0,1,False,「如果你是一個真正有品味的人，你就會買一些！」
0x0434,Willy,Willy,,0xdbc,0,1,False,「恐怕麵包店已經打烊了。請在正常營業時間再來。」
0x0434,Willy,Willy,,0xe05,0,1,False,「你可以在店裡為我工作做麵包。或者我會跟你買幾袋麵粉。你可以在 Paws 批發買，我會以每袋 4 枚金幣向你收購。」
0x0434,Willy,Willy,,0xea2,0,1,False,「你想在這裡為我工作嗎？」 Willy 滿懷希望地問。
0x0434,Willy,Willy,,0xee6,0,1,False,「太好了！你可以馬上開始工作！你每做五條麵包，我就付你 5 枚金幣。好嗎？」
0x0434,Willy,Willy,,0xf53,0,1,False,「首先你必須用麵粉揉麵團。只要在桌上撒點麵粉，加點水讓它變濃稠，嗯，變成麵團。然後把麵團放進烤箱裡烤。等一會兒，然後——瞧！你就有麵包了！」
0x0434,Willy,Willy,,0x1026,0,1,False,「很好。但我警告你，現在工作可不好找！」
0x0434,Willy,Willy,,0x1063,0,1,False,「很可惜你沒空。你看起來像個懂得在廚房裡穿梭的人。」
0x0434,Willy,Willy,,0x10b2,0,1,False,「我很樂意在正常營業時間與你談談在我店裡工作的事。」
0x0434,Willy,Willy,,0x1101_0x1120,0,1,True,「祝你有美好的一天，<HONORIFIC>，祝你胃口大開！」
0x0435,Gaye,Gaye,,0x0,0,1,False,Gaye 正在觀看友誼會的集會。她唐突地轉向你，把手指放在嘴唇上，示意你安靜。
0x0435,Gaye,Gaye,,0x6d,0,1,False,「我無法想像巴特林在哪裡。我很擔心他……」
0x0435,Gaye,Gaye,,0xad,0,1,False,「我現在不能說話！我正在前往禮堂參加友誼會集會的路上！」
0x0435,Gaye,Gaye,,0x11e,0,1,False,你看見一位散發著半真半假友善氣息的女人。
0x0435,Gaye,Gaye,,0x15b,0,1,False,「又見面了，今天我能為你做些什麼？」 Gaye 問。
0x0435,Gaye,Gaye,,0x19e,0,1,False,「我的名字是 Gaye 。」
0x0435,Gaye,Gaye,,0x1bd,0,1,False,「當我不在追求友誼會教義的時候，我負責管理這裡的服飾店。」
0x0435,Gaye,Gaye,,0x233,0,1,False,「在我們的服飾店，我們有你見過最精美的絲綢和服裝，從不列顛尼亞的各個角落進口，以迎合所有的品味。」
0x0435,Gaye,Gaye,,0x2c7,0,1,False,「非常抱歉，服飾店打烊了。請在正常營業時間再來。我們每天早上九點營業到下午六點。」
0x0435,Gaye,Gaye,,0x343,0,1,False,「別告訴我！是 Raymundo 派你來拿聖者服裝的！這要三十枚金幣。你想要一件嗎？」
0x0435,Gaye,Gaye,,0x3b1,0,2,False,她上下打量著你。「是的，我想我們應該能為你找到些什麼。」
0x0435,Gaye,Gaye,,0x3b1,1,2,False,在店裡翻找了幾分鐘後， Gaye 回來了。「在這裡！剩不多了——最近很搶手！」
0x0435,Gaye,Gaye,,0x471,0,1,False,「嗯。也許你可以等你有足夠的金幣再來。」她把服裝放下並微笑著。
0x0435,Gaye,Gaye,,0x4cf,0,1,False,「噢。你身上的東西太多，拿不下這個了。也許你可以處理掉一些東西，然後回來拿服裝。」
0x0435,Gaye,Gaye,,0x54b,0,1,False,「與您做生意真是我的榮幸，喔偉大的聖者！」她笑著把服裝遞給你。
0x0435,Gaye,Gaye,,0x5a9,0,1,False,「真奇怪！我還以為你肯定是那種戲劇型的人物！」
0x0435,Gaye,Gaye,,0x5ef,0,1,False,「你今天想買些衣服嗎？」
0x0435,Gaye,Gaye,,0x614,0,1,False,「我們有許多漂亮的衣服可供選擇。」
0x0435,Gaye,Gaye,,0x648,0,1,False,「你可以自己隨便看看。如果你改變主意，一定要讓我知道。」
0x0435,Gaye,Gaye,,0x69d,0,1,False,「你會想參加今晚九點的友誼會集會的。聆聽我們創始人巴特林的演講，總是一次令人感動的體驗。」
0x0435,Gaye,Gaye,,0x72c,0,1,False,「是的，他是個非常有趣的人。我很為他著迷，也違背理智地與他見面。不過，他看起來不像是會加入友誼會的那種人。既然友誼會是我生命的全部，我不知道裡面是否有他的容身之處。我還沒拿定主意。」
0x0435,Gaye,Gaye,,0x83e_0x85d,0,1,True,「祝你有美好的一天，<HONORIFIC>。」
0x0436,Coop,Coop,,0x0,0,1,False,Coop 正與『聖者旅團』在舞台上。他看見你，並說：「嗯，今晚有位特別的聽眾，這下一首曲子是要獻給他們的。」
0x0436,Coop,Coop,,0x99,0,1,False,他向夥伴們示意，他們開始演奏。他唱出以下歌詞：
0x0436,Coop,Coop,,0xdf,0,2,False,「我們飛躍全國，所向披靡——
0x0436,Coop,Coop,,0xdf,1,2,False,最好留意我們的戰鬥怒吼！
0x0436,Coop,Coop,,0x12f,0,2,False,「我們為美德而戰，名揚四海，
0x0436,Coop,Coop,,0x12f,1,2,False,並讓少女們為之傾心。」
0x0436,Coop,Coop,,0x17c,0,1,False,接著 Neno 和 Judith 加入了合唱：
0x0436,Coop,Coop,,0x1a6,0,2,False,「喔，我們是『聖者旅團』
0x0436,Coop,Coop,,0x1a6,1,2,False,而且我們品德高尚！
0x0436,Coop,Coop,,0x1e7,0,2,False,「當心點，食人魔與野獸
0x0436,Coop,Coop,,0x1e7,1,2,False,以免成為我們下一次盛宴的佳餚！
0x0436,Coop,Coop,,0x237,0,2,False,「我們拯救少女，如此美麗，
0x0436,Coop,Coop,,0x237,1,2,False,並大膽地與海盜搏鬥！
0x0436,Coop,Coop,,0x27e,0,2,False,「沒有邪惡的巫妖能讓我們畏縮或動搖！
0x0436,Coop,Coop,,0x27e,1,2,False,我們將戰勝他們所有人，贏得勝利！
0x0436,Coop,Coop,,0x2e6,0,3,False,「我們是聖——者！
0x0436,Coop,Coop,,0x2e6,1,3,False,我們是聖——者！
0x0436,Coop,Coop,,0x2e6,2,3,False,我們是聖——者——樂——團！」
0x0436,Coop,Coop,,0x349,0,1,False,掌聲如雷動。
0x0436,Coop,Iolo,,0x35d_0x388,0,1,True,「嗯。他們一定是看到你來了，<HONORIFIC>。」
0x0436,Coop,Coop,,0x390,0,1,False,「現在不能停下來說話！我參加『聖者旅團』的表演要遲到了！來藍野豬酒館聽我們演奏吧！」
0x0436,Coop,Coop,,0x42a,0,1,False,你看見一個年輕、精瘦的青少年。
0x0436,Coop,Iolo,,0x458_0x47a,0,1,True,「你好啊，小夥子！這是<PLAYER_NAME>，聖者！這是我的年輕學徒， Coop 。最近好嗎， Coop ？」
0x0436,Coop,Coop,,0x4c7,0,1,False,「還不錯，大人。我今天早上賣出了一把三連弩。」
0x0436,Coop,Iolo,,0x50e,0,1,False,「太好了！太好了！讓金幣繼續滾滾而來，我總是這麼說！」
0x0436,Coop,Coop,,0x561,0,1,False,「你好！」 Coop 說。
0x0436,Coop,Coop,,0x57d,0,1,False,「我的名字是 Coop 。」
0x0436,Coop,Coop,,0x59c,0,1,False,「我是 Iolo 弓箭店的經理！ Iolo 大師把這個重任交託給我！
0x0436,Coop,Coop,,0x5eb,0,1,False,「如果你在弓箭方面需要任何東西，請告訴我！」
0x0436,Coop,Coop,,0x63f,0,1,False,「你必須在店裡營業時來！」
0x0436,Coop,Coop,,0x67d,0,1,False,「Iolo 在很多、很多年前開了這間店。他最近在 Serpent's Hold 開了 Iolo 南部分店。他變得相當有企業家精神了！」
0x0436,Coop,Coop,,0x711,0,1,False,「我賣很多商品，但我也打算成為一名弓箭大師來延續 Iolo 的好名聲！ Iolo 教導得很好！」
0x0436,Coop,Iolo,,0x78b,0,1,False,「是的，這小夥子很棒！在我教他第一堂課之前就很棒了。」
0x0436,Coop,Coop,,0x7de,0,1,False,「我多麼想加入你們的隊伍去冒險啊！但是，那就沒人來顧店了。所以我不能去。但總有一天……總之，我晚上會跟一個樂團一起唱歌來取悅自己。」
0x0436,Coop,Coop,,0x8ac,0,1,False,「你好，老闆！」
0x0436,Coop,Iolo,,0x8c6,0,1,False,「你好，小夥子。你看起來不錯。」
0x0436,Coop,Coop,,0x8f8,0,1,False,「你也是，大人！」
0x0436,Coop,Coop,,0x915,0,1,False,「我的樂團叫做……嗯，叫做『聖者旅團』。希望那沒有冒犯到你。」
0x0436,Coop,Coop,,0x980,0,1,False,「樂團就只有我和音樂廳的兩位音樂家。我們每晚在藍野豬酒館表演。我負責唱歌和寫歌詞。其他兩位演奏樂器。請來聽我們演奏！」
0x0436,Coop,Coop,,0xa32,0,1,False,「我們賣各種弓，還有箭和弩箭。如果你想買些什麼，請說！」
0x0436,Coop,Coop,,0xa87,0,1,False,「再見！」
0x0437,Grayson,Grayson,,0x0,0,1,False,Grayson 噓了你一聲，因為你打擾了友誼會的集會。
0x0437,Grayson,Grayson,,0x43,0,1,False,「現在巴特林到底會在哪裡？我想我們得在沒有他的情況下開會了！」
0x0437,Grayson,Grayson,,0xa1,0,1,False,「我得跑了！我得跑了！我必須！我必須！我參加友誼會集會要遲到了！」
0x0437,Grayson,Grayson,,0x11b,0,1,False,你看見一個精明幹練的男人，笑得好像剛看到他的下一個顧客。
0x0437,Grayson,Grayson,,0x170,0,1,False,「又見面了，我的好朋友，」 Grayson 說。
0x0437,Grayson,Grayson,,0x1a7_0x1bd,0,1,True,「我是 Grayson ，<HONORIFIC>。一個謙虛誠實的人。」
0x0437,Grayson,Grayson,,0x1df,0,1,False,「哎呀，在不列顛城這裡，我賣的是金錢能買到最好的防具和武器。空閒的時候，我為友誼會做事。」
0x0437,Grayson,Grayson,,0x282,0,1,False,Grayson 上下打量你。「你真的相信你身上穿的能提供足夠的保護嗎？說實話，如果你捲入戰鬥，我很擔心你的安全。你今天有興趣買些什麼嗎？」
0x0437,Grayson,Grayson,,0x342,0,1,False,「那麼，下次吧。」
0x0437,Grayson,Grayson,,0x365,0,1,False,看著你後， Grayson 說：「看得出來你非常需要武器裝備。你今天想買些什麼嗎？」
0x0437,Grayson,Grayson,,0x342,0,1,False,「那麼，下次吧。」
0x0437,Grayson,Grayson,,0x3d2,0,1,False,「我賣各種齊全的防具和武器。」
0x0437,Grayson,Grayson,,0x400,0,1,False,「你想看哪一種？」
0x0437,Grayson,Grayson,,0x41c,0,1,False,「請在商店營業時來。」
0x0437,Grayson,Grayson,,0x43e,0,1,False,「我看你也是友誼會的成員！」
0x0437,Grayson,Grayson,,0x469,0,1,False,「它對我的生活非常有益。在我加入之前，我幾乎要破產了，而現在我比以前更繁榮。」
0x0437,Grayson,Grayson,,0x4ed,0,1,False,「我以前從來不夠積極或主動，無法成為一個成功的商人，但友誼會為我改變了這一切。」
0x0437,Grayson,Grayson,,0x56d,0,1,False,「透過將內在力量三位一體的價值觀應用到我的生活中，我完成了我一生想要做的事。我的防具和武器店很成功，而且我在友誼會也有了歸屬。」
0x0437,Grayson,Grayson,,0x62e,0,1,False,「你看，我深信我的失敗都是因為我糟糕的態度。是友誼會的教義改變了我思考的方式，並引導我走向正確的方向。」
0x0437,Grayson,Grayson,,0x6cb_0x6db,0,1,True,「再會了，<HONORIFIC>。」
0x0438,Diane,Diane,,0x1f,0,1,False,你看見一位面容姣好的年輕農婦。
0x0438,Diane,Diane,,0x4d_0x60,0,1,True,「向你問好，<HONORIFIC>，」 Diane 說。
0x0438,Diane,Diane,,0x74,0,1,False,「我的名字是 Diane 。」
0x0438,Diane,Diane,,0x94,0,1,False,「我的工作是負責管理不列顛城這裡的馬廄，如果你需要的話，也可以賣馬匹和馬車給你。」
0x0438,Diane,Diane,,0x12b,0,1,False,「在這裡你會找到由不列顛王御用馬匹飼育員培育出的頂級馬匹。如果你想買一匹，我相信我們可以商量出一個好價格。當然，牠們會附帶馬車。」
0x0438,Diane,Diane,,0x1ef,0,1,False,「不列顛城是個如此宏偉的城市，但如果你誰都不認識，可能會有些令人不安。幸運的是，我認識這裡的很多人。」
0x0438,Diane,Diane,,0x293,0,1,False,「馬匹和馬車的組合售價是 120 枚金幣。你可以在馬廄南邊過馬路的一個小棚子裡找到牠們。你想要一張馬匹契約嗎？」
0x0438,Diane,Diane,,0x332,0,1,False,「很好。這是你的契約。」
0x0438,Diane,Diane,,0x357,0,1,False,「哎呀。你的手太滿了，拿不下契約！」
0x0438,Diane,Diane,,0x38e,0,1,False,「噢。你沒有足夠的金幣買契約。」
0x0438,Diane,Diane,,0x3bf,0,1,False,「那麼，下次吧。」
0x0438,Diane,Diane,,0x3db,0,1,False,「我在不列顛尼亞認識很多朋友。其中包括 Greg 、 James 、 Brownie 和 Mack 。」
0x0438,Diane,Diane,,0x458,0,1,False,「Greg 經營一間賣補給品的商店。如果你正在計劃任何探險，他就是你該找的人。他似乎很幸運。也許他的好運會沾染到你身上。」
0x0438,Diane,Diane,,0x506,0,1,False,「在離這裡不遠經營旅店的 James ，渴望過著冒險的生活。他父親死後，他的家人希望他經營旅店，從那以後他就一直很不滿。不過，我想他喜歡在造幣廠工作的 Cynthia 。」
0x0438,Diane,Diane,,0x5e9,0,1,False,「Brownie 是個正直誠實的人，如果你想聽我的意見，他會是個比 Patterson 好得多的市長。他在春天用我們的馬來犁田。」
0x0438,Diane,Diane,,0x687,0,1,False,「關於 Mack ，我要警告你一句。別讓他開始談論天空。除此之外，他完全沒問題，我可以向你保證。」
0x0438,Diane,Diane,,0x70f,0,1,False,Diane 注意到你的友誼會徽章。「真奇怪。如果你不介意我這麼說，你看起來不像個友誼會成員。你身上有一種氣質。我說不上來。」
0x0438,Diane,Diane,,0x7be_0x7dd,0,1,True,「祝你有美好的一天，<HONORIFIC>。」
0x0439,Clint,Clint,,0x25,0,1,False,站在你面前的是一位年邁的航海人，他堅定的臉龐似乎經歷過無數風雨。
0x0439,Clint,Clint,,0x86_0xa8,0,1,True,「這次你找我有什麼事，<HONORIFIC>？」 Clint 說。
0x0439,Clint,Clint,,0xbc,0,1,False,「我是 Clint 。」
0x0439,Clint,Clint,,0xd3,0,1,False,「在我年輕的時候，我是個駕著大帆船航行過大海的水手。現在我必須滿足於只賣船隻和六分儀給別人。」
0x0439,Clint,Clint,,0x172,0,1,False,「當然，那是在需要強壯的男人才能當水手的日子。現在出海的那些人根本撐不到一天。但我想，一切事物逐漸變得溫順，就是宇宙的本質。」
0x0439,Clint,Clint,,0x237,0,1,False,「很快地，所有的怪物都會死光，整個世界會像友誼會那些人說的那樣，在信任、價值和團結中結合在一起。呸！我說，當每個人都在互相戰鬥的時候，這個世界才更美好。」
0x0439,Clint,Clint,,0x329,0,1,False,「當然，我沒有冒犯的意思。我沒意識到你是個成員。」 Clint 的反應就好像他剛摸到麻瘋病人一樣。
0x0439,Clint,Clint,,0x3af,0,1,False,「在世界上開創自己的路，不要聽信別人叫你相信什麼，這永遠是最好的。你最好記住這點！」
0x0439,Clint,Clint,,0x42e,0,1,False,「如果你需要一艘船，我手裡有一艘好船的契約。你也會需要一個六分儀來幫助她航向正確的方向。」
0x0439,Clint,Clint,,0x4d0_0x51c,0,1,True,「我的店現在打烊了。改天再來，我會很樂意為你服務，<HONORIFIC>。」
0x0439,Clint,Clint,,0x523,0,1,False,「我相信我已經把『野獸號 (The Beast)』的契約賣給你了！它怎麼了？你弄丟那艘船了嗎？如果是這樣，那你必須去找另一個造船匠！」
0x0439,Clint,Clint,,0x5d5,0,1,False,「『野獸號』的船舶契約要八百枚金幣。你希望購買她嗎？」
0x0439,Clint,Clint,,0x627_0x51c,0,1,True,「這是你的契約，<HONORIFIC>。」
0x0439,Clint,Clint,,0x640,0,1,False,「我會把契約給你，但你身上的東西太多，拿不下了！」
0x0439,Clint,Clint,,0x68c,0,1,False,「你沒有足夠的金幣來買船！」
0x0439,Clint,Clint,,0x6b7,0,1,False,「如果你需要船，一定要回來這裡。」
0x0439,Clint,Clint,,0x6eb,0,1,False,「一個六分儀要一百枚金幣。你希望買一個嗎？」
0x0439,Clint,Clint,,0x72e,0,1,False,「這是你的六分儀。有了它，航向絕對不會偏。」
0x0439,Clint,Clint,,0x771,0,1,False,「我會把六分儀給你，但你身上的東西太多，拿不下了。」
0x0439,Clint,Clint,,0x7c0,0,1,False,「你沒有足夠的錢來買六分儀！」
0x0439,Clint,Clint,,0x7ee,0,1,False,「如果你有需要六分儀，一定要回來。」
0x0439,Clint,Clint,,0x825,0,1,False,「皇冠寶石號 (Crown Jewel) 來過不列顛城？最近絕對沒有。肯定沒有。我記得皇冠寶石號，它已經很久沒來不列顛城了。」
0x0439,Clint,Clint,,0x8c5,0,1,False,「我之前告訴過你，皇冠寶石號很久沒來這裡了。」
0x0439,Clint,Clint,,0x90b,0,1,False,「祝你旅途順利。」
0x043A,Gordon,Gordon,,0x0,0,1,False,Gordon 太專心聆聽友誼會集會，以至於沒聽到你的聲音。
0x043A,Gordon,Gordon,,0x4b,0,1,False,「巴特林究竟在哪裡？他開會遲到了！」
0x043A,Gordon,Gordon,,0x82,0,1,False,「哎呀！我必須立刻離開！我參加友誼會集會要遲到了！」
0x043A,Gordon,Gordon,,0xe7,0,1,False,你看見一張友善的面孔看著你。
0x043A,Gordon,Gordon,,0x112_0x13d,0,1,True,「在這美好的一天你過得如何，<HONORIFIC>？」 Gordon 問。
0x043A,Gordon,Gordon,,0x152,0,1,False,「我的名字是 Gordon 。」
0x043A,Gordon,Gordon,,0x173,0,1,False,「我從我的餐車賣炸魚薯條。」
0x043A,Gordon,Gordon,,0x1b2,0,1,False,「請在我營業時間再來。」
0x043A,Gordon,Gordon,,0x1d8,0,1,False,「我有你在全不列顛尼亞能嚐到最棒的炸魚薯條。我的價格只要每份 8 枚金幣。你想來點嗎？」
0x043A,Gordon,Gordon,,0x257,0,1,False,他遞給你一個盤子。
0x043A,Gordon,Gordon,,0x273,0,1,False,「這真的是全不列顛尼亞最棒的炸魚薯條。」
0x043A,Gordon,Gordon,,0x2b0,0,1,False,「你身上的東西太多，拿不下你的炸魚薯條了！」
0x043A,Gordon,Gordon,,0x2f3,0,1,False,「你沒有足夠的金幣來買炸魚薯條。抱歉啦！」
0x043A,Gordon,Gordon,,0x333,0,1,False,「當你餓了的時候再來，我相信你會改變主意的。」
0x043A,Gordon,Gordon,,0x379,0,1,False,「我最近剛漆了我的餐車。它獲得了更多關注。現在生意好多了。我正在存錢要去海盜巢穴 (Buccaneer's Den) 旅行。」
0x043A,Gordon,Gordon,,0x425,0,1,False,「自從我成為友誼會成員後，生意就穩定成長。我改良並提升了炸魚麵糊的食譜，從那以後它就成了幾乎所有不列顛城人最喜歡的一餐。我甚至還把炸魚薯條供應給不列顛王本人。」
0x043A,Gordon,Gordon,,0x52d,0,1,False,「你知道的——就是那個戴著王冠、舉止像國王的傢伙。」
0x043A,Gordon,Gordon,,0x57c,0,1,False,「很高興看到你也是成員。我們下次集會見？」
0x043A,Gordon,Gordon,,0x5bc,0,1,False,「那麼我們九點整見！」
0x043A,Gordon,Gordon,,0x5de,0,1,False,「你應該更嚴格地實踐友誼會的教義！我們的集會是九點。我看你真的很需要參加。」
0x043A,Gordon,Gordon,,0x658,0,1,False,「我希望能去海盜巢穴贏點錢。那是個海盜勝地，他們那裡有間超棒的賭坊 (House of Games)。」
0x043A,Gordon,Gordon,,0x6e7,0,1,False,「我相信你也知道，海盜巢穴曾是小偷和惡棍的巢穴。因此，對於那些渴望體驗這種冒險生活的人來說，它有一種浪漫的吸引力。我承認，我就是其中之一。當你一生都在餐車賣魚時，你會需要一些刺激。海盜們最終意識到他們在暗地裡是多麼受人羨慕，所以他們把他們的島嶼變成了一個充滿刺激娛樂的地方。」
0x043A,Gordon,Gordon,,0x886,0,1,False,「據說他們那裡有幾種賭博遊戲！可以透過下注賽馬的結果來贏得金幣。」
0x043A,Gordon,Gordon,,0x8ea,0,1,False,「我看到你領取了徽章。我敢肯定地說，友誼會為我的生活帶來了奇蹟，我知道對你也會是一樣的。」他給了你一個會心的微笑。
0x043A,Gordon,Gordon,,0x996_0x9b5,0,1,True,「祝你有愉快的一天，<HONORIFIC>。」
0x043B,Sean,Sean,,0x0,0,1,False,Sean 全神貫注地聽著友誼會的集會。
0x043B,Sean,Sean,,0x31,0,1,False,「我無法想像巴特林在哪裡。他從不錯過友誼會集會！」
0x043B,Sean,Sean,,0x7d,0,1,False,「我現在不能停下來說話！我參加友誼會集會要遲到了！」
0x043B,Sean,Sean,,0xe2,0,1,False,你看見一個男人，他那張充滿孩子氣的臉龐上，鑲嵌著彷彿看透世事、充滿審視意味的雙眼。
0x043B,Sean,Sean,,0x15e_0x17a,0,1,True,「我能為你做什麼，<HONORIFIC>？」 Sean 問。
0x043B,Sean,Sean,,0x18d,0,1,False,「我的名字是 Sean 。」
0x043B,Sean,Sean,,0x1ac,0,1,False,「當我不在處理友誼會事務時，我是不列顛城這裡的珠寶商。如果你想買些什麼，請說！」
0x043B,Sean,Sean,,0x250,0,1,False,「這是一項非常精細的工作。它需要只有少數人擁有的特殊手感。你必須確切地知道如何處理珍貴的材料。只有最優秀的工匠才能成為珠寶商，而且他們能獲得最高的報酬。」
0x043B,Sean,Sean,,0x358,0,1,False,「我經常需要新材料來製作我非常特別的珠寶。我總是在市場上收購寶石。如果你有偶然發現任何寶石，而你想賣掉它們賺錢的話，我就是你要找的人。」
0x043B,Sean,Sean,,0x42c,0,1,False,「就像我告訴你的，只有最優秀的工匠才能成為珠寶商，而我是最優秀的珠寶商。這難道還不夠明顯嗎？」 Sean 哼了一聲。「我的生意賺的錢比造幣廠還多！」他勉強地笑了笑。
0x043B,Sean,Sean,,0x517,0,1,False,「珠寶店目前打烊了。晚點再來！」
0x043B,Sean,Sean,,0x548,0,1,False,「你有寶石要賣嗎？」
0x043B,Sean,Sean,,0x567,0,1,False,「我願意以每顆寶石 30 枚金幣的價格向你收購。這個價格你同意嗎？」
0x043B,Sean,Sean,,0x5c6,0,1,False,「你以為我是傻瓜嗎？！這個藍色小玩意兒一文不值！」
0x043B,Sean,Sean,,0x612,0,1,False,Sean 的臉色緊繃。「這顆寶石又小又暗，就像邪惡巫妖的心臟一樣。拿走！」
0x043B,Sean,Sean,,0x678,0,1,False,「你根本沒有寶石！你這個騙子！我不跟你做生意了！」
0x043B,Sean,Sean,,0x6c4,0,1,False,「我看到你有一顆寶石。」
0x043B,Sean,Sean,,0x6e9_0x6fd,0,1,True,「我看到你有 <VAR> 顆寶石。」
0x043B,Sean,Sean,,0x70e,0,1,False,「這是你的報酬。」
0x043B,Sean,Sean,,0x72a,0,1,False,「你身上的東西太多，拿不下你的報酬了！」
0x043B,Sean,Sean,,0x767,0,1,False,「看來我們沒什麼好談的了。」
0x043B,Sean,Sean,,0x792,0,1,False,「如果你沒有寶石要賣，那就連提都別提，別浪費我的時間！」
0x043B,Sean,Sean,,0x7e7,0,1,False,「我看你也是成員！」 Sean 突然用較為尊敬的眼神看著你。「我相信友誼會未來會為你帶來無窮的好處。」他帶著高傲的笑容說道。
0x043B,Sean,Sean,,0x896,0,1,False,「甚至連你也可以加入友誼會，我可以告訴你更多關於它的事。」
0x043B,Sean,Sean,,0x8ee,0,1,False,「如果你想聽，我可以告訴你友誼會的理念。」
0x043B,Sean,Sean,,0x935,0,1,False,「你真的有興趣聽更多嗎？」
0x043B,Sean,Sean,,0x95d,0,1,False,「我就知道我在白費唇舌。」
0x043B,Sean,Sean,,0x985,0,1,False,「我把整個生意搬到不列顛城，就是為了靠近友誼會的總部。你根本無法想像我加入友誼會之後，我的生意改善了多少。」
0x043B,Sean,Sean,,0xa28,0,1,False,「你想買些什麼嗎？」
0x043B,Sean,Sean,,0xa47,0,1,False,「那麼請隨意逛逛。」
0x043B,Sean,Sean,,0xa66,0,1,False,「請在正常營業時間來店裡。」
0x043B,Sean,Sean,,0xa91,0,1,False,「我相信你一定得趕路了。」 Sean 微笑著。
0x043C,Brownie,Brownie,,0x1c,0,1,False,你看見一位農夫，儘管繁重的工作讓他看起來相當疲憊，但他顯得精力充沛、開朗且友善。
0x043C,Brownie,Brownie,,0x95_0xa8,0,1,True,「又見面了，<HONORIFIC>，」 Brownie 向你打招呼。
0x043C,Brownie,Brownie,,0xca,0,1,False,「我是 Brownie 。」
0x043C,Brownie,Brownie,,0xe3,0,1,False,「嗯，我曾經競選過不列顛城的市長，但我落選了。現在我又回到了我從小就在做的事。在農場工作。」
0x043C,Brownie,Brownie,,0x17c,0,1,False,「Patterson 贏得了選舉。他在競選上花了很多錢。大部分是用來買票。但我並不怨恨。我只是注定當不了市長。」
0x043C,Brownie,Brownie,,0x222,0,1,False,「Patterson 爭取了友誼會的支持。他們強迫所有成員投票給他。一旦消息傳開，我的支持者就流失了。沒有人想站在輸家那邊。」 Brownie 嘆了口氣。
0x043C,Brownie,Brownie,,0x2f5,0,1,False,「我其實沒有任何想在政治上獲得成功的願望。我只是看不慣那些有錢人虐待窮人，然後還得聽他們談論階級制度已經被廢除了。」
0x043C,Brownie,Brownie,,0x3a4,0,1,False,Brownie 指著你的徽章。「說實話，我不知道你在那個團體裡看到了什麼。」
0x043C,Brownie,Brownie,,0x407,0,1,False,「如果你不與友誼會同流合污，你就是在反對他們。我想他們把我視為一個必須被阻止的潛在敵人。」
0x043C,Brownie,Brownie,,0x48f,0,1,False,「當然，如果我想要的話，我本來是可以贏得選舉的。我掌握了關於 Patterson 的情報，那會毀掉他所有獲勝的機會。」
0x043C,Brownie,Brownie,,0x532,0,1,False,「我本來可以揭露一個關於 Patterson 的秘密，但如果我這麼做了，會對他身邊親近的人造成很大的傷害。我並沒有那麼想當市長。」
0x043C,Brownie,Brownie,,0x5e7,0,1,False,「Patterson 幾乎沒有掩飾他的秘密。如果你留意他，你遲早會發現的。」
0x043C,Brownie,Brownie,,0x646,0,1,False,「我還是覺得在農場種蔬菜比較自在。還有另一個農夫叫 Mack ，他也在不列顛城附近經營農場。他養雞。」
0x043C,Brownie,Brownie,,0x6e0,0,1,False,「我喜歡他。他甚至還投票給我。但說實話，關於 Mack ，他是個瘋子。」
0x043C,Brownie,Brownie,,0x741,0,1,False,「我種南瓜。但我現在遇到了一點麻煩，需要一些幫忙。」
0x043C,Brownie,Brownie,,0x79e,0,1,False,「前幾天我搬重南瓜時扭傷了背。我今天連一個小南瓜都搬不動！我需要有人幫忙收成南瓜，這樣我才能把它們送到市集去。」
0x043C,Brownie,Brownie,,0x847,0,1,False,「田地北端有一堆南瓜。我需要把它們搬到我的農舍附近。如果你願意幫我把南瓜搬過來，我很樂意為你的工作付錢。每搬一個南瓜給你一枚金幣，聽起來如何？」
0x043C,Brownie,Brownie,,0x920,0,1,False,「太好了！一個幫手！請隨時開始工作吧！」
0x043C,Brownie,Brownie,,0x95d,0,1,False,「那麼，也許下次吧。」
0x043C,Brownie,Brownie,,0x97f,0,1,False,「你只要去田地北端，帶回盡可能多你能拿的南瓜就行了！」
0x043C,Brownie,Brownie,,0x9d1_0x9f0,0,1,True,「祝你有美好的一天，<HONORIFIC>。」
0x043D,Mack,Mack,,0x26,0,1,False,你看見一位農夫，狂野的雙眼因為興奮而睜得大大的。
0x043D,Mack,Mack,,0x6f,0,1,False,「聖者！你回來了！」 Mack 驚呼。
0x043D,Mack,Mack,,0x9d,0,1,False,「我是 Mack 。」
0x043D,Mack,Mack,,0xb3,0,1,False,「我是個農夫，雖然大部分的人都叫我瘋子。」
0x043D,Mack,Mack,,0x101,0,1,False,「在我的農場裡，我養雞和種蔬菜。如果你需要工作，跟我說！」
0x043D,Mack,Mack,,0x159,0,1,False,「你也這麼認為，是吧？但我告訴你我說的都是真的！有來自星星上另一個地方的生物來拜訪我們！我親眼見過！」
0x043D,Mack,Mack,,0x217,0,1,False,「他們是又大又凶又醜的獅虎獸！還是虎獅獸？他們非常兇猛，而且想吃我們！」
0x043D,Mack,Mack,,0x284,0,1,False,「我只能說，這個世界上絕對沒有這種生物！他們的船也不像在不列顛尼亞任何地方見過的任何船隻。」
0x043D,Mack,Mack,,0x30f,0,1,False,「我親眼見過一隻星際生物，以及讓它能旅行到不列顛尼亞的莫名交通工具！我向你發誓！我完全理智！我有證據！」
0x043D,Mack,Mack,,0x3ac,0,1,False,「去我農場後面的田野中央看看。你自己去看看，你就會看到我的證據。」
0x043D,Mack,Mack,,0x410,0,1,False,「我就告訴過你我不是瘋子！你看到證據了嗎？」
0x043D,Mack,Mack,,0x453,0,1,False,「你必須去看看我田裡有什麼！然後回來這裡，因為我必須跟知道我不是瘋子的人談談這件事！」
0x043D,Mack,Mack,,0x4d5,0,1,False,「我是不是告訴過你我不是瘋子？不過，我如何偶然發現這東西的故事，簡直令人難以置信。」
0x043D,Mack,Mack,,0x55b,0,1,False,「我喜歡熬夜。有時候我會看到明亮的光芒劃過天空。沒有其他人會去注意它們。但有一天晚上，我看到這道明亮的光芒墜落下來，降落在我的田裡。」
0x043D,Mack,Mack,,0x639,0,1,False,「我每天晚上都在尋找那些東西的另一個跡象，但自從我上次告訴你的那次之後，我就再也沒見過了。」
0x043D,Mack,Mack,,0x6c4,0,1,False,「我總是觀察夜空中移動的明亮光芒。這也是鎮上的人說我是瘋子的部分原因。但我所做的，跟他們在太陽系儀館裡做的事情有什麼不同嗎？」
0x043D,Mack,Mack,,0x782,0,1,False,「在爆炸和墜毀之後，我跑到了我的田裡。在那裡我看到了你所見過的那台奇怪的機器，只是它正發出熾熱的光芒。我嚇壞了。但接著機器的頂部開始打開。」
0x043D,Mack,Mack,,0x863,0,1,False,「它長得像鳥，但它不是鳥！」
0x043D,Mack,Mack,,0x88e,0,1,False,「當我看到那艘奇怪的船打開時，我嚇得無法動彈。從頂部出來的是一隻兇惡的虎獅獸。它的眼中充滿了野蠻的飢餓感。」
0x043D,Mack,Mack,,0x942,0,1,False,「換句話說，它看起來好像會把我吃掉！」
0x043D,Mack,Mack,,0x97c,0,1,False,「它像掠食者追捕獵物一樣撲向我。它太快了，我甚至無法移動。我以為我死定了。它一秒鐘就衝到了我面前。它看著我的眼睛，然後它就死了。」
0x043D,Mack,Mack,,0xa47,0,1,False,「它和我沒注意的是，我手裡正拿著我的鋤頭。它曾經被一個路過的法師意外地施了魔法，而且在田裡使用起來效果奇佳。我什麼事都用它！那隻虎獅獸自己撞穿在它上面。當它死的時候，那東西說話了。」
0x043D,Mack,Mack,,0xb67,0,1,False,「它說了兩個字。『殺了 Wrathy。』我不知道這個 Wrathy 是誰，也不知道為什麼虎獅獸要我殺了他。但我知道現在每當我看到夜空中移動的光芒時，我就會感到很擔心。」
0x043D,Mack,Mack,,0xc54,0,1,False,「我相信你一定知道那場折磨了世界上所有法師的瘋狂瘟疫。幾年前，我把我弄壞的鋤頭帶給一個叫 Mumb 的法師。修東西是他唯一還擅長的事。那時還有個戰士想要 Mumb 附魔他的劍，把它變成『死亡之劍』。看來可憐的 Mumb 搞混了，那個戰士回來殺了他，因為那個人最後拿到了一把只能用來除草的劍。我一直搞不清楚到底發生了什麼事。看來老 Mumb 把我的鋤頭變成了毀滅之鋤！不幸的是，這把鋤頭不見了。」
0x043D,Mack,Mack,,0xe7e,0,1,False,「嗯，也不是真的不見了。它被鎖在我的棚子裡。不見的是棚子的鑰匙！我想我可能在 Lock Lake 岸邊釣魚時不小心把它當成魚鉤用了。所以現在我進不去我的棚子了。人家還真會以為我是個瘋子呢！」
0x043D,Mack,Mack,,0xf86,0,1,False,「我相當肯定是那樣，或類似的話。不管怎樣，那隻虎獅獸本身嚐起來相當美味。」
0x043D,Mack,Mack,,0xff6,0,1,False,「我需要有人來幫我工作，幫忙收集雞下的所有蛋！當那個巨大的東西墜毀時，牠們都嚇壞了，所以牠們停不下來一直下蛋！你願意為我工作嗎？每顆雞蛋我付你 1 枚金幣。」
0x043D,Mack,Mack,,0x10de,0,1,False,「很好！你會在後面找到那些雞。你必須在雞窩裡摸索才能找到那裡的雞蛋。當然，牠們一天能產的數量是有限的。」
0x043D,Mack,Mack,,0x117b,0,1,False,「如果你改變主意再問我吧。」
0x043D,Mack,Mack,,0x11a6,0,1,False,「感謝你的體面與體貼。」
0x043E,Snaz,Snaz,,0x15,0,1,False,你看見一個渾身髒兮兮的乞丐，他對你咧嘴一笑，彷彿你是他全世界最好的朋友。
0x043E,Snaz,Snaz,,0x82_0x95,0,1,True,「又見面了，<HONORIFIC>，」 Snaz 說。
0x043E,Snaz,Snaz,,0xa8,0,1,False,「我叫 Snaz 。」
0x043E,Snaz,Snaz,,0xbe,0,1,False,「我沒有工作，因為我是個乞丐。只要一枚金幣，我就說個笑話給你聽。」
0x043E,Snaz,Snaz,,0x136,0,2,False,「當我還是個小男孩的時候，我就成了孤兒，無家可歸、身無分文。那是生活對我開的一個玩笑。這玩笑真有趣，是吧？
0x043E,Snaz,Snaz,,0x136,1,2,False,「但我不會為那個向你收金幣的。」
0x043E,Snaz,Snaz,,0x208,0,1,False,「你想聽一個嗎？」
0x043E,Snaz,Snaz,,0x224,0,1,False,「好吧，這裡有一個……」
0x043E,Snaz,Snaz,,0x259_0x28d,0,1,True,「如果你想聽笑話，你必須付錢給我，<HONORIFIC>。等你的口袋滿了再來吧。你越有錢，我就越幽默！」
0x043E,Snaz,Snaz,,0x2d6,0,1,False,「行行好吧，我求你了！我有一個妻子和六個飢餓的孩子要養。」他感覺到你正盯著他看。「喔，好吧。你相信我有一隻貓，而牠剛生了小貓嗎？」
0x043E,Snaz,Snaz,,0x39a,0,3,False,「前幾天我在跟一個友誼會成員討論理念，他問我：『依你看，什麼是愚蠢的最高境界？』
0x043E,Snaz,Snaz,,0x39a,1,3,False,「所以我說：『我不知道。你有多高？』
0x043E,Snaz,Snaz,,0x39a,2,3,False,「不，說真的，我雖然拿友誼會開玩笑，但我是真心的……」
0x043E,Snaz,Snaz,,0x4be,0,2,False,「這就是我深深喜愛友誼會的原因。他們總是開得起玩笑！
0x043E,Snaz,Snaz,,0x4be,1,2,False,「而且據我所知，他們自己也開很有趣的玩笑！就像他們在 Trinsic 開的那個玩笑！」
0x043E,Snaz,Snaz,,0x57e,0,1,False,「只要一枚金幣，我就再跟你說一個。你想聽嗎？」
0x043E,Snaz,Snaz,,0x5c4,0,1,False,「看來我已經達到了你的幽默感極限了。」
0x043E,Snaz,Snaz,,0x5fe,0,5,False,「前幾天我在不列顛王的城堡裡，我注意到他有三個大水池。所以我問他為什麼有三個。
0x043E,Snaz,Snaz,,0x5fe,1,5,False,「他指著第一個說，第一個是用來在涼水中游泳的。
0x043E,Snaz,Snaz,,0x5fe,2,5,False,「第二個是讓朋友們在溫水中游泳的。
0x043E,Snaz,Snaz,,0x5fe,3,5,False,「我注意到第三個水池是空的，所以我問他為什麼。
0x043E,Snaz,Snaz,,0x5fe,4,5,False,「他說那是給不會游泳的人用的！」
0x043E,Snaz,Snaz,,0x784,0,1,False,「你比我還窮！如果我現在再跟你說任何笑話，你可能會偷走我的飯碗！」
0x043E,Snaz,Snaz,,0x7e8,0,3,False,「可憐的不列顛王！當面對威脅他整個王國的巨大威脅時，他是一位極其能幹的統治者。
0x043E,Snaz,Snaz,,0x7e8,1,3,False,「但當有成千上萬件間接威脅他人民福祉的小事發生時呢？
0x043E,Snaz,Snaz,,0x7e8,2,3,False,「這就是留給你解開的謎題了！」
0x043E,Snaz,Snaz,,0x57e,0,1,False,「只要一枚金幣，我就再跟你說一個。你想聽嗎？」
0x043E,Snaz,Snaz,,0x8dd,0,1,False,「很好。如果你聽不懂前兩個，我現在也沒有理由繼續下去了。」
0x043E,Snaz,Snaz,,0x935,0,3,False,「一個名叫 Weston 的人滿臉困惑地來找我。
0x043E,Snaz,Snaz,,0x935,1,3,False,「他告訴我他想從皇家果園偷些蘋果，但如果他這麼做，他隔天早上會覺得很良心不安。
0x043E,Snaz,Snaz,,0x935,2,3,False,「所以我給了他這個建議——睡到中午！」
0x043E,Snaz,Snaz,,0xa34_0xa53,0,1,True,「你的口袋空空如也，<HONORIFIC>。也許是時候停止笑，開始擔心了！」
0x043E,Snaz,Snaz,,0xa87,0,2,False,「Weston 現在坐在城堡的監獄裡，他肯定會在那裡度過餘生。嘿嘿嘿！
0x043E,Snaz,Snaz,,0xa87,1,2,False,「盡我所能，我也無法超越那個小笑話！」
0x043E,Snaz,Snaz,,0x57e,0,1,False,「只要一枚金幣，我就再跟你說一個。你想聽嗎？」
0x043E,Snaz,Snaz,,0xb1e,0,1,False,「你很明智。你應該把金幣省下來，付錢給治療師來治好你側腹的疼痛。」
0x043E,Snaz,Snaz,,0xb82,0,5,False,「在路上旅行時，我遇到了一位法師。
0x043E,Snaz,Snaz,,0xb82,1,5,False,「他看起來好像幾天沒吃東西了，並抱怨他的胃痛得要命。
0x043E,Snaz,Snaz,,0xb82,2,5,False,「所以我告訴他，他的胃是空的。如果他往裡面塞點東西，他會覺得好點的。
0x043E,Snaz,Snaz,,0xb82,3,5,False,「後來他向我抱怨他頭痛。我說他的頭痛是由於跟他的胃類似的問題引起的。
0x043E,Snaz,Snaz,,0xb82,4,5,False,「毫無疑問那會讓他這麼痛，因為身為一個法師，他的腦子裡什麼都沒剩下了！」
0x043E,Snaz,Snaz,,0xd5e,0,1,False,「現在你在跟我開玩笑了。你破產了！」
0x043E,Snaz,Snaz,,0xd95,0,1,False,「所有的法師都變傻或發瘋了！在一個如此好笑的世界裡，還有什麼其他適當的反應呢？！」
0x043E,Snaz,Snaz,,0xe11,0,1,False,「你真是個勇敢的聖者！你想聽下一個嗎？」
0x043E,Snaz,Snaz,,0xe4e,0,1,False,「啊哈！沒我想像中的勇敢！」
0x043E,Snaz,Snaz,,0xe83,0,2,False,「你知道聲名狼藉的騙子 Sullivan 最近當爸爸了嗎？
0x043E,Snaz,Snaz,,0xe83,1,2,False,「這是真的！他們說那嬰兒有他父親的眼睛和他母親的鼻子，但他們逼那個嬰兒把它們還回去。」
0x043E,Snaz,Snaz,,0xf60,0,1,False,「你可能在笑，但你的錢包肯定沒有，因為它是空的。」
0x043E,Snaz,Snaz,,0xfac,0,3,False,「是的，我認識那個被稱為騙子 Sullivan 的人！事實上你讓我想起了他！
0x043E,Snaz,Snaz,,0xfac,1,3,False,「還是他讓我想起了你？
0x043E,Snaz,Snaz,,0xfac,2,3,False,「他太狡猾了，光是談論他就讓我把自己給騙了！嘿-嘻-哈！」
0x043E,Snaz,Snaz,,0x1083,0,1,False,「到目前為止我都逗樂了你！你想聽下一個嗎？這是個關於黃金的笑話！」
0x043E,Snaz,Snaz,,0x10e7,0,1,False,「非常感謝你！現在，再見！」
0x043E,Snaz,Snaz,,0x1112,0,1,False,「你聽懂了嗎？哈！哈！哈！哈！如果不懂，我很樂意再說一遍。」
0x043E,Snaz,Snaz,,0x116d,0,1,False,「你想再聽一次黃金笑話嗎？」
0x043E,Snaz,Snaz,,0x1198,0,1,False,「現在仔細聽好……」
0x043E,Snaz,Snaz,,0x11b7,0,1,False,「喔，我真的很抱歉。我不能再講一次笑話了，因為你沒錢了。」
0x043E,Snaz,Snaz,,0x120f_0x1246,0,1,True,「看來你已經開始懂得演藝圈的規矩了，<HONORIFIC>。祝你有美好的一天！」
0x043E,Snaz,Snaz,,0x1268,0,1,False,「我看得出來你窮到連幽默感都買不起了！」
0x043E,Snaz,Snaz,,0x12a5,0,1,False,「喔，真可惜你不想聽！這是目前為止最好笑的一個，也是我個人最喜歡的！」
0x043E,Snaz,Snaz,,0x130f,0,1,False,「我真希望我逗樂了你。」
0x043F,Millie,Millie,,0x0,0,1,False,Millie 無視你想引起她注意的舉動，並回去全神貫注地觀看友誼會儀式。
0x043F,Millie,Millie,,0x60,0,1,False,Millie 看起來有些不安。「巴特林以前從未錯過任何一次集會。他想怎樣？難道他想要『我』來主持這場集會嗎？」
0x043F,Millie,Millie,,0xf8,0,1,False,「抱歉，我現在不能和你說話！我參加友誼會集會要遲到了！」
0x043F,Millie,Millie,,0x168,0,1,False,你看見一位長相可愛的女人，當她注意到你在看她時，她綻放出了燦爛的笑容。
0x043F,Millie,Millie,,0x1d2,0,1,False,「很高興能再次與你交談，」 Millie 說。
0x043F,Millie,Millie,,0x208,0,1,False,「我的名字是 Millie，」她靦腆地咯咯笑著。
0x043F,Millie,Millie,,0x243,0,1,False,「我想我沒有工作，但這真的很糟嗎？我是友誼會的成員，我整天都在跟別人談論他們。」
0x043F,Millie,Millie,,0x2cd,0,1,False,「看來我們有同樣的工作！」她為自己開的玩笑笑了起來。「你也把所有的時間都花在跟別人談論友誼會嗎？如果你真的是做這行的，那你得給自己找另外一個角落去！」 Millie 不悅地皺起眉頭。
0x043F,Millie,Millie,,0x3cf,0,1,False,「你知道友誼會是什麼嗎？」
0x043F,Millie,Millie,,0x3f7,0,1,False,「喔，我想你其實並不知道！」
0x043F,Millie,Millie,,0x429,0,1,False,「如果你願意的話，你可以參加今晚在友誼會堂的集會。九點準時開始。只要告訴他們你是我的客人就行了。希望我能在那裡見到你。」 Millie 咯咯笑著，害羞地別過頭去。
0x043F,Millie,Millie,,0x50d,0,1,False,「我把所有的時間都花在試圖招募，呃……傳播友誼會的福音上。這比擁有一份工作好多了！我是在冥想營學會怎麼做這些的。」
0x043F,Millie,Millie,,0x5c3,0,1,False,「它位於南不列顛尼亞靠近巨蛇據點（Serpent's Hold）的一座島上。大多數新加入的友誼會成員都會花些時間在那裡學習這個團體的教義。在營隊裡還可以學習如何聆聽『那聲音』。」
0x043F,Millie,Millie,,0x6bd,0,1,False,「友誼會成員有一種會對他們說話的內在聲音。我還沒聽見過，但我正在努力。為了達到這點，我可能需要再去冥想營待個幾天。不過，巴特林告訴我不要灰心。他說當我證明了自己的價值時，我就會聽見它了。」
0x043F,Millie,Millie,,0x7d8,0,1,False,Millie 翻了個白眼。「你見過我哥哥了？真可憐！要我說，他真的該被送進瘋人院！他認為是友誼會綁架了我，並用魔法迷惑我追隨他們。聽著，我是出於自由意志加入的，連想都沒想，而且這純粹是件好玩的事！沒有人強迫我！去他的 Thad ！媽媽總是說他是家裡最衝動的人！」
0x043F,Millie,Millie,,0x948,0,1,False,「我們晚點見！也許在今晚的友誼會集會上見！」
0x0440,Geoffrey,Geoffrey,,0x1c,0,1,False,你看見你從前的同伴和朋友，皇家守衛隊長 Geoffrey。
0x0440,Geoffrey,Geoffrey,,0x62_0x72,0,1,True,「什麼事，<PLAYER_NAME>？」 Geoffrey 問道。
0x0440,Geoffrey,Geoffrey,,0x8c,0,1,False,Geoffrey 輕笑著。「你在開玩笑嗎？我是 Geoffrey 啊！」
0x0440,Geoffrey,Geoffrey,,0xd3,0,1,False,「這些日子以來，我仍然擔任皇家守衛隊長的職位。我是不列顛王的私人貼身侍衛，而且我負責城堡的安全。我現在沒有太多時間，也沒必要去冒險了。」
0x0440,Geoffrey,Geoffrey,,0x1a7,0,1,False,「在過去這兩百年間，我老了一些。恐怕我這次不能與你同行了。但我的心與你同在，如果我能提供一些協助，我很樂意幫忙。」
0x0440,Geoffrey,Geoffrey,,0x261,0,1,False,「是的，以不列顛尼亞的曆法來算，我已經很久沒見過我的故鄉了。當你完成你的事情後，一定要回來告訴我我們家鄉發生的新聞。」
0x0440,Geoffrey,Geoffrey,,0x313,0,1,False,「我給你的建議是，盡快累積你的經驗和技能。你已經離開不列顛尼亞很長一段時間了。你可能不再處於你上次在這裡冒險結束時的最佳狀態。」
0x0440,Geoffrey,Geoffrey,,0x3e2,0,1,False,「這顯然是我們兩個世界的另一個不同之處。每當你回來時，就好像你的肉體是第一次來到這裡一樣。這也是為什麼你許多同伴選擇留在這裡，儘管他們在不列顛尼亞的時間流逝中已經變老了。」
0x0440,Geoffrey,Geoffrey,,0x4e5,0,1,False,「去找怪物吧。擊敗他們。拿走他們的黃金！獲取經驗！當你去拜訪訓練師時，使用那些經驗。增加你的力量、敏捷度和智力，以及你的戰鬥技能和施法能力。如果沒有這種必要的經驗進化，你會迷失的！」
0x0440,Geoffrey,Geoffrey,,0x5f7,0,1,False,「他相當瘋癲。如果你問我，我相信這片土地上所有的法師都遭殃了。你自己去看看並找出答案吧。」
0x0440,Geoffrey,Geoffrey,,0x67f,0,1,False,「他現在好多了！」
0x0440,Geoffrey,Geoffrey,,0x69b,0,1,False,「要有勇氣。要有信念。要堅強。要明智。」
0x0441,Wislem,Wislem,,0x15,0,1,False,你看見一隻令人印象深刻，舉止莊嚴的有翼石像鬼。
0x0441,Wislem,Wislem,,0x5b,0,1,False,「再次向你問好，」Wislem 說道。
0x0441,Wislem,Wislem,,0x87,0,1,False,「我是 Wislem。」
0x0441,Wislem,Wislem,,0xa5,0,1,False,這是『智者』的意思。」
0x0441,Wislem,Wislem,,0xc7,0,1,False,「擔任不列顛王的顧問，並作為我們種族在不列顛城這裡的代表。很榮幸能成為國王漫長的顧問名單中的一員。」
0x0441,Wislem,Wislem,,0x165,0,1,False,「為了確保石像鬼種族的聲音在城堡裡被聽見。要被不列顛尼亞社會接受和融合，是一條漫長的路。」
0x0441,Wislem,Wislem,,0x1fb,0,1,False,「告訴你，在你上次拜訪後不久，石像鬼定居在東南方的 Terfin 島上。然後逐漸地，一點一點地搬到了大陸上。」
0x0441,Wislem,Wislem,,0x291,0,1,False,「在大多數地方被接受了。然而，仍然有一些城鎮不接受我們，這讓人感到難過。但我們的國王，Draxinusom ，仍然活著，而且做得非常出色。去了解並幫助所有還活著的石像鬼。」
0x0441,Wislem,Wislem,,0x384,0,2,False,Wislem 聽了你關於 Trinsic 謀殺案的故事。「聽到這個很難過。建議你去 Terfin 拜訪 Draxinusom 國王，並告訴他關於 Inamo 的事。他會知道誰是 Inamo 的父母。建議你盡快傳達這個消息。
0x0441,Wislem,Wislem,,0x384,1,2,False,「很快就去告訴 Draxinusom 關於 Inamo 的事嗎？」
0x0441,Wislem,Wislem,,0x4ad,0,1,False,「知道你是可靠的。」
0x0441,Wislem,Wislem,,0x4cc,0,1,False,「擔心 Inamo 的父母永遠不會知道發生了什麼事。」他看起來很悲傷。
0x0441,Wislem,Wislem,,0x528,0,1,False,「告辭。」
0x0442,Sherry,Sherry,,0x15_0xa5,0,2,True,你看見一隻非常巨大的老鼠，散發出一種卓越智慧的氣息。
0x0442,Sherry,Sherry,,0x15_0xa5,1,2,True,「聖者！」她驚呼道。「我不敢相信你在這裡，<PLAYER_NAME>！」
0x0442,Sherry,Sherry,,0xac_0xb9,0,1,True,「你好，<PLAYER_NAME>！」老鼠 Sherry 驚呼道。
0x0442,Sherry,Sherry,,0xda_0x104,0,1,True,「怎麼，你不記得 Sherry 了嗎，<PLAYER_NAME>？」
0x0442,Sherry,Sherry,,0x10b,0,1,False,「我正努力跟上這些孩子！我們在城堡裡玩鬼抓人！我得跑了！晚點在育嬰室跟我說話！」
0x0442,Sherry,Sherry,,0x185,0,1,False,「白天我主要在皇家育嬰室協助 Nanna。晚上當 Nanna 去吃晚餐並參加她的友誼會集會時，我會單獨看顧孩子們。其他時間我則在城堡裡跑來跑去尋找老鼠食物！」
0x0442,Sherry,Sherry,,0x27d,0,1,False,「孩子們太有趣了。我喜歡讀他們最喜歡的故事給他們聽。碰巧那也是不列顛王最喜歡的童話故事！很多很多年前，他也曾讀給我聽過。」
0x0442,Sherry,Sherry,,0x346,0,1,False,「如果你還沒有機會，請務必四處看看並見見他們。他們非常棒，也很逗趣。」
0x0442,Sherry,Sherry,,0x3b0,0,1,False,「這跟妳上次來的時候差不多。有稍微改建了一下。畢竟，距離你上次來已經兩百年了！我相信不列顛王有一個裡面裝了不少裝備的儲藏室。」
0x0442,Sherry,Sherry,,0x46e,0,1,False,「嗯，起司是我的最愛。如果你有起司可以給我的話，我會很樂意吃掉它的。但我通常什麼都吃。你有帶起司給我嗎？」
0x0442,Sherry,Sherry,,0x50e,0,1,False,「想給我一些嗎？」
0x0442,Sherry,Sherry,,0x52a_0xa5,0,1,True,「謝謝你，<PLAYER_NAME>！」
0x0442,Sherry,Sherry,,0x53a_0x55f,0,1,True,「我現在拿不下你的起司，<HONORIFIC>。」
0x0442,Sherry,Sherry,,0x566,0,1,False,「哼！我還以為我們是朋友呢！」
0x0442,Sherry,Sherry,,0x594,0,1,False,「但你根本沒有起司啊！」
0x0442,Sherry,Sherry,,0x5b9,0,1,False,「太可惜了！如果你找到了，請隨時想到我！」
0x0442,Sherry,Sherry,,0x5f9,0,1,False,「你想聽這個故事嗎？它叫做『Hubert 的驚悚冒險』。」
0x0442,Sherry,Sherry,,0x643,0,1,False,Sherry 用後腿站立，深吸了一口氣，然後憑著記憶——非常、非常快地背誦了起來：
0x0442,Sherry,Sherry,,0x6b1,0,1,False,「那就下次吧！」
0x0442,Sherry,Sherry,,0x6ca_0x6d7,0,1,True,「再見，<HONORIFIC>！」
0x0443,Boots,Boots,,0x1c,0,1,False,這是一位老奶奶，簡直就是『慈祥祖母』的縮影。
0x0443,Boots,Boots,,0x5f,0,1,False,「又見面了！」 Boots 說。
0x0443,Boots,Boots,,0x82,0,1,False,「當我還是個小嬰兒的時候，我所有的兄弟姊妹都叫我『Boots』，從那以後這就成了我的名字。」
0x0443,Boots,Boots,,0x103,0,1,False,「哎呀，我是不列顛王的私人廚師！我負責準備整個城堡的餐點。」
0x0443,Boots,Boots,,0x165,0,1,False,「只要在早餐或晚餐時間去餐廳，我丈夫 Bennie 就會為你服務！」
0x0443,Boots,Boots,,0x1d1,0,1,False,「早餐我通常會準備一道陛下從他家鄉帶來的美食。在這裡我們稱之為『不列顛蛋 (Eggs British)』。當然，它會搭配什錦水果和茶。這是國王的最愛。」
0x0443,Boots,Boots,,0x298,0,1,False,「這頓飯通常是不列顛王要求的任何肉類、野味或魚，並伴隨幾道配菜和一份精美的甜點。」
0x0443,Boots,Boots,,0x314,0,1,False,「他是個親愛的，但他晚年變得有點健忘。他總是不記得從 Paws 的屠宰場帶足夠的肉回來。事實上，我們這週缺貨了！」
0x0443,Boots,Boots,,0x3c2,0,1,False,「上週我叫他在湯裡放一點大蒜。他放了大蒜，然後就忘了這回事。所以他又去放了一些。然後他又忘了自己放過。所以他又放了更多。嗯，你可以想像不列顛王最後嚐到那碗湯時臉上的表情！幸好我們是在如此公正的統治者的城堡裡生活和工作。」
0x0443,Boots,Boots,,0x50d,0,1,False,「沒錯，我們的肉不夠。如果你能從屠宰場帶羊肉給我，你每帶一份我就付你 5 枚金幣。好嗎？」
0x0443,Boots,Boots,,0x58f,0,1,False,「太好了，我會等著你回來！」
0x0443,Boots,Boots,,0x5ba,0,1,False,「喔，親愛的。嗯，我知道你很忙。那就下次吧。」
0x0443,Boots,Boots,,0x600,0,1,False,「太棒了！讓我想想，如果我沒記錯的話，我們說好每份 5 枚金幣。」
0x0443,Boots,Boots,,0x65e,0,1,False,「再見囉！」
0x0444,Bennie,Bennie,,0x1c,0,1,False,你看見一位充滿幽默感，帶著溫暖笑容的老先生。
0x0444,Bennie,Bennie,,0x5f,0,1,False,「什麼事，聖者？」 Bennie 帶著權威的口吻問道。
0x0444,Bennie,Bennie,,0xa1,0,1,False,「我所有的朋友都叫我 Bennie 。」
0x0444,Bennie,Bennie,,0xce,0,1,False,「我是城堡的僕人總管。我的工作包括管理其他僕人，以及上菜。」
0x0444,Bennie,Bennie,,0x13d,0,1,False,「是的，我擔任僕人總管已經很多年了。我整個家族都在為不列顛王工作。我的兒子是國王的貼身男僕。我的女兒是皇家女僕。我的妻子是主廚。我們很榮幸能為不列顛王工作。」
0x0444,Bennie,Bennie,,0x22b,0,1,False,「我的妻子，Boots ，是主廚。她的拿手菜是烤牛肉。她也做非常棒的糕點。吃夠多這些東西，就會讓你擁有一個非常不『聖者』的身材！
0x0444,Bennie,Bennie,,0x2e0,0,1,False,「你想點餐嗎？」
0x0444,Bennie,Bennie,,0x2f9,0,2,False,「對你來說，這是免費的！」
0x0444,Bennie,Bennie,,0x2f9,1,2,False,Bennie 為你和你的隊伍端上美味的牛肉和糕點。
0x0444,Bennie,Bennie,,0x360,0,1,False,「明天再來，你就可以享用另一頓免費餐點。」
0x0444,Bennie,Bennie,,0x3a0,0,1,False,「你身上的東西太多，拿不下牛肉和糕點了！」
0x0444,Bennie,Bennie,,0x3e0_0x3f3,0,1,True,「我很抱歉，<PLAYER_NAME>，但我一天只能為你服務一次。明天再來用餐吧。」
0x0444,Bennie,Bennie,,0x439,0,1,False,「喔。嗯，當你餓的時候一定要回來。」
0x0444,Bennie,Bennie,,0x470,0,1,False,「在早餐或晚餐時間來到餐廳，我將非常榮幸為你服務！」
0x0444,Bennie,Bennie,,0x4bf,0,1,False,「是的，我想我是。我的聽力也變差了一點。當你活到我這個歲數，人的感官能力就不再完美了。」
0x0444,Bennie,Bennie,,0x544_0x557,0,1,True,「旅途平安，<PLAYER_NAME>。」
0x0445,Weston,Weston,,0x15,0,1,False,你看見一個徹底灰心喪志的年輕人，正在鐵窗後痛苦地憔悴著。
0x0445,Weston,Weston,,0x6a_0x7d,0,1,True,「又見面了，<HONORIFIC>，」 Weston 說。
0x0445,Weston,Weston,,0x92,0,1,False,「我是 Weston 。」
0x0445,Weston,Weston,,0xaa,0,1,False,「只要我還被留在這座監獄裡等死，我就沒有工作。」
0x0445,Weston,Palace Guard,,0xf3,0,1,False,「你的工作就是為你犯下的罪行付出代價。」
0x0445,Weston,Weston,,0x138,0,1,False,「我的罪行是從皇家果園偷蘋果。這是我做的，我也坦白承認。如果在同樣的情況下，我還會再做一次。」
0x0445,Weston,Palace Guard,,0x1c6,0,1,False,「啊哈！不僅是個不知悔改的罪犯，還是個潛在的職業小偷！看來這傢伙來對了地方，而且正是時候。」
0x0445,Weston,Weston,,0x263,0,1,False,「我一開始有提議要買，但是果園管理員 Figg 開出了一個天價，我敢肯定他會把那筆錢中飽私囊。所以，是的，我承認我偷了它們。」
0x0445,Weston,Palace Guard,,0x315,0,1,False,「看看這種普通罪犯如何將自己不道德的行為怪罪到別人身上，同時還不承認自己的錯！這傢伙已經無可救藥了。」
0x0445,Weston,Weston,,0x3bc,0,1,False,「我相當肯定，他未經不列顛王的同意，就免費把一籃籃的水果送給友誼會。」
0x0445,Weston,Palace Guard,,0x426_0x454,0,1,True,「你不應該聽信這種明顯的誹謗，<HONORIFIC>！這全是道聽途說！」
0x0445,Weston,Weston,,0x474,0,1,False,「我唯一的遺憾是沒有試著偷更大點的東西，而且我沒有成功逃脫。」
0x0445,Weston,Weston,,0x4d2_0x4f1,0,1,True,「我不是不列顛城人，<HONORIFIC>。我來自 Paws ，這也是他們認為我可以被隨便對待的另一個原因。」
0x0445,Weston,Palace Guard,,0x54c,0,1,False,「這個囚犯來自 Paws ！我他媽的早就知道了！值得讚賞的是，他在鎮上待了將近一整天才偷東西。對一個 Paws 的公民來說，這已經是盡可能地誠實了！」
0x0445,Weston,Weston,,0x61c,0,1,False,「Paws 是一個會讓你感到貧窮如冰冷之手般緊緊揪住你心臟的小鎮。」
0x0445,Weston,Palace Guard,,0x687,0,1,False,「喔該死！現在我猜他又要開始告訴我們他那可悲的一生了！你能不能等我拿出我的手帕，免得我嚎啕大哭打斷了你啊！」
0x0445,Weston,Weston,,0x72b,0,1,False,「不久前， Paws 還是一個繁榮的鄉村沿海村莊。但隨著不列顛城的擴張，我們大部分的當地企業都搬到了那裡。我們變成了一個農業小鎮，而那場七年的乾旱給了我們沉重的打擊，我們至今仍未恢復過來。」
0x0445,Weston,Weston,,0x83d,0,1,False,「我並不想哀嘆我的命運，但我的家人住在 Paws ——我的妻子 Alina 和我的孩子 Cassie 。他們快餓死了，我來不列顛城是為了給他們找食物。」
0x0445,Weston,Palace Guard,,0x8f8,0,1,False,「喔，得了吧！別把貧窮當作你犯罪的藉口！我父親窮到他和他的家人必須吃土。但他還是把我教得好好的。我告訴你，如果他覺得我做錯了什麼事，他絕對會把我揍得屁滾尿流！」
0x0445,Weston,Weston,,0x9f8,0,1,False,「我不求對我自己的任何憐憫。我已經認罪了。但我的生命不只屬於我自己。它也屬於我的妻子和家人。沒有我，他們將遭受難以忍受的苦難，他們可能無法活下去。」
0x0445,Weston,Weston,,0xad7,0,1,False,「儘管有些愚人會說出相反的話，但不列顛尼亞的人民正被階級制度的惡毒暴政所壓榨。當少數人擁有比他們能享受的還多更多的東西時，有許多人每晚卻只能餓著肚子入睡。我的妻子和女兒就是其中兩個。」
0x0445,Weston,Palace Guard,,0xbec,0,1,False,「喔，這提醒我快到我的用餐時間了！聽說今天農夫市集的鱒魚很美味。」
0x0445,Weston,Weston,,0xc64,0,1,False,「像我們這位好朋友守衛這樣的愚人，會想讓我們相信不列顛尼亞在兩百多年來什麼都沒變。我們可以裝作所有的問題都不存在一樣地過日子。我告訴你，一開始就是像那樣的人製造了我們的問題。」
0x0445,Weston,Weston,,0xd6d,0,1,False,「雖然我肯定不列顛王是一位公正公平的統治者，但他必定對他的王國裡發生的一切相當不知情。他絕對不會容忍這種不平等的。」
0x0445,Weston,Palace Guard,,0xe1c,0,1,False,「好了！你的廢話夠多了！整天唧唧歪歪地抱怨那可怕糟糕的階級制度！怎麼，接下來你是不是要說社會該為你的罪行負責？沒有任何人對維持法律和秩序表達任何感謝。沒錯，當然沒有！反而全世界的憐憫都給了那些對社會造成真正威脅的危險違法者！」
0x0445,Weston,Weston,,0xf71,0,1,False,「你願意跟不列顛王談談我的事嗎？我敢打賭他對我的案子完全不知情！拜託！你願意跟他談談嗎？」
0x0445,Weston,Weston,,0xff9,0,1,False,「喔，感謝你，聖者！我的命運，以及我妻子和女兒的命運都掌握在你手中了！」
0x0445,Weston,Weston,,0x1066,0,1,False,Weston 低下頭。「那你為什麼要跟我說話？走開，讓我一個人痛苦吧。」
0x0445,Weston,Weston,,0x10c6,0,1,False,「感謝你來看我。」
0x0446,Miranda,Miranda,,0x1c,0,1,False,這是一位可愛、樸實，帶著溫暖笑容的女性。
0x0446,Miranda,Miranda,,0x59,0,1,False,「你抵達的消息傳得真快，聖者！歡迎！」
0x0446,Miranda,Miranda,,0x93_0xa0,0,1,True,「你好，<PLAYER_NAME>，」 Miranda 說。「很高興再次見到你。」
0x0446,Miranda,Miranda,,0xd7,0,1,False,「我是 Miranda 。」
0x0446,Miranda,Miranda,,0xf0,0,1,False,「我在大議會服務。今天我們正在處理一項法案。當我不在城堡裡時，我都在忙著照顧一個小孩。」
0x0446,Miranda,Miranda,,0x18d,0,1,False,「大議會協助不列顛王制訂不列顛尼亞的法律。我很榮幸能成為在議會服務的三名女性之一。」
0x0446,Miranda,Miranda,,0x213,0,1,False,「我特別關注女性的義務和特權，以及她們在這片土地上可獲得的機會。總體而言，我們的歷史對女性很寬容，但仍有改進的空間。」
0x0446,Miranda,Miranda,,0x2cc,0,1,False,「首先，應該要有更多女性能擔任公職。而且我個人希望能擺脫那些英雄奇幻畫作中衣著暴露的女性。」
0x0446,Miranda,Miranda,,0x357,0,1,False,Miranda 微笑著。「是的，我兒子的名字是 Max 。
0x0446,Miranda,Miranda,,0x395,0,1,False,「他可能在皇家育嬰室。
0x0446,Miranda,Miranda,,0x3b7,0,1,False,「他就在這裡！Max ，跟聖者打聲招呼。」
0x0446,Miranda,Max,,0x3f0,0,1,False,「嗨。我是個有趣的男孩！」
0x0446,Miranda,Miranda,,0x419,0,1,False,「他相當早熟。
0x0446,Miranda,Miranda,,0x42f,0,1,False,「我不知道他可能在哪裡……
0x0446,Miranda,Miranda,,0x457,0,1,False,「他顯然遺傳了他父親。也許你見過他？ Raymundo ——皇家劇院的導演。我們相信 Max 長大後會成為一名相當出色的表演者。」
0x0446,Miranda,Miranda,,0x4fd,0,1,False,「 Inwisloklem 和我正在起草一項法案，將在 Cove 附近的 Lock Lake 排放任何廢棄物視為非法。那座湖已經被嚴重污染了。」
0x0446,Miranda,Miranda,,0x59f,0,1,False,「我想跟你談談我們正在起草的新法案。請在正常工作時間來議會廳，我們再談。」
0x0446,Miranda,Miranda,,0x60f,0,1,False,「你要前往 Cove 嗎？」
0x0446,Miranda,Miranda,,0x62e,0,1,False,「那真是個好消息！也許你可以幫我們一個大忙。我們需要將這項法案送到 Cove 的 Lord Heather 那裡。他必須閱讀它並簽署以表示他的批准。我知道你有遠比跑腿更重要的事情要做，但如果你能幫忙，我們將不勝感激。你願意做嗎？」
0x0446,Miranda,Miranda,,0x760,0,1,False,「太棒了！這是法案。請在簽署後把它帶回來給我。我們感謝你。」
0x0446,Miranda,Miranda,,0x7bb,0,1,False,「你的雙手太滿了，拿不下法案！」
0x0446,Miranda,Miranda,,0x7ec,0,1,False,「喔。好吧。我們知道你很忙。我們會找其他方法來遞送法案。無論如何還是謝謝你。」
0x0446,Miranda,Miranda,,0x862,0,1,False,「你不打算去 Cove 嗎？嗯，好吧。別在意。」
0x0446,Miranda,Miranda,,0x89f,0,1,False,「你有讓 Lord Heather 簽署這份法案嗎？」
0x0446,Miranda,Miranda,,0x8d5,0,1,False,「太棒了！讓我看看。」
0x0446,Miranda,Miranda,,0x8f7,0,1,False,「看起來沒問題！我們感謝你，聖者！」
0x0446,Miranda,Miranda,,0x92e,0,1,False,「等等，它在哪裡？你沒有帶在身上。希望你沒有把它弄丟了。你應該去找找看。這是一份重要的文件！」
0x0446,Miranda,Miranda,,0x9bc,0,1,False,「等等！它在哪裡？你沒有帶在身上。希望你沒有把它弄丟了。你應該去找找看。這是一份重要的文件！」
0x0446,Miranda,Miranda,,0xa4a,0,1,False,「但你還沒讓這份法案被簽署！如果可以的話，請盡快這麼做。」
0x0446,Miranda,Miranda,,0xaa2,0,1,False,「喔。嗯，下次你去 Cove 的時候，也許你可以找時間去見他。」
0x0446,Miranda,Miranda,,0xaf7,0,1,False,「希望我們很快能再見面，聖者。」
0x0447,Inwisloklem,Inwisloklem,,0x15,0,1,False,一隻有翼石像鬼帶著興趣和明顯的智慧看著你。
0x0447,Inwisloklem,Inwisloklem,,0x55,0,1,False,「歡迎你來到不列顛城，聖者！」
0x0447,Inwisloklem,Inwisloklem,,0x83,0,1,False,「再次向你問好，聖者！」 Inwisloklem 微笑著。
0x0447,Inwisloklem,Inwisloklem,,0xc1,0,1,False,「我是 Inwisloklem 。」
0x0447,Inwisloklem,Inwisloklem,,0xea,0,1,False,「在你們的語言中是『翻譯官』的意思。」
0x0447,Inwisloklem,Inwisloklem,,0x124,0,1,False,「確實在我的家鄉是名翻譯官。現在在大議會服侍我們最尊貴的統治者不列顛王。很榮幸能成為議會中的兩名石像鬼之一。」
0x0447,Inwisloklem,Inwisloklem,,0x1de,0,1,False,「作為倖存的石像鬼之一，保存我們的遺產是我一生的工作。告訴你，我們的種族在很多很多年前移民到了不列顛尼亞。並定居在被稱為 Terfin 的島嶼上。」
0x0447,Inwisloklem,Inwisloklem,,0x2bb,0,1,False,「兩百年前，我的許多同胞在『假先知之戰』中被殺害。是你為我們兩個種族帶來了和平，結束了那場戰爭。」
0x0447,Inwisloklem,Inwisloklem,,0x34f,0,1,False,「是個孤寂的地方。很荒涼。不是人類所謂的『舒適家園』。渴望在不列顛尼亞為石像鬼建立一種新的生活方式，並消除人類對我們種族的仇恨和誤解。知道無知會滋生偏見。而我是正在糾正這點的其中一人。」
0x0447,Inwisloklem,Inwisloklem,,0x481,0,1,False,「渴望一個人類和石像鬼能在不列顛尼亞社會中作為平等個體和平共處的世界。」
0x0447,Inwisloklem,Inwisloklem,,0x4ee,0,1,False,「那被稱為友誼會。」
0x0447,Inwisloklem,Inwisloklem,,0x517,0,1,False,「致力於在這片土地上促進善意與信任。正考慮盡快加入這個團體！」
0x0447,Inwisloklem,Inwisloklem,,0x575,0,1,False,「為了制定這片土地的法律。告訴你，我的同事 Miranda 可以告訴你更多關於我們現在在做的事。不幸的是，目前大多數議會成員都不在。」
0x0447,Inwisloklem,Inwisloklem,,0x63c,0,1,False,「告訴你， Miranda 是一位聰明的女性，她非常關心所有不列顛尼亞公民的福祉。她是不列顛王最信任的顧問之一。」
0x0447,Inwisloklem,Inwisloklem,,0x6d6,0,1,False,「目前在休假中。現在只有 Miranda 和我在場頒布這項新法律。」
0x0447,Inwisloklem,Inwisloklem,,0x732,0,1,False,「告訴你去問 Miranda ，因為她知道得比我多。」
0x0447,Inwisloklem,Inwisloklem,,0x772,0,1,False,「告辭了。」
0x0448,Nell,Nell,,0x7,0,1,False,Nell 不想和你說話。
0x0448,Nell,Nell,,0x23,0,1,False,你看見一個驚奇地看著你的女僕。「你看起來很面熟。你是誰？」
0x0448,Nell,Nell,,0x7b,0,1,False,「喔。你好。我是 Nell 。」
0x0448,Nell,Nell,,0xa0,0,1,False,「我就知道！我以前看過你的畫像。而且我聽說你會來拜訪！我是 Nell 。」
0x0448,Nell,Nell,,0x104_0x111,0,1,True,「你好，<PLAYER_NAME>。」
0x0448,Nell,Nell,,0x12d,0,1,False,「我告訴過你我的名字是 Nell 了。」
0x0448,Nell,Nell,,0x15e,0,1,False,「我是個女僕。我負責保持城堡的整潔。說真的，就只個女僕罷了。」
0x0448,Nell,Nell,,0x1ca,0,1,False,「它非常大。讓我非常忙碌。你不會相信它有多容易積灰塵。」
0x0448,Nell,Nell,,0x21f,0,1,False,「我想我這輩子都會是個僕人了。我的父母是僕人。我的哥哥是僕人。我的未婚夫是僕人。我的孩子可能也會是僕人。」
0x0448,Nell,Nell,,0x2de,0,1,False,「他們也在城堡裡工作。 Boots 是我母親。 Bennie 是我父親。他們在這裡已經很多年了。我在這座城堡出生，並在育嬰室裡玩耍長大。」
0x0448,Nell,Nell,,0x390,0,1,False,「你可能會碰到他。他也是城堡裡的僕人。 Charles 。除了沒有我聰明之外，他還算不錯。就一個笨蛋而言，已經算不錯了！」她笑了。
0x0448,Nell,Nell,,0x442,0,1,False,「那會是 Carrocio ，那個經營潘趣與茱蒂秀（Punch and Judy Show）的親愛男人。他寫了最可愛的情詩。只要 Carrocio 買得起婚戒，我們就會結婚。」
0x0448,Nell,Nell,,0x4fd,0,1,False,Nell 看起來很擔心。「噓！我不想讓任何人知道。現在還看不出來，對吧？ Carrocio 和我會盡快結婚。他『是』孩子的父親。我想。不過，也可能是……不，應該不是他。還是說可能是……？嗯。那就有趣了！等等！我在說什麼？父親絕對是 Carrocio ！請不要告訴任何人。那會很尷尬。好嗎？」
0x0448,Nell,Nell,,0x67f_0x111,0,1,True,「我知道我可以信任你，<PLAYER_NAME>。」
0x0448,Nell,Nell,,0x6a1,0,1,False,「但你會毀了我的名聲！拜託——一個女僕需要她所能得到的所有自尊，而不需要那種負擔！」 Nell 轉身背對你。
0x0448,Nell,Nell,,0x739_0x746,0,1,True,「再見，<PLAYER_NAME>。」
0x0449,Charles,Charles,,0x33,0,1,False,你看見一個端著酒杯托盤的年輕農民。
0x0449,Charles,Charles,,0x67,0,1,False,「你好，聖者。」
0x0449,Charles,Charles,,0x80,0,1,False,「我是 Charles 。」
0x0449,Charles,Charles,,0x99,0,1,False,「我是不列顛王城堡裡的僕人。我是貼身男僕，當然還有做其他事。現在我正在端酒。」
0x0449,Charles,Charles,,0x11a,0,1,False,「我的家族已經被不列顛王僱用很多年了。我的父親 Bennie 曾經擔任我現在的職位。他是僕人總管。我想，總有一天我也會成為僕人總管。到那時，也許我的心上人就會愛我了。」
0x0449,Charles,Charles,,0x218,0,1,False,「你會遇到他們的。我母親在廚房做飯。我那古板的妹妹是女僕。」
0x0449,Charles,Charles,,0x273,0,1,False,Charles 嘆了口氣。他顯然是被迷住了。「她是 Jeanette 。她在藍野豬酒館工作。但我恐怕『達不到她的標準』。我相信她看上別人了。我不知道該怎麼辦。」
0x0449,Charles,Charles,,0x340,0,1,False,「她不愛我，我知道。她寧願嫁個有錢人。我沒有機會。」
0x0449,Charles,Charles,,0x38f,0,1,False,你告訴 Charles Jeanette 說了什麼。
0x0449,Charles,Charles,,0x3ba,0,1,False,「真的嗎？你是說我有機會了？」 Charles 興奮得差點把托盤弄掉。「喔，感謝你，聖者，給了我這個充滿希望的消息！我得趕快去送她花或什麼禮物！我必須表達我的愛！」他轉身背對著你，顯然已經樂得飄飄然了。
0x0449,Charles,Charles,,0x4d9,0,1,False,「她和旋轉木馬經理訂婚了。這很難讓人習慣。我一直對我的小妹過度保護。我敢打賭她甚至從來沒有被親吻過！即使是 Carrocio 也沒有！這主要是因為我一直照顧著她。要是誰敢碰她一下，我絕對會痛扁他！再說， Nell 一直都很貞潔古板。她絕不會允許男人親她的。」
0x0449,Charles,Charles,,0x644,0,1,False,你回想起 Nell 告訴你關於她的『狀況』。你要跟 Charles 提這件事嗎？
0x0449,Charles,Charles,,0x69f,0,1,False,你將 Nell 私下透露的事告訴了 Charles 。
0x0449,Charles,Charles,,0x6d3,0,1,False,Charles 瞪大了眼睛，感到震驚。「什麼，那個蕩婦！我的妹妹！她根本就是個水性楊花的女人！等我抓到 Carrocio 就知道了！」
0x0449,Charles,Charles,,0x779,0,1,False,Charles 轉過身去。他的眼中充滿了殺氣。
0x0449,Charles,Charles,,0x7b0,0,1,False,你的良心感到安寧，因為你知道你抵擋住了搬弄是非的誘惑。
0x0449,Charles,Charles,,0x802,0,1,False,「你想來點酒嗎？」
0x0449,Charles,Charles,,0x81e,0,1,False,「算我請客。」 Charles 遞給你和你的朋友們幾杯酒。
0x0449,Charles,Charles,,0x864,0,1,False,「哎呀。你身上拿太多東西了。等你雙手空出來再來跟我要吧！」
0x0449,Charles,Charles,,0x8bc,0,1,False,「那麼下次吧。」
0x0449,Charles,Charles,,0x8d5,0,1,False,Charles 向你點點頭，然後繼續忙他的事。
0x044A,Rudyom,Rudyom,,0x26,0,1,False,這位年邁的法師看起來比你上次見到他時還要衰老且更加健忘。
0x044A,Rudyom,Rudyom,,0x7b,0,1,False,「你是誰？」 Rudyom 問道。「喔——我想起來了。」
0x044A,Rudyom,Rudyom,,0xc0,0,1,False,「又見面了，聖者！」 Rudyom 喜笑顏開地說。
0x044A,Rudyom,Rudyom,,0xfc,0,1,False,「這我知道。我的名字叫 Rudyom。」
0x044A,Rudyom,Rudyom,,0x12b,0,1,False,「我也不確定了。我曾經是個強大的法師！現在什麼都不管用了。魔法出錯了！如果你需要的話，我想我可以賣你一些藥材和法術。還有，注意那張地毯——它壞掉了！」
0x044A,Rudyom,Rudyom,,0x214,0,1,False,「我是一位強大的法師！魔法是我的專長！我可以賣你法術或藥材。」
0x044A,Rudyom,Rudyom,,0x287,0,1,False,「我不明白哪裡出了問題。我的魔法不再那麼靈光了。」
0x044A,Rudyom,Rudyom,,0x2d3,0,1,False,「以太正自由地流動！魔法再次與我們同在了！」
0x044A,Rudyom,Rudyom,,0x316,0,1,False,「那張藍色大地毯。那是一張飛行魔毯。它沒有發揮應有的功用。」
0x044A,Rudyom,Rudyom,,0x371,0,1,False,Rudyom 四處張望並抓了抓頭。
0x044A,Rudyom,Rudyom,,0x397,0,1,False,「真好笑。它剛剛還在這裡的。喔！我想起來了。幾週前一些冒險者借走了我的飛行魔毯。當他們回來時，他們說把地毯遺失在巨蛇脊背山脈附近。在失落之河周圍的某個地方。我想如果你想去找它，你可以留著。反正它運作得不是很好。也許你能讓它動起來。不管怎樣，我本來就不喜歡那個顏色！」
0x044A,Rudyom,Rudyom,,0x527,0,1,False,「你想買些法術嗎？」
0x044A,Rudyom,Rudyom,,0x546,0,1,False,「喔。那就算了。」
0x044A,Rudyom,Rudyom,,0x562,0,1,False,「你想買些藥材嗎？」
0x044A,Rudyom,Rudyom,,0x546,0,1,False,「喔。那就算了。」
0x044A,Rudyom,Rudyom,,0x581,0,1,False,「別跟我提那個骯髒礦物的名字！它讓我感到非常挫折！在我喪失記憶之前，我正用那種地獄般的材料進行實驗。但現在我怎麼也想不起我當時想做什麼了。」
0x044A,Rudyom,Rudyom,,0x65b,0,1,False,「它們很煩人，不是嗎？我確實相信黑石是解決問題的方法。我希望我沒有失憶，這樣我就可以繼續我的工作了……」
0x044A,Rudyom,Rudyom,,0x6f8,0,1,False,「我明白它們永遠消失了。別怪你自己，聖者。這場災難只會為實驗與發現的新時代鋪平道路。我希望如此。」
0x044A,Rudyom,Rudyom,,0x78c,0,1,False,「我都把它們寫在我的筆記本裡了，就在這附近的某處。歡迎你隨便看。但遠離那個該死的轉換器——那很危險！」
0x044A,Rudyom,Rudyom,,0x83a,0,1,False,「我用它來記錄我對黑石和黑石轉換器的實驗。」
0x044A,Rudyom,Rudyom,,0x87d,0,1,False,「就是那個像法杖的東西。它本應該能磁化並神奇地轉換黑石，但它無法正常運作。試著把它指向一塊黑石，你就會明白我的意思。但別站得太近！如果你想要一件垃圾，歡迎你拿走！」
0x044A,Rudyom,Rudyom,,0x974,0,1,False,「這麼快就走？哎呀。希望你回來時我還能認得你。」
0x044A,Rudyom,Rudyom,,0x9be,0,1,False,「再見，聖者。」
0x044B,Nastassia,Nastassia,,0x47,0,1,False,這是一位年輕迷人的女性，但神情似乎有些哀傷。
0x044B,Nastassia,Nastassia,,0x8a,0,1,False,看到如此美麗的年輕女子顯得如此悲傷，你的心立刻揪了一下。
0x044B,Nastassia,Nastassia,,0xdf,0,1,False,當你介紹自己時，她抬起了頭。
0x044B,Nastassia,Nastassia,,0x10a_0x11d,0,1,True,「再次問候，<PLAYER_NAME>！」Nastassia 說。
0x044B,Nastassia,Nastassia,,0x134,0,1,False,「我是 Nastassia。」
0x044B,Nastassia,Nastassia,,0x14e,0,1,False,她想了一會兒。「我想我的工作是保持慈悲神殿的整潔，雖然這不是個正式的職位。」
0x044B,Nastassia,Nastassia,,0x1c8,0,1,False,「慈悲神殿和不列顛尼亞的所有神殿一樣，已經存在好幾代了。我的高祖母 Ariana 在遺囑中要求她的家族世世代代照料這座神殿。」
0x044B,Nastassia,Nastassia,,0x28a,0,1,False,「許多神殿已經荒廢，或者被雜草淹沒到幾乎消失的地步。這很可悲。」
0x044B,Nastassia,Nastassia,,0x2eb,0,1,False,「恐怕你會發現其他神殿的狀況很糟。我把這座保持得……很好。我這麼做不僅是為了延續我高祖母的傳統，還有……其他原因。」
0x044B,Nastassia,Nastassia,,0x3a8,0,1,False,「有些人可能會覺得一個年輕人如此堅持舊習很奇怪。但這給了我極大的安慰。這讓我覺得在這個世界上有我所歸屬的東西。」
0x044B,Nastassia,Nastassia,,0x451,0,1,False,「我……我寧願不說。請別問。」
0x044B,Nastassia,Nastassia,,0x47f,0,1,False,「你知道原因的。」
0x044B,Nastassia,Nastassia,,0x4a3_0x4ef,0,2,True,「是的，她是我的高祖母。我聽說她曾見過聖者，而且」<VAR>對她的一生產生了深遠的影響。
0x044B,Nastassia,Nastassia,,0x4a3_0x4ef,1,2,True,「說來奇怪，但你長得很像我看過的聖者畫像。」
0x044B,Nastassia,Nastassia,,0x56b,0,1,False,「你知道我父親？我想鎮民們又在談論了。我希望我認識他。我內心深處渴望得到他的消息。任何消息都好。」
0x044B,Nastassia,Nastassia,,0x5ff,0,1,False,「我母親。她死得很慘，而且是死在自己手裡。這才是我向這座神殿致敬的真正原因。我希望有一天能讓她安息。」
0x044B,Nastassia,Nastassia,,0x699,0,1,False,「我父親死在那裡的巨大森林裡。被野獸或什麼東西殺死了。你也許要去 Yew 嗎？」
0x044B,Nastassia,Nastassia,,0x708_0x712,0,1,True,"「喔，<PLAYER_NAME>, 我真的希望你能試著找出關於我父親的事。他是怎麼死的？發生了什麼事？拜託！你願意尋找真相並回來告訴我嗎？」"
0x044B,Nastassia,Nastassia,,0x7b1,0,1,False,「祝福你！我會在這裡等你。」
0x044B,Nastassia,Nastassia,,0x7dc,0,1,False,「我知道我們現在有著強烈的親切感。我們將會像姐妹一樣。」
0x044B,Nastassia,Nastassia,,0x831,0,1,False,出乎意料地，Nastassia 把你的頭拉向她，親吻了你的嘴唇。
0x044B,Nastassia,Nastassia,,0x87e,0,1,False,Nastassia 轉過身去，看起來好像快哭了。「好吧。請讓我一個人靜一靜。」
0x044B,Nastassia,Nastassia,,0x8e1,0,1,False,「不嗎？好吧，如果未來有機會請讓我知道。也許你可以幫我。」
0x044B,Nastassia,Nastassia,,0x939,0,1,False,你親吻了 Nastassia，她發出了輕聲呻吟。
0x044B,Nastassia,Nastassia,,0x96e,0,1,False,你們衝進彼此的懷抱，雙唇交會。你都忘了她的雙唇貼著你的感覺有多好。
0x044B,Nastassia,Nastassia,,0x9d2,0,4,False,你再次親吻 Nastassia 迷人的嘴唇。她回應了。
0x044B,Nastassia,Nastassia,,0x9d2,1,4,False,「沒有男人能做得像你這麼好。」
0x044B,Nastassia,Nastassia,,0x9d2,2,4,False,她睜大眼睛看著你。
0x044B,Nastassia,Nastassia,,0x9d2,3,4,False,「再來一次，大人。」
0x044B,Nastassia,Nastassia,,0xa87,0,1,False,你再次親吻了 Nastassia。這次你們的身體緊緊貼在一起，你知道這絕不是與某個酒館女孩短暫的逢場作戲。
0x044B,Nastassia,Nastassia,,0x939,0,1,False,你親吻了 Nastassia，她發出了輕聲呻吟。
0x044B,Nastassia,Nastassia,,0xb13,0,2,False,Nastassia 仔細端詳你的五官。
0x044B,Nastassia,Nastassia,,0xb13,1,2,False,「不知怎麼地，我就知道。傳說你會回來的。」
0x044B,Nastassia,Nastassia,,0xb7a,0,3,False,你把從 Trellek 那裡得知的消息告訴 Nastassia。她閉上雙眼，似乎卸下了肩上的重擔。
0x044B,Nastassia,Nastassia,,0xb7a,1,3,False,這名女子向天空舉起雙臂，大喊道：「妳聽到了嗎，母親？妳的丈夫只是想養活他的家人！而他死得……像個英雄！他不是流浪漢！妳聽到了嗎？妳受盡折磨的靈魂現在可以安息了。拜託，母親，原諒他。這樣一來，我現在也能原諒妳了。」
0x044B,Nastassia,Nastassia,,0xb7a,2,3,False,她擦去臉上的淚水，看著你。
0x044B,Nastassia,Nastassia,,0xd51_0xd64,0,1,True,「我感謝你，<PLAYER_NAME>。你讓我非常快樂。我會永遠記住你。」
0x044B,Nastassia,Nastassia,,0xd9b_0xdc6,0,1,True,她輕輕吻了你一下。「謝謝你，<PLAYER_NAME>。你讓我非常快樂。如果你厭倦了冒險，我會在這裡等你。歡迎你來和我一起生活，分享你的人生。現在去吧。完成你必須完成的工作。但請把我留在你的心中。」
0x044B,Nastassia,Nastassia,,0xe9f,0,1,False,「再見。」她再次吻了你，然後轉過身去，以免看到你離開。
0x044B,Nastassia,Nastassia,,0xef2_0xeff,0,1,True,「再見，<PLAYER_NAME>。」
0x044B,Nastassia,Nastassia,,0xef2_0xeff,0,1,True,「再見，<PLAYER_NAME>。」
0x044C,Rayburt,Rayburt,,0x1c,0,1,False,你驚動了一位似乎正陷入沉思的戰士。
0x044C,Rayburt,Rayburt,,0x50,0,1,False,他的狗似乎也在冥想。
0x044C,Rayburt,Rayburt,,0x6f,0,1,False,「再次問候，」Rayburt 說。
0x044C,Rayburt,Rayburt,,0x93,0,1,False,「我是 Rayburt。」
0x044C,Rayburt,Rayburt,,0xab,0,1,False,他轉向那隻狗。「這是 Regal。」
0x044C,Rayburt,Rayburt,,0xdc,0,1,False,「我是一名訓練師。我專精於一種依賴專注和冥想的戰鬥風格。它能提升你的敏捷和智力，以及你的戰鬥技巧。」
0x044C,Rayburt,Rayburt,,0x181,0,2,False,「牠是非常聰明的動物。牠了解冥想的生活方式。」
0x044C,Rayburt,Rayburt,,0x181,1,2,False,Rayburt 丟給狗一塊餅乾，狗眨眼間就把它吞了。「牠也很可愛，」Rayburt 一臉嚴肅地說。
0x044C,Rayburt,Rayburt,,0x23c,0,1,False,你看到 Rayburt 臉上閃過一絲微笑。「她和我是一體的。」
0x044C,Rayburt,Rayburt,,0x288,0,1,False,「在揮出第一擊之前，大部分的戰鬥都發生在心智中。勝利的關鍵是首先在心中贏得內在的戰鬥。贏得那場內在的戰鬥就是我幫助學生學習的。」
0x044C,Rayburt,Rayburt,,0x349,0,1,False,「我每堂課收費 60 枚金幣，但你會獲益良多。你能接受嗎？」
0x044C,Rayburt,Rayburt,,0x39c,0,1,False,「這不是我第一次被指控收費太貴了。」
0x044C,Rayburt,Rayburt,,0x3d3,0,1,False,「如果你想訓練，請在營業時間來我的工作室。」
0x044C,Rayburt,Rayburt,,0x416,0,1,False,Rayburt 鞠了個躬。
0x044D,Lord Heather,Lord Heather,,0x30,0,1,False,這位充滿王者風範的紳士完美詮釋了一位受歡迎的政治家。
0x044D,Lord Heather,Lord Heather,,0x7f,0,1,False,「你好！不列顛王傳話說你也許會來拜訪我們。歡迎來到 Cove，聖者！」
0x044D,Lord Heather,Lord Heather,,0xdf,0,1,False,「再次問候，聖者！」Lord Heather 宣告著。
0x044D,Lord Heather,Lord Heather,,0x117,0,1,False,「我是 Lord Heather。我認得你，聖者！」
0x044D,Lord Heather,Lord Heather,,0x14c,0,1,False,「我是 Cove 的鎮長，慈悲神殿的所在地。」
0x044D,Lord Heather,Lord Heather,,0x192,0,1,False,「我知道這是個小地方。我們許多居民都搬到較大的城鎮去了，尤其是不列顛城。但我們保留了一小群忠誠的 Cove 鎮民。」
0x044D,Lord Heather,Lord Heather,,0x235,0,1,False,「我們為我們的神殿感到驕傲。我們的一位居民把它照顧得很好。如果你還沒去過，一定要去看看神殿。它是鎮上所有戀人的紀念碑。」
0x044D,Lord Heather,Lord Heather,,0x2f4,0,1,False,「不列顛城也許是慈悲之城，但 Cove 已經成為熱情之城。這裡的每個人似乎都很容易墜入愛河。你會發現每個人都愛著某個人。幾乎每個人都是如此。」
0x044D,Lord Heather,Lord Heather,,0x3d8,0,1,False,「嗯，讓我想想……我愛上了我們的治療師 Jaana。當然，她也愛我。然後是經營翡翠酒館的 Zinaida。她對我們當地的吟遊詩人 De Maria 有好感。反之亦然。我們的訓練師 Rayburt 正在追求旅店老闆 Pamela。」
0x044D,Lord Heather,Iolo,,0x4e2,0,1,False,「這聽起來就像一齣糟糕的戲劇！」
0x044D,Lord Heather,Spark,,0x513,0,1,False,「這附近有跟我同年紀的女孩嗎？」
0x044D,Lord Heather,Lord Heather,,0x545,0,1,False,「親愛的，我看你要暫時離開 Cove 了？」
0x044D,Lord Heather,Jaana,,0x57d,0,1,False,「是的，大人。但我會回來的。我向你保證。」
0x044D,Lord Heather,Lord Heather,,0x5be,0,1,False,「我會盡量不為你擔心，但這很難。」
0x044D,Lord Heather,Jaana,,0x5f3,0,1,False,「別擔心。我和聖者在一起會很安全的。」
0x044D,Lord Heather,Lord Heather,,0x62e,0,1,False,「我希望如此。」鎮長擁抱了 Jaana。
0x044D,Lord Heather,Lord Heather,,0x660,0,1,False,「除了 Nastassia。」
0x044D,Lord Heather,Lord Heather,,0x67a,0,1,False,「她是一位可愛的年輕女子，但總是憂鬱。De Maria 可以告訴你更多關於她的事。我建議你去翡翠酒館找他。那是一個悲傷但引人入勝的故事。」
0x044D,Lord Heather,Lord Heather,,0x761_0x78c,0,1,True,「我真的希望你能幫她。她需要<VAR>將她從憂鬱中帶出來。」
0x044D,Lord Heather,Lord Heather,,0x7ae,0,1,False,「官府早該對那座湖傳出的惡臭採取行動了！我很樂意簽署你的法案！快把它帶回大議會！」Lord Heather 簽署了法案並交還給你。
0x044D,Lord Heather,Lord Heather,,0x858,0,1,False,「但你沒有法案！」
0x044D,Lord Heather,Lord Heather,,0x874,0,1,False,「我以為我已經簽過那法案了！」
0x044D,Lord Heather,Lord Heather,,0x8a2,0,1,False,「它變得如此腐臭，在炎熱的夏日裡，臭味令人窒息。我相信 Minoc 的不列顛尼亞礦業公司是問題的根源。採礦廢料被倒進了湖裡。你應該慶幸現在快冬天了！」
0x044D,Lord Heather,Lord Heather,,0x976,0,1,False,「歡迎再次來訪，聖者！」
0x044E,Pamela,Pamela,,0x1d,0,1,False,你看到一位年約三十多歲、和藹可親的女性。
0x044E,Pamela,Pamela,,0x5a,0,1,False,「再次問候！」 Pamela 說。
0x044E,Pamela,Pamela,,0x7e,0,1,False,「我是 Pamela！」
0x044E,Pamela,Pamela,,0x95,0,1,False,「我是進進出出客棧的老闆。」
0x044E,Pamela,Pamela,,0xc0,0,1,False,「如果你需要房間，儘管說！」
0x044E,Pamela,Pamela,,0xf2,0,1,False,「如果今晚想讓疲憊的雙腳休息一下，請過來吧！」
0x044E,Pamela,Pamela,,0x14b,0,1,False,「房間相當便宜。每人只需 8 枚金幣。要一間嗎？」
0x044E,Pamela,Pamela,,0x191,0,1,False,「你帶太多東西了，拿不下房間鑰匙！」
0x044E,Pamela,Pamela,,0x1c8,0,1,False,「這是你的房間鑰匙。效期只到你退房為止。」
0x044E,Pamela,Pamela,,0x208,0,1,False,「你沒有足夠的金幣，是嗎？真可惜。」
0x044E,Pamela,Pamela,,0x23f,0,1,False,「那麼，改天吧。」
0x044E,Pamela,Pamela,,0x25b,0,1,False,「嗯……Cove 可是愛與熱情之城，你不知道嗎？你得小心點。如果你在 Cove 待太久，你會愛上某個人的！記住我的話！」
0x044E,Pamela,Pamela,,0x2fa,0,1,False,「喔，他真是個很棒的男人，你不覺得嗎？他既專注又認真。而且也很英俊！喔，還有我也很喜歡 Regal。」
0x044E,Pamela,Pamela,,0x38e,0,1,False,「就狗而言，牠也很英俊！」
0x044E,Pamela,Pamela,,0x3b6,0,1,False,「待會見！」
0x044F,Zinaida,Zinaida,,0x1e,0,1,False,這位年約四十多歲、美麗而質樸的女性給了你一個友善的微笑。
0x044F,Zinaida,Zinaida,,0x73,0,1,False,「你好，」 Zinaida 說。
0x044F,Zinaida,Zinaida,,0x92,0,1,False,「我是 Zinaida，」她屈膝行禮說道。
0x044F,Zinaida,Zinaida,,0xc2,0,1,False,「我是翡翠酒館的老闆兼經理。」
0x044F,Zinaida,Zinaida,,0xf0,0,1,False,「如果需要餐點或飲料，請告訴我。我從未有過不滿意的客人。」
0x044F,Zinaida,Zinaida,,0x15d,0,1,False,「請在酒館營業時過來，我很樂意為你服務！」
0x044F,Zinaida,Zinaida,,0x19d,0,1,False,「翡翠酒館很高興能為你提供不列顛城這一帶最美味的佳餚。你也許會想嚐嚐我們的特餐——銀葉。」
0x044F,Zinaida,Zinaida,,0x22c,0,1,False,她對你眨了眨眼。「有人說它是一種強效的催情劑……不管怎樣，它非常美味。它來自生長在不列顛尼亞某處一種奇特樹木的根部。」
0x044F,Zinaida,Zinaida,,0x2de,0,1,False,「翡翠酒館只提供最好的葡萄酒和麥酒。不過，我不推薦這裡的水。這都拜洛克湖所賜。」
0x044F,Zinaida,Zinaida,,0x361,0,1,False,「他是我生命中的光。再也沒有比他更好的男人了。」她笑得合不攏嘴。
0x044F,Zinaida,Zinaida,,0x3c2,0,1,False,「那股惡臭讓我們的水變得很難喝。那家礦業公司必須停止把他們的污水倒進這個曾經美麗的湖泊裡！」
0x044F,Zinaida,Zinaida,,0x44d,0,1,False,「歡迎下次再來！」
0x0450,De Maria,De Maria,,0x27,0,1,False,這位華麗的吟遊詩人散發著一種歡樂的氣息。
0x0450,De Maria,De Maria,,0x64,0,1,False,「我在許多歌曲中都歌頌過你！而你竟然活生生地出現在這裡！我立刻就認出你了。」男人鞠躬。「歡迎，聖者！」
0x0450,De Maria,De Maria,,0xfe,0,1,False,「再次問候，聖者！」 De Maria 鞠躬。
0x0450,De Maria,De Maria,,0x130,0,1,False,「我是 De Maria，吟遊詩人。」
0x0450,De Maria,De Maria,,0x158,0,1,False,「我編織故事，也高唱歌曲！」
0x0450,De Maria,De Maria,,0x183,0,1,False,「我對 Cove 的鎮民也瞭若指掌。」
0x0450,De Maria,De Maria,,0x1c6,0,1,False,「如果我把這三者結合起來呢？要我唱一首關於 Cove 鎮民故事的歌嗎？」
0x0450,De Maria,De Maria,,0x227,0,1,False,「非常好！」
0x0450,De Maria,De Maria,,0x23a,0,1,False,「這是你的選擇……而且是個錯誤的選擇！」
0x0450,De Maria,De Maria,,0x277,0,1,False,「啊，親愛的 Nastassia。你想聽聽她的故事嗎？」
0x0450,De Maria,De Maria,,0x227,0,1,False,「非常好！」
0x0450,De Maria,De Maria,,0x2b8,0,1,False,「喔。我以為你會好奇。那就算了。」
0x0450,De Maria,De Maria,,0x2ec,0,1,False,「我的愛！我的花朵！我的天使！她提供了我嘗過最甜美的甘露！她是我白晝的光芒！我歌曲的音符！我的肉體……」
0x0450,De Maria,Zinaida,,0x38b,0,1,False,「夠了，親愛的。我想聖者已經明白你的意思了！」
0x0450,De Maria,De Maria,,0x3d2,0,1,False,De Maria 停止了他的幻想，嘆了口氣，對著你微笑。「你明白我的意思了……」
0x0450,De Maria,De Maria,,0x439,0,1,False,「請多保重！」
0x0451,Elynor,Elynor,,0x0,0,1,False,「儀式開始的時間到了。」Elynor 說。
0x0451,Elynor,Elynor,,0x6b,0,1,False,你看到一位舉止優雅但帶有一絲傲慢的女人。
0x0451,Elynor,Elynor,,0xa8_0xc7,0,1,True,「你是在跟我說話嗎，<HONORIFIC>？」Elynor 問道。
0x0451,Elynor,Elynor,,0xde,0,2,False,她挺直了肩膀，直視著你的眼睛。
0x0451,Elynor,Elynor,,0xde,1,2,False,「我是 Elynor 。」
0x0451,Elynor,Elynor,,0x125,0,1,False,「我是 Minoc 這裡友誼會分會的首席顧問。我們是一個尋求靈性成長的社團，致力於發揮我們的最高潛力，提升自我價值，以及兄弟之間的團結和信任。
0x0451,Elynor,Elynor,,0x1ed,0,1,False,「也許你希望加入我們的友誼會？」
0x0451,Elynor,Elynor,,0x21e,0,1,False,「這對友誼會來說的確是個偉大的一天！去不列顛城找巴特林。他是我們的創始人。讓聖者加入友誼會這份莫大的榮耀，理應只保留給他。」
0x0451,Elynor,Elynor,,0x2d9,0,2,False,「從你的眼神我能看出，你缺乏勇氣邁出你生命中這至關重要的一步。也許很快有一天你會準備好。」
0x0451,Elynor,Elynor,,0x2d9,1,2,False,她輕蔑地看著你。「我們等著看……」
0x0451,Elynor,Elynor,,0x396,0,1,False,「啊——不過這些你都知道了。」
0x0451,Elynor,Elynor,,0x3c4,0,1,False,「我現在想起巴特林給我的一條信息。我一直在等你。你被派來運送我們的包裹。你現在可以把它交出來了。」
0x0451,Elynor,Elynor,,0x45f,0,1,False,Elynor 注意到你的護身符。「我認為你還不應該戴著這個護身符。你還沒有被正式引入友誼會！恐怕我必須通知巴特林你的謊言！」
0x0451,Elynor,Elynor,,0x51c,0,1,False,「你挑了一個最不合適的時間來進行這種閒聊。也許你會對剛在這座鋸木廠裡發現的兩起謀殺案感興趣！」
0x0451,Elynor,Elynor,,0x5b4,0,1,False,「我們應該努力把這些謀殺案拋在腦後。 Minoc 很快就會作為一個建造宏偉船隻的城市在不列顛尼亞聞名。在市中心甚至將豎立一座雕像來紀念我們的造船匠 Owen 。他是我們社區中技術嫻熟且受人重視的成員，當然，他也是友誼會的成員。」
0x0451,Elynor,Elynor,,0x6f6,0,1,False,「我們的城市不像不列顛城那麼偉大，但作為商業中心和礦產而廣為人知。 Owen 遺產帶來的小小尷尬會隨著時間消退。」
0x0451,Elynor,Elynor,,0x796,0,1,False,「我對生命的消逝感到悲傷，但不能說我感到驚訝。 Frederico 和 Tania 是充滿敵意的人。大多數吉普賽人也是如此。當然，我個人對他們沒有意見。」
0x0451,Elynor,Elynor,,0x883,0,2,False,你拿出包裹並把它舉在 Elynor 面前。她的目光從你身上移到包裹，然後又回到你身上。
0x0451,Elynor,Elynor,,0x883,1,2,False,「你肯定被指示過不要打開包裹。儘管如此，你打開它了嗎？」
0x0451,Elynor,Elynor,,0x94b,0,2,False,「你很清楚你被指示要原封不動地送達包裹。身為友誼會的成員，你明白我們必須配得上我們追求的回報。既然你辜負了巴特林的信任，任何報酬都被沒收了。他將會被告知這個輕率的舉動，而他不會高興的。」
0x0451,Elynor,Elynor,,0x94b,1,2,False,她從你手中接過盒子。
0x0451,Elynor,Elynor,,0xa83,0,2,False,「胡說八道。這包裹仍然密封得很好。」她懷疑地盯著你。
0x0451,Elynor,Elynor,,0xa83,1,2,False,「我不知道你為什麼要聲稱它被打開了，但你必須學會更好地信任你的兄弟。既然盒子完好無損，你將會得到你的獎賞，但你的行為將會被向上報告。小心點，我的兄弟。」
0x0451,Elynor,Elynor,,0xbb8,0,1,False,她交給你 50 枚金幣。
0x0451,Elynor,Elynor,,0xbd5,0,1,False,「你拿不下你的獎賞了！天啊，你的旅行的確很成功。那麼，你必須忍受進一步的考驗。等你拿得動額外的金幣時，把密封的盒子還給我，你就會得到你應得的報酬。」
0x0451,Elynor,Elynor,,0xcb4,0,3,False,她檢查了盒子內部。
0x0451,Elynor,Elynor,,0xcb4,1,3,False,「啊，很好。至少裡面的東西還完好無損。有罪的人只是他自己好奇心的受害者，而不是真正的小偷。」
0x0451,Elynor,Elynor,,0xcb4,2,3,False,她上下打量著你。「你很可能還是會學著成為我們傑出會員中相稱的一員。我們等著看。」
0x0451,Elynor,Elynor,,0xdd6_0xe7b,0,3,True,她檢查了盒子內部。
0x0451,Elynor,Elynor,,0xdd6_0xe7b,1,3,True,「我看到盒子裡面的東西不見了。你若不是個小偷，或者至少，作為一個信使非常不盡責。不管怎樣，<HONORIFIC>，盒子被洗劫一空了！」
0x0451,Elynor,Elynor,,0xdd6_0xe7b,2,3,True,她上下打量著你。「巴特林將會被告知這項……進展。」
0x0451,Elynor,Elynor,,0xeea,0,2,False,Elynor 從你手中接過包裹。
0x0451,Elynor,Elynor,,0xeea,1,2,False,「你做得非常好。現在如約定的，這是你的報酬。」
0x0451,Elynor,Elynor,,0xbd5,0,1,False,「你拿不下你的獎賞了！天啊，你的旅行的確很成功。那麼，你必須忍受進一步的考驗。等你拿得動額外的金幣時，把密封的盒子還給我，你就會得到你應得的報酬。」
0x0451,Elynor,Elynor,,0xf54_0xfb3,0,2,True,Elynor 從你手中接過包裹。檢查它時，她立刻注意到它被打開過了。
0x0451,Elynor,Elynor,,0xf54_0xfb3,1,2,True,「^<HONORIFIC>！盒子是開著的！像你這樣盡責的人，肯定不會被搶了吧？」
0x0451,Elynor,Elynor,,0x1005,0,4,False,她檢查了盒子內部。
0x0451,Elynor,Elynor,,0x1005,1,4,False,「啊，很好。至少裡面的東西還完好無損。有罪的人只是他自己好奇心的受害者，而不是真正的小偷。」
0x0451,Elynor,Elynor,,0x1005,2,4,False,她上下打量著你。「你很可能還是會學著成為我們傑出會員中相稱的一員。我們等著看。」
0x0451,Elynor,Elynor,,0x1005,3,4,False,她哼了一聲。「當然，這將會被報告給巴特林。」
0x0451,Elynor,Elynor,,0x116b,0,2,False,窺視裡面，她勃然大怒。「看起來你被搶了。顯然，既然你辜負了巴特林託付給你的責任，你將不會收到任何報酬。」
0x0451,Elynor,Elynor,,0x116b,1,2,False,「巴特林將會被告知這個輕率的舉動。」
0x0451,Elynor,Elynor,,0x1240,0,1,False,「你現在沒有把它帶在身上嗎？直到你親手交給我，你才會得到報酬。我真希望你把它藏在一個安全的地方。」
0x0451,Elynor,Elynor,,0x12d4,0,1,False,「他是友誼會為一個人的生命帶來巨大改變的典型例子。在他加入友誼會之前，他缺乏自信，並準備放棄他的手藝。現在，他即將被公認為世界上最優秀的手藝人。」
0x0451,Elynor,Elynor,,0x13b0,0,1,False,Elynor 翻了個白眼。「哦，拜託！」她說，聽起來很惱火。「這些天我不關心像他這樣的人。」
0x0451,Elynor,Elynor,,0x142d,0,1,False,「 Frederico 和 Tania 把我們友誼會的所有成員當作有病一樣對待。特別是 Frederico 經常欺負我們的成員。你也知道，我們是和平主義者，這是常識。他甚至在他自己的人民中都有殘酷的名聲。他落得暴斃的下場並不令人驚訝。」
0x0451,Elynor,Elynor,,0x1556,0,1,False,「友誼會在 Minoc 備受推崇。甚至連鎮長本人也是成員。是我親自帶他加入友誼會的。他是我們當地分會的第一位新成員。這裡友誼會的負責人 Gregor ，主管著不列顛尼亞礦業公司。許多友誼會的成員都會經過 Minoc 。」
0x0451,Elynor,Elynor,,0x1675,0,1,False,「你剛好錯過他們了！他們在這裡籌集資金。他們已經前往 Paws 去拜訪我們在那裡的庇護所。」
0x0451,Elynor,Elynor,,0x16f4,0,1,False,「自從他們上次來這裡之後，我就沒見過 Elizabeth 和 Abraham 了。」
0x0451,Elynor,Elynor,,0x174b,0,1,False,方塊震動著。「 Hook 住在大海盜窩的某個地方。我不知道在哪裡。」
0x0451,Elynor,Elynor,,0x17a6,0,1,False,「一個叫 Hook 的男人？我確定我會記得見過那樣的人，而且…我肯定，這與我曾經接觸過的任何友誼會成員的描述…都不相符。」
0x0451,Elynor,Elynor,,0x1852,0,1,False,方塊震動著。「那是 Hook 的船。我有一段時間沒看到它了。」
0x0451,Elynor,Elynor,,0x18a4,0,1,False,「在我們繁忙的港口裡有許多船隻來來去去。我不知道有哪一艘特定的船。也許你應該去問 Owen 。」
0x0451,Elynor,Elynor,,0x1929,0,1,False,「你竟敢偷窺我和 Gregor 共享我們的時光？！你沒有羞恥心嗎？！我和 Gregor 也有像任何戀人一樣享有隱私的權利！」
0x0451,Elynor,Elynor,,0x19c4,0,1,False,方塊震動著。「那個燭台被不小心留在了謀殺現場。 Hook 和 Forskis 變得粗心大意了。」
0x0451,Elynor,Elynor,,0x1a37,0,1,False,「是的，友誼會委託 Xanthia 製作了你所描述的燭台。它的設計融入了我們的三個宗旨：代表團結（Unity）的『U』，代表信任（Trust）的『T』，和代表價值（Worthiness）的『W』。」
0x0451,Elynor,Elynor,,0x1b21,0,1,False,你告訴 Elynor 它是在謀殺現場被發現的。 Elynor 顯得有些驚訝。
0x0451,Elynor,Elynor,,0x1b74,0,1,False,「我無法想像為什麼它會在那裡。肯定是有人試圖牽連友誼會！」
0x0451,Elynor,Elynor,,0x1bcc,0,1,False,她想了一會兒。
0x0451,Elynor,Elynor,,0x1be2,0,1,False,「如果你問我，我敢打賭 Frederico 和 Tania 是被他們自己人謀殺的，然後另一個吉普賽人把燭台放在現場以牽連我們。那些吉普賽人為了得到一點黃金，連自己的母親都敢殺！」
0x0451,Elynor,Elynor,,0x1cca,0,1,False,「他們在城鎮東南方紮營。靠近鋸木廠。你難道不覺得這很可疑嗎？」
0x0451,Elynor,Elynor,,0x1d28,0,1,False,「我有一種感覺，我們還會再見面的。」
0x0452,Gregor,Gregor,,0x0,0,1,False,Gregor 正專注於友誼會的會議中，現在無法交談。
0x0452,Gregor,Gregor,,0x42,0,1,False,「沒時間閒聊了！我必須去參加友誼會會議！我遲到了！」
0x0452,Gregor,Gregor,,0xae,0,1,False,你看到一位老人，他那盛氣凌人的性情與他年邁但硬朗的體格相符。
0x0452,Gregor,Gregor,,0x109,0,1,False,「你是在跟我說話嗎？」Gregor 皺著眉頭。
0x0452,Gregor,Gregor,,0x141,0,1,False,「我的名字是 Gregor 。」
0x0452,Gregor,Gregor,,0x162,0,1,False,「我是不列顛尼亞礦業公司 Minoc 分部的負責人。」
0x0452,Gregor,Gregor,,0x1c8_0x1de,0,1,True,「你發燒了嗎，<HONORIFIC>？你沒意識到我們為什麼聚集在這裡嗎？在這樣的悲劇面前，你還能如此無動於衷，真是可恥！」
0x0452,Gregor,Gregor,,0x26a,0,1,False,「我們的城鎮是不列顛尼亞主要的貿易中心，這是一個社會變革的地方。」
0x0452,Gregor,Gregor,,0x2e2,0,1,False,「不列顛尼亞礦業公司生產各種各樣的礦物，這些礦物對於不列顛尼亞的持續發展至關重要。」
0x0452,Gregor,Gregor,,0x361,0,1,False,「在 Minoc 我們有不列顛尼亞最大的採礦場之一，一座鋸木廠，一家旅店，藝術家公會，和一位造船匠。」
0x0452,Gregor,Gregor,,0x418,0,1,False,「在 Minoc 這裡，我們正在為優秀的造船匠 Owen 建立一座紀念碑，他是一位工藝大師，他的名字很快就會在整個不列顛尼亞聞名。我們還有一個非常活躍的友誼會分會。」
0x0452,Gregor,Gregor,,0x50c,0,1,False,「一個歷史悠久且利潤豐厚的生意。可惜它將會因為在那裡發生的謀殺案而變得更出名，而不是因為它所做的任何出色工作。」
0x0452,Gregor,Gregor,,0x5b5,0,1,False,「 The Checquered Cork 以其質樸的特色和氛圍而聞名。那是個好地方。不要被它表面上的不整潔給嚇跑了。」
0x0452,Gregor,Gregor,,0x640,0,1,False,「藝術家公會是一小群工匠聚集在一起販售他們小飾品的地方。他們以作為當地對任何事物都持異議者而自豪。」
0x0452,Gregor,Gregor,,0x6d7,0,1,False,「我可能已經提到過造船匠 Owen 。他建造了有史以來最棒的船隻。」
0x0452,Gregor,Gregor,,0x732,0,1,False,「我協助與鎮長 Burnside 一起籌劃建立這座紀念碑。」
0x0452,Gregor,Gregor,,0x779,0,1,False,「它將會非常巨大，並用我們礦坑裡最優質的礦石製成。」
0x0452,Gregor,Gregor,,0x7c8,0,1,False,「他們為 Minoc 做了無法估量的好事，幫助對抗在我們這樣一個許多人都專注於金錢利益的城鎮中可能發生的分裂。」
0x0452,Gregor,Gregor,,0x863,0,1,False,「太可怕了！吉普賽人 Frederico 和 Tania 被發現陳屍在 William 的鋸木廠裡！」
0x0452,Gregor,Gregor,,0x8c7,0,1,False,「別打擾我們，該死！ Elynor 和我相愛著，我們希望能單獨在一起！去別處找你廉價的刺激吧！」
0x0452,Gregor,Gregor,,0x948,0,1,False,「那就上路吧。」
0x0453,Margareta,Margareta,,0x35,0,1,False,你看到一位年輕迷人的吉普賽女人，有著充滿智慧、彷彿能看穿靈魂的雙眼。
0x0453,Margareta,Margareta,,0x9c,0,1,False,「你希望再跟我說話嗎？」Margareta 問。
0x0453,Margareta,Margareta,,0xd1,0,1,False,「很好。」
0x0453,Margareta,Margareta,,0xe1,0,1,False,「很好。」
0x0453,Margareta,Margareta,,0xf2,0,1,False,「 Margareta 為你服務，」她緩慢地說著。
0x0453,Margareta,Margareta,,0x128,0,1,False,吉普賽女人微微一笑。「為你占卜命運。」
0x0453,Margareta,Margareta,,0x169,0,1,False,「我就知道會發生這種事。我警告過 Frederico 。他不聽。」
0x0453,Margareta,Margareta,,0x1b7,0,1,False,「他是我丈夫的兄弟。他的死讓我非常傷心。」
0x0453,Margareta,Margareta,,0x1fe,0,1,False,「她是 Frederico 的妻子，但你已經知道了，不是嗎？她是個好女人。」
0x0453,Margareta,Margareta,,0x25b,0,2,False,Margareta 沉默了一會兒。
0x0453,Margareta,Margareta,,0x25b,1,2,False,「他誤入歧途了。不幸的是，他只有在父母雙亡的結果下，才會意識到自己的錯誤。」
0x0453,Margareta,Margareta,,0x303,0,1,False,「還有很多很多像 Sasha 一樣誤入歧途的人。對他們，我看不到未來。」
0x0453,Margareta,Margareta,,0x362,0,1,False,「你知道我是什麼意思。
0x0453,Margareta,Margareta,,0x384,0,1,False,「你自己就是個成員。」
0x0453,Margareta,Margareta,,0x3a6,0,1,False,「友誼會。」
0x0453,Margareta,Margareta,,0x3c3,0,1,False,Margareta 看到你的護身符，抬起了眼睛。
0x0453,Margareta,Margareta,,0x3f8,0,1,False,「我看到你戴著他們的一個護身符，但你並不是真正的成員，對吧？小心點——友誼會裡有些人會看穿你的偽裝。」
0x0453,Margareta,Margareta,,0x492,0,1,False,「你很快就會明白他們的真面目。」
0x0453,Margareta,Margareta,,0x4c3,0,1,False,「到了適當的時候，你會了解更多關於他們的事。」
0x0453,Margareta,Margareta,,0x509,0,1,False,「 Jergi 當然是我的丈夫。現在他肩負著在這些動盪時期引導吉普賽民族的重任。」
0x0453,Margareta,Margareta,,0x577,0,1,False,「再會。平平安安地去吧。」
0x0454,Sasha,Sasha,,0x15,0,1,False,你看到一個年輕的吉普賽小夥子。他戴著一個友誼會的護身符。他垂著眼，表情極度悲傷。
0x0454,Sasha,Sasha,,0x8e_0xc2,0,1,True,Sasha 抬起頭。「祝你有個美好的一天，<HONORIFIC>。」
0x0454,Sasha,Sasha,,0xc9,0,1,False,「我的名字是 Sasha 。」
0x0454,Sasha,Sasha,,0xe9,0,1,False,「我太年輕了，還不能工作。我是個吉普賽人，因為我的父母也是吉普賽人。我也是友誼會的成員。」
0x0454,Sasha,Sasha,,0x18f,0,1,False,「我的父母—— Frederico 和 Tania ——被謀殺了。我不知道為什麼有人會想傷害他們。」男孩哽咽地說出這些話。突然間，他被悲傷淹沒，無法再說下去了。
0x0454,Sasha,Sasha,,0x266,0,1,False,「這發生在 Minoc 的鋸木廠。」
0x0454,Sasha,Sasha,,0x28f,0,1,False,「在過去的一個星期裡，我一直離家為友誼會工作。」
0x0454,Sasha,Sasha,,0x2df,0,1,False,「我回來和 Margareta 及 Jergi 在一起，為我的父母哀悼。他們不贊成我加入友誼會，但我知道他們是出於對我的愛才關心我的，就像我愛他們一樣。」
0x0454,Sasha,Sasha,,0x3b3,0,1,False,「她非常聰明，知道很多事情，但是當我問她我應該回到友誼會還是留下來和他們在一起時，她沒有回答我。」
0x0454,Sasha,Sasha,,0x447,0,1,False,「他是我父親的兄弟。他是個好人，也很聰明。現在他是我們人民的領袖。他會做對我們有益的事。」
0x0454,Sasha,Sasha,,0x4cf,0,1,False,「也許你應該跟他說說話。」
0x0454,Sasha,Sasha,,0x4f7,0,1,False,小夥子堅忍地點點頭，轉身離開。
0x0455,Gladstone,Gladstone,,0x15,0,1,False,你看到一位英俊的工匠，有著強烈、敏銳的目光。
0x0455,Gladstone,Gladstone,,0x58,0,1,False,Gladstone 和你握手，你能感覺到他的手掌上還沾著一絲雕塑用的黏土。雖然他幾乎不認識你，但他把你當老朋友一樣對待。
0x0455,Gladstone,Gladstone,,0xf9_0x11a,0,1,True,「我的名字是 Gladstone ，<HONORIFIC>。為你服務。」
0x0455,Gladstone,Gladstone,,0x130,0,1,False,「我是一名吹玻璃工和雕塑家。我主要製作瓶子和碗。但在過去，我也用玻璃製作過各種雕像。」
0x0455,Gladstone,Gladstone,,0x1cf,0,1,False,男人的眼睛打量了你一會兒。「你不知道發生了什麼事嗎？我們當地的鋸木工 William 在他的鋸木廠裡發現兩個吉普賽人被謀殺了。」
0x0455,Gladstone,Gladstone,,0x288,0,1,False,「 Minoc 這裡活躍的商業足以讓藝術家公會在財務上保持償付能力。但在最近幾個星期裡，我開始擔心我們可能撐不了多久。不像友誼會或是 Owen 的紀念碑，我們沒有太大的政治權力。現在發生的其他事件讓我們的麻煩顯得不那麼重要了。」
0x0455,Gladstone,Gladstone,,0x3e7,0,1,False,「藝術家公會被不列顛尼亞稅務委員會無情地徵稅。即使在我們情況最好的一年，要維持收支平衡也是一場掙扎。看來我們並沒有被認為重要到能獲得公平的機會。」
0x0455,Gladstone,Gladstone,,0x4c3,0,1,False,「你肯定聽說過 Frederico 和 Tania 的謀殺案了吧？！」
0x0455,Gladstone,Gladstone,,0x509,0,1,False,「藝術家公會是一群當地工匠的組織。我們在 Minoc 這裡販賣我們的商品。雖然我們是一個由平等成員組成的公會，但我暫時擔任公會的會長。」
0x0455,Gladstone,Gladstone,,0x5c8,0,1,False,「一想到在我們美麗的城鎮裡竟會如此輕易地發生這種卑劣的行為，我就不寒而慄。你正在調查這件事嗎？我祝你在追查犯人時一切順利。我幾乎不認識 Frederico 或 Tania ，但我確實見過他們的兒子 Sasha 一次。」
0x0455,Gladstone,Gladstone,,0x6e4,0,1,False,「他與 Seara 交了朋友，並在我們這裡住過一晚。他似乎是個不錯的年輕人，但誤入歧途了。」
0x0455,Gladstone,Gladstone,,0x761,0,1,False,「我們和那些人相處得不是很好。我相信自從藝術家公會的所有成員都拒絕 Elynor 的入會邀請後，我們就已經被非正式地標記為友誼會的敵人了。他們不喜歡我們，因為他們認為我們無意於團結。」
0x0455,Gladstone,Gladstone,,0x866,0,1,False,「你把我們當作你的敵人嗎？」
0x0455,Gladstone,Gladstone,,0x891,0,1,False,「那就從我眼前消失！我不想跟你說話！」
0x0455,Gladstone,Gladstone,,0x8cb,0,1,False,「那麼我暫且相信你。但要知道，為了保護我們的公會，我必須做我該做的事。」
0x0455,Gladstone,Gladstone,,0x938,0,1,False,「造船匠 Owen 正委託人在城鎮中心建造一座他自己的雕像。藝術家公會當然決定與這種愚蠢的行為毫無牽扯。但光是這座雕像的消息傳開，現在訂單就從不列顛尼亞各地湧來。商人們希望由『著名的』 Minoc 造船大師 Owen 來建造船隻。」
0x0455,Gladstone,Gladstone,,0xa76,0,1,False,「哦，對了，這提醒了我！恐怕我不能聊太久。畢竟，城鎮中心有一塊空蕩蕩的石板，現在上面什麼也沒有。鎮長委託我們創作一些東西來填補那個空白。除了這會是非常棒的作品之外，我不想多說什麼。還需要相當長的一段時間才能準備好，但一旦完成，我希望你那時候能回到 Minoc 來看看它。也許在更好的時機。那麼，再會了。」
0x0455,Gladstone,Gladstone,,0xc32,0,1,False,「我擔心我們嚴重地失算了，以為如果我們抵制這座雕像，它就不會被建造。似乎所有的談論已經把 Owen 變成了這個地區某種奇怪的傳奇人物，而那該死的雕像甚至還沒立起來呢！但我擔心，這還不是情況最糟糕的部分。」
0x0455,Gladstone,Gladstone,,0xd63,0,1,False,「一旦雕像建成，造船的訂單肯定會增加得更多！用不了多久，所有當地的商業都會受到影響。 Owen 將會購買更多當地資源，這會導致價格上漲，特別是在鋸木廠，而那肯定會迫使藝術家公會破產。」
0x0455,Gladstone,Gladstone,,0xe6c,0,1,False,「我很遺憾目前沒有任何作品可供出售。就像我們其他的藝術家一樣，我積壓了許多訂單，在可預見的未來裡我都會很忙碌。但在公會大廳裡展出著幾件我最引以為傲的作品。如果你有興趣，請去看看。」
0x0455,Gladstone,Gladstone,,0xf7b,0,1,False,「旅途順利，我的朋友。」
0x0456,Xanthia,Xanthia,,0x0,0,1,False,你看到一位開朗的女人，有著明亮的眼睛和金色的頭髮。
0x0456,Xanthia,Xanthia,,0x4c_0x5f,0,1,True,「又見面了，<HONORIFIC>。」Xanthia 說。
0x0456,Xanthia,Xanthia,,0x89,0,1,False,「你好，我的名字是 Xanthia 。」
0x0456,Xanthia,Xanthia,,0xb4,0,1,False,「我是 Minoc 藝術家公會的成員。我製作並販售燭台。」
0x0456,Xanthia,Xanthia,,0x11b,0,1,False,「如果你不介意的話，也許我們可以在更有交際氣氛的場合互相認識！最近有兩個人在 William 的鋸木廠被謀殺了！這可不是認識新朋友的時候！」
0x0456,Xanthia,Xanthia,,0x1e6,0,1,False,「我們是一個由藝術家和工匠組成的公會，為了共同利益而團結一致，致力於藝術的發展，並向其他藝術家展示，完全靠自己的努力生存而不犧牲創造力是可能的。」
0x0456,Xanthia,Xanthia,,0x2c2,0,1,False,「我製作簡單的燭台，但有時我也會接委託工作，製作更特別的款式。我受僱於友誼會，為他們所有的友誼會大廳製作燭台。」
0x0456,Xanthia,Xanthia,,0x375,0,1,False,「當地友誼會分會的負責人 Elynor 給我看了一張友誼會標誌的圖片，我就是根據那個來設計我的燭台。」
0x0456,Xanthia,Xanthia,,0x41c,0,1,False,「是的，她很擅長招募。怎麼說呢，她讓我們的鎮長 Burnside 加入了，還有不列顛尼亞礦業公司當地負責人 Gregor ，以及我們的造船匠 Owen 。很遺憾地說，他很快就會出名了。謝天謝地，她從來沒邀請過我加入。」
0x0456,Xanthia,Xanthia,,0x539,0,1,False,你向 Xanthia 描述在謀殺現場發現的燭台。她認了出來，睜大了眼睛。「是的，那是我做的其中一個燭台。它在謀殺現場的鋸木廠裡？」
0x0456,Xanthia,Xanthia,,0x5eb,0,1,False,Xanthia 看起來很震驚。「太可怕了！我發誓我不知道它是怎麼到那裡的！你一定要去問 Elynor 這件事！」
0x0456,Xanthia,Xanthia,,0x674,0,1,False,她略帶怒意地看了你一眼。「好吧，我希望你不是從 Elynor 那裡偷來的。」
0x0456,Xanthia,Xanthia,,0x6d7,0,1,False,「隨著礦業的成功， Minoc 是個繁榮的城市。不是一個人們習慣發生謀殺案的地方。是個很適合我們藝術家公會發展的好地方。但我們這裡的情況一直很艱難。現在我擔心情況可能會變得更糟。」
0x0456,Xanthia,Xanthia,,0x7df,0,1,False,「這就是 Gladstone 說的。你最好去問他這件事。」
0x0456,Xanthia,Xanthia,,0x821,0,1,False,「這太可怕了！我個人並不認識 Frederico 或 Tania ，但我確實見過他們的兒子 Sasha 一次。他是個好男孩，如果沒有誤入歧途的話。他曾作為 Seara 的客人，在我們藝術家公會住過一晚。」
0x0456,Xanthia,Xanthia,,0x914,0,1,False,「他們出於某種原因要為 Owen 建造一座紀念碑。 Owen 和 Elynor 拒絕使用公會的任何人來幫忙建造它！他們相當無禮，你不覺得嗎？」
0x0456,Xanthia,Xanthia,,0x9c2_0x9cf,0,1,True,「再會，<HONORIFIC>。希望我對你有所幫助。」
0x0457,Zorn,Zorn,,0x20,0,1,False,你看到一個男人，長時間悶熱而艱苦的工作讓他的臉凝固成僵硬的表情，眼睛像熾熱的煤炭。
0x0457,Zorn,Zorn,,0x9c,0,1,False,「我能為你效勞嗎？」Zorn 說。
0x0457,Zorn,Zorn,,0xc6,0,1,False,「我是 Zorn 。」
0x0457,Zorn,Zorn,,0xdc,0,1,False,「我是 Minoc 的鐵匠。」
0x0457,Zorn,Zorn,,0x109,0,1,False,「你對死者難道沒有一點尊重嗎？竟然在這樣糟糕的時刻來拉客！這時可是有人被發現死在 William 的鋸木廠裡！」
0x0457,Zorn,Zorn,,0x1aa,0,1,False,「我製作武器和護甲。」
0x0457,Zorn,Zorn,,0x1dc,0,1,False,「 Minoc 是個大城市。金錢在這裡易手。但它並不能讓人們快樂。他們總能找到爭吵的理由。而現在這些可怕的謀殺案讓每個人都感到害怕。」
0x0457,Zorn,Zorn,,0x29f,0,1,False,「我賣的所有武器和護甲都是我親手製作的。它們會很好地為你效勞。」
0x0457,Zorn,Zorn,,0x314,0,1,False,「也許我們可以改天再談論這些事情。比如說，也許在我的商店營業時間裡？」
0x0457,Zorn,Zorn,,0x37e,0,1,False,「鐵匠鋪目前不對外營業。你得改天再來。」
0x0457,Zorn,Zorn,,0x3bb,0,1,False,「我有很多非常致命的武器可以給你看。」
0x0457,Zorn,Zorn,,0x37e,0,1,False,「鐵匠鋪目前不對外營業。你得改天再來。」
0x0457,Zorn,Zorn,,0x3f5,0,1,False,「你可以向我購買精良的護甲。」
0x0457,Zorn,Zorn,,0x423,0,1,False,「例如這個關於 Owen 紀念碑的喧鬧聲。人們應該管好自己的事，讓別人去處理他們自己的事，不管那是否愚蠢。」
0x0457,Zorn,Zorn,,0x4c9,0,1,False,「他是我們鎮上的造船匠。他是個極度自負的人。」
0x0457,Zorn,Zorn,,0x50f,0,1,False,「 Owen 正在為自己建造一座紀念碑。它有四十英尺高，描繪他拿著一卷設計圖的樣子。永遠都會有鴿子停在上面了。為什麼要為那麼不重要的事情爭吵呢？」
0x0457,Zorn,Zorn,,0x5df,0,1,False,「這個鎮上從來沒有人真正討厭過吉普賽人，至少我從來沒意識到有。誰會做這種事？」
0x0457,Zorn,Zorn,,0x655,0,1,False,你將 Caddellite 交給 Zorn 。「這太驚人了！我還以為唯一能找到 Caddellite 的地方是失落的 Ambrosia 島呢。我該用這個做什麼？」
0x0457,Zorn,Zorn,,0x700,0,1,False,你描述了你需要的頭盔種類，一種可以阻擋來自方塊產生器危險聲音的頭盔。 Zorn 點點頭。「是的，我可以為你做一些。我會立刻開始工作。」
0x0457,Zorn,Zorn,,0x7be,0,1,False,「但是你沒有任何可以用來製作頭盔的 Caddellite 礦塊！」
0x0457,Zorn,Zorn,,0x80a_0x821,0,1,True,「你的隊伍裡有 <VAR> 個人。恐怕你沒有足夠的 Caddellite 讓我製作那麼多頭盔。」
0x0457,Zorn,Zorn,,0x871,0,1,False,Zorn 從你手中接過 Caddellite 並開始他的工作。
0x0457,Zorn,Zorn,,0x8ad_0x8b8,0,1,True,「你有 <VAR> 塊 Caddellite 。這就是我能為你製作的頭盔數量。」
0x0457,Zorn,Zorn,,0x8fc,0,1,False,Zorn 從你手中接過 Caddellite 並開始工作。你著迷地看著這位鐵匠大師在火中軟化礦石，然後將其塑形。 Zorn 迅速地進行了必要的測量，然後用熱材料進行了一些調整。最後，完成了。
0x0457,Zorn,Zorn,,0x9ec,0,1,False,Zorn 將頭盔浸入水中冷卻。
0x0457,Zorn,Zorn,,0x9ec,0,1,False,Zorn 將頭盔浸入水中冷卻。
0x0457,Zorn,Zorn,,0xa10,0,1,False,「給，我已經按照你精確的要求完成了委託。」
0x0457,Zorn,Zorn,,0xa50,0,1,False,他把頭盔交給你。
0x0457,Zorn,Zorn,,0xa50,0,1,False,他把頭盔交給你。
0x0457,Zorn,Zorn,,0xa69,0,1,False,「你負重太重了！」
0x0457,Zorn,Zorn,,0xa85_0xa92,0,1,True,「再見，<HONORIFIC>。」
0x0458,Seara,Seara,,0x15,0,1,False,你看到一位英俊、看起來很有創造力的年輕人。
0x0458,Seara,Seara,,0x55_0x62,0,1,True,「你好，<HONORIFIC>，」Seara 說。
0x0458,Seara,Seara,,0x75_0x8c,0,1,True,「我叫做 Seara ，<HONORIFIC>。很高興見到你。」
0x0458,Seara,Seara,,0xa8,0,1,False,「我是 Minoc 當地藝術家公會的成員。」
0x0458,Seara,Seara,,0xf3_0x100,0,1,True,「拜託，<HONORIFIC>，現在可不是用這種隨便的語氣說話的時候！就在離這裡不遠的地方，發生了不只一起，而是兩起謀殺案！」
0x0458,Seara,Seara,,0x19b,0,1,False,「是的，我們 Minoc 這裡有一個藝術家公會。我是其中一員。其他成員還有 Xanthia 和 Gladstone 。你可以在那裡買到不列顛尼亞各地能找到的最精美的工藝品。例如我，就是製作時鐘的。」
0x0458,Seara,Seara,,0x2a8,0,1,False,「 Xanthia 是個非常有才華的年輕女子。她製作非常精緻且獨特的燭台。」
0x0458,Seara,Seara,,0x309,0,1,False,「 Gladstone 是一位雕塑家兼吹玻璃工。他也負責公會大部分的商業決策。」
0x0458,Seara,Seara,,0x36c,0,1,False,「我製作各種類型的時鐘和手錶，它們能可靠地將時間精確到秒。我很樂意賣給你一個，但現在我積壓了兩年的訂單要趕。」
0x0458,Seara,Seara,,0x412,0,1,False,「在要建造紀念碑以及現在發生這些謀殺案之前，我一直認為這個城鎮是個適合居住的好地方。」
0x0458,Seara,Seara,,0x49e,0,1,False,「這太可怕了。 Frederico 和 Tania 當時正在尋找他們的兒子 Sasha 。他離家出走去加入友誼會了。這種事怎麼會發生在他們身上？」Seara 緩緩地搖了搖頭。
0x0458,Seara,Seara,,0x56c,0,1,False,「幾個星期前，當他來到鎮上尋找當地友誼會分會時，我見過他。我曾讓他在公會大廳住過一晚。他說如果他父親知道他想加入友誼會，就會打他，我相信他的話。 Sasha 的父親可能是個殘酷的人。他基本上是個好小夥子，就像我們很多人一樣，只是在尋找真理。不幸的是，他找錯了地方。」
0x0458,Seara,Seara,,0x705,0,1,False,「自從我們上次談到 Sasha 之後，我就再也沒見過或聽說過他的消息了。我不知道他是否加入了友誼會。」
0x0458,Seara,Seara,,0x791,0,1,False,「他們的營地就在鎮外不遠處。他們剩下的人不多了。我知道 Sasha 的姑姑 Margareta 是個不可思議的占卜師。只要幾枚金幣，她就能告訴你很多可能對你非常有用的事情。」
0x0458,Seara,Seara,,0x873,0,1,False,「無意冒犯，但我不認同你的信仰。事實上，我認為你們友誼會裡很少有成員是真心誠意地談論團結、信任和價值的。不過 Sasha 已經夠大，能自己做決定了，雖然我很後悔那天晚上沒有把他送回家。」
0x0458,Seara,Seara,,0x97d,0,1,False,「不，我不是成員之類的，但我聽 Sasha 說過那麼多次基本教義，我都能背下來了。我從未試圖勸阻他加入友誼會，即使我根本不信那一套。我認為 Sasha 已經大到可以開始為自己做決定了。現在我真的很後悔在看到他的那一刻沒有把他送回家。」
0x0458,Seara,Seara,,0xac8,0,1,False,「那個造船匠 Owen 是個自以為是的傻瓜。他的雕像只不過是他為這個城鎮帶來所有傷害與反感的紀念碑而已。我簡直不敢相信，這種毫無意義且明顯的鬧劇，竟然會危及我們公會的未來。」
0x0458,Seara,Seara,,0xbc9,0,1,False,「這件事你最好去問 Gladstone 。」
0x0458,Seara,Seara,,0xbf6_0xc18,0,1,True,「祝你有個愉快的一天，<HONORIFIC>。一定要再來看我們。」
0x0459,Karl,Karl,,0x1c,0,1,False,你看到一個似乎在荒野中待了很長一段時間的山裡人。他盯著你看了很久，然後哼了一聲，把頭轉開。
0x0459,Karl,Karl,,0xa4,0,1,False,「你想要什麼？別來煩我！」
0x0459,Karl,Karl,,0xcc,0,1,False,「我沒有和陌生人說話的習慣，但看在你似乎不是很聰明的份上，我暫且遷就你一下。我的名字是 Karl ，以前住在 Minoc 。」
0x0459,Karl,Karl,,0x176_0x195,0,1,True,「工作？！你瘋了嗎，<HONORIFIC>？！首先，如果你想提供我工作機會，我沒興趣。其次，如果你想因為任何原因僱用我做任何事，那我極度熱烈地拒絕你的提議。第三，如果你想知道我的職業是什麼，別想了，因為我沒有。第四也是最後一點，如果你想知道我為什麼沒有工作，現在就給我打住，因為那不關你的事！」
0x0459,Karl,Karl,,0x311,0,1,False,「別問我關於 Minoc 的事，那個充滿友誼會傻瓜、隨機謀殺案和無能紀念碑的骯髒小鎮。我甚至不住在這裡，就算你付錢給我我也不會住！」
0x0459,Karl,Karl,,0x3e8,0,1,False,「哼。那干我什麼事？每天都有人互相殘殺。哦，你在調查這起犯罪！好吧，別讓我妨礙你。等你抓到兇手後，你可以為他建個雕像。」
0x0459,Karl,Karl,,0x49d,0,1,False,「老天！你想讓我加入！離我遠點，你這笨蛋！」
0x0459,Karl,Karl,,0x4e1,0,1,False,「我看起來像友誼會的成員嗎？我甚至不知道友誼會是什麼！而且我也不在乎！」
0x0459,Karl,Karl,,0x54f,0,1,False,「造船匠 Owen 確實值得為他建造一座紀念碑。它的形狀應該是一座絞刑架，而且還得把他吊在上面。」
0x0459,Karl,Karl,,0x5d8,0,1,False,「我的兄弟——我在世上唯一的親人——曾在 Owen 建造的一艘船上服役。那艘船是三年前在遇到第一場風暴時沉沒的幾艘船之一。我的兄弟和船一起沉沒，再也沒有人見過他。」
0x0459,Karl,Karl,,0x6d2,0,1,False,「我為這件事和 Owen 對質，但他否認這和他的手藝有任何關係。那天晚上我回去偷了他起草的設計圖，至少這樣就不會再有像那樣的船被建造出來了。但這讓我對這個世界感到非常憤怒，我知道我再也無法在人群中生活了。我離開並去山裡生活。我唯一會回來的時候就是為了拿些補給品，也許偶爾喝一杯 Rutherford 釀的好麥酒。」
0x0459,Karl,Karl,,0x89a,0,1,False,「其他三艘根據 Owen 的基本設計建造的船，都在下水的第一年內沉沒了。有超過十二條生命因為那個虛榮的混蛋而喪生！」
0x0459,Karl,Karl,,0x93d,0,1,False,「如果不是為了 Rutherford 釀的好麥酒，文明的存在就沒有任何意義了。」
0x0459,Karl,Karl,,0x99e,0,1,False,「我還把那些設計圖留在我的小屋裡。每隔一段時間我就會試著弄懂它們。我懷疑鎮上除了 Owen 本人之外，沒有人能看懂它們。也許修補匠 Julia 能夠看出一點端倪。但她絕對不會聽我這個住在山裡的老頭子的話。」
0x0459,Karl,Julia,,0xaba,0,1,False,「我會聽的， Karl ！你太看輕自己了！請振作起來！」
0x0459,Karl,Karl,,0xb19,0,1,False,「遠離當今社會的泥沼才是我該待的地方。在荒野中，你才能認清事物的本質。」
0x0459,Karl,Karl,,0xb86,0,1,False,「如果你想把設計圖給 Julia 看，我會把它們給你。它們在不列顛尼亞礦業公司辦公室東南方的我的小屋裡。」
0x0459,Karl,Karl,,0xc1f,0,1,False,「下定決心吧！你到底跟不跟著我？！如果你要跟著我，那就閉上嘴，邁開腳步，我們繼續走。」
0x0459,Karl,Karl,,0xca1,0,1,False,「我知道我有時候很難相處。我想這就是我那倔強混蛋的本性吧。但我確實很感激我為數不多的幾個朋友，而且我知道你一直對我很好。好好保重，聖者。」
0x0459,Karl,Karl,,0xd72,0,1,False,「在我發脾氣之前，停止你的喧鬧聲吧！」
0x045A,Owen,Owen,,0x0,0,1,False,Owen 不會中斷他參與友誼會的集會來和你說話。
0x045A,Owen,Owen,,0x40,0,1,False,「我參加友誼會集會遲到了！我現在不能和你說話！」
0x045A,Owen,Owen,,0xc7,0,1,False,你看到一位穿著昂貴外衣的年輕男子。他非常嚴肅。
0x045A,Owen,Owen,,0x10d,0,1,False,Owen 看著你並哼了一聲。「看來你又想和我說話了。」
0x045A,Owen,Owen,,0x155_0x16b,0,1,True,"「我的名字是，<HONORIFIC>, Owen。我猜你未來會更常聽到這個名字。」"
0x045A,Owen,Owen,,0x1a5,0,1,False,他直視你的眼睛，毫無謙虛地說。「我是，」他說，「Minoc 歷史上最偉大的造船匠。我是有史以來最偉大的造船匠！」
0x045A,Owen,Owen,,0x259,0,1,False,「在辛勞多年試圖為這個忘恩負義的小鎮做點什麼之後，我放棄了。我發誓我這輩子再也不會造船了。這會給他們一個教訓！不管他們怎麼乞求或懇求，我都不會做的。」
0x045A,Owen,Owen,,0x348,0,1,False,「好吧，我當然會原諒你粗劣的舉止，因為我知道能見到我你一定覺得很榮幸。但你必須知道，剛才在鋸木廠發現了兩個人，他們被謀殺了！」
0x045A,Owen,Owen,,0x40d,0,1,False,「你知道我是怎麼變成這樣的嗎？我告訴你！我開始聽到腦海裡有一個聲音！喔，我知道你會覺得我瘋了……」
0x045A,Owen,Owen,,0x4af,0,1,False,「這些聲音不是我認識的任何人的。但這些聲音仍然對我有深遠的影響……」
0x045A,Owen,Owen,,0x516,0,1,False,「在尋找這聲音的意義時——這很困難，因為你怎麼能告訴別人，尤其是一個陌生人，你腦海裡聽到聲音呢——我遇見了友誼會。他們教導我那聲音是什麼。」
0x045A,Owen,Owen,,0x600,0,1,False,「這是我腦海中的理智之聲，試圖引導我的人生走向正確的方向。友誼會教我如何信任這個聲音並傾聽它所說的。你可以在我的生活中看到結果！我掌握了我的技藝，並透過我設計的方法推進了造船技術。」
0x045A,Owen,Owen,,0x719,0,1,False,Owen 看著你，突然顯得有些慌亂。「呃，我目前沒有船可以賣。我正在進行一些改進。但如果你願意，你可以委託我為你建造一艘。我建造的一艘船的船契要價 1000 枚金幣。你想買一艘嗎？」
0x045A,Owen,Owen,,0x815,0,1,False,「你會發現這筆錢花得很值得的！我會立刻開始工作。我將根據我最近的一些設計來建造。我會提前把船契給你。」
0x045A,Owen,Owen,,0x8af,0,1,False,「它將被命名為『卓越號（Excellencia）』。」
0x045A,Owen,Owen,,0x8eb,0,1,False,「我很想把船契給你，但你帶了太多東西了。」
0x045A,Owen,Owen,,0x92b,0,1,False,「把你的金幣拿回去吧！我不能昧著良心留下它！」
0x045A,Owen,Owen,,0x971,0,1,False,「我很想把金幣還給你，但我似乎忘記放哪了。」
0x045A,Owen,Owen,,0x9b4,0,1,False,「我非常抱歉，」他哼了一聲說，「但你沒有足夠的金幣。」
0x045A,Owen,Owen,,0xa06,0,1,False,「你確定嗎？在整個不列顛尼亞你絕對找不到更好的船了！那好吧！」
0x045A,Owen,Owen,,0xa64,0,1,False,「你也許有興趣購買一個精良的六分儀？我有一個願意以好價格割愛。價格是 150 枚金幣。你有興趣嗎？」
0x045A,Owen,Owen,,0xaf1,0,1,False,「太好了！我就知道你會欣賞擁有造船匠 Owen 的六分儀。你是個了不起的人，能夠辨別那些值得多花一點錢的優質物品。」
0x045A,Owen,Owen,,0xb94,0,1,False,「你這無賴！讓我滿懷希望，卻又殘忍地打破它們。你沒有足夠的金幣來買我的寶物。如果你帶著更多錢回來，『也許』我會讓你再次出價。」
0x045A,Owen,Owen,,0xc52,0,1,False,「你沒有足夠的力氣把我的寶物放進背包。你必須丟掉一些毫無價值的垃圾，騰出空間來裝這個美麗的東西。我會等你回來以這個實惠的低價購買六分儀。」
0x045A,Owen,Owen,,0xd22,0,1,False,「哼。好吧，你要知道你錯過了購買著名造船匠 Owen 六分儀的機會，你將會以你的無賴和愚蠢而聞名。」
0x045A,Owen,Owen,,0xdad,0,1,False,「我的店鋪目前已經打烊了。我現在不想談生意。」
0x045A,Owen,Owen,,0xdf3,0,1,False,「我甚至寫了一本書，描述我在造船方法上取得的進展。這非常高深，但我試圖寫得讓外行人也能看懂。你有興趣買一本嗎？」
0x045A,Owen,Owen,,0xe9c,0,1,False,「是的，你當然有。」
0x045A,Owen,Owen,,0xebb,0,1,False,「拿去吧。」
0x045A,Owen,Owen,,0xece,0,1,False,「你帶太多東西了，拿不動你的書。」
0x045A,Owen,Owen,,0xf02,0,1,False,「我會把錢退給你。」
0x045A,Owen,Owen,,0xf21,0,1,False,「我很想把金幣退給你，但你拿不了。」
0x045A,Owen,Owen,,0xf58,0,1,False,「你沒有足夠的錢！」
0x045A,Owen,Owen,,0xf77,0,1,False,「哼！我想這反正也超出了你的理解範圍。」
0x045A,Owen,Owen,,0xfb4,0,1,False,「我很能理解你的不耐煩，但我才剛開始工作。等我完成它時，它自然就準備好了。現在，在此之前，如果你能不浪費我寶貴的時間，我會很感激的。」
0x045A,Owen,Owen,,0x107f,0,1,False,「我無法為你造一艘船，我想我們都知道這點。」
0x045A,Owen,Owen,,0x10c2,0,1,False,「我也不能收你買船的錢。來，我還給你。」
0x045A,Owen,Owen,,0x10ff,0,1,False,「哦，天啊，你負擔太重了，拿不回你的 1000 枚金幣！等你手比較空的時候再來吧！」
0x045A,Owen,Owen,,0x1172,0,1,False,「我幫不了你。」
0x045A,Owen,Owen,,0x118b,0,1,False,「儘管發生了這些謀殺案，我必須承認我很喜歡這裡。這是我出生的地方。他們愛我。他們將要為我建立一座紀念碑。我想我是受之無愧的，但我還是忍不住感到受寵若驚。」
0x045A,Owen,Owen,,0x127d,0,1,False,「顯然，建造史上最偉大的航行船隻以及為 Minoc 所做的一切已經不夠了！不！多虧了那個自大白痴的鎮長，我被剝奪了理應屬於我的致敬，我早就證明我完全受之無愧。設計缺陷，呸！Burnside 鎮長在他那悲慘的一生中到底造過幾艘船？！」
0x045A,Owen,Owen,,0x13cd,0,1,False,「沒錯。鋸木廠位於鎮的東南方。鎮上幾乎每個人都在那裡。如果你想查明更多，你也許應該去那裡。我痛恨暴力。」
0x045A,Owen,Owen,,0x146a,0,1,False,他緩緩搖頭。「他們不久後就要為我的紀念碑揭幕了。你認為談論這些事件會讓人們不參加典禮嗎？那會是個悲劇！」
0x045A,Owen,Owen,,0x1507,0,1,False,你告訴他許多無辜平民在他建造的船上喪生。Owen 緩緩搖頭。「我不知道。我完全不知道這怎麼會發生。很難想像如此巨大的生命損失給這個世界帶來的痛苦。但在建造那些船時，我已經盡力了。我不想那些人死。你必須相信我。」
0x045A,Owen,Owen,,0x1639,0,1,False,Owen 顯得非常痛苦。「給我的致敬現在不過是一塊墓碑。」
0x045A,Owen,Owen,,0x168e,0,1,False,「它在我的私生活中所帶來的改變，對我有極大的幫助。」
0x045A,Owen,Owen,,0x16e7,0,1,False,「除非她也不跟你說話，否則你可以去問 Elynor。也許你的私生活細節會比我的更能娛樂她。」
0x045A,Owen,Owen,,0x176b,0,1,False,「我的朋友，曾幾何時我以為我的生命已經到了盡頭。我覺得自己彷彿被吞噬進一個冰冷、深邃的黑暗洞穴中。」
0x045A,Owen,Owen,,0x1809,0,1,False,「我的靈魂彷彿沉入了一個光芒無法進入的地方……不久之後我發現了友誼會。它在我生命中造成的改變是奇蹟般的。」
0x045A,Owen,Owen,,0x18a9,0,1,False,「最近我很難和 Elynor 說上話。她似乎沒時間理我。以前當我為紀念碑做準備時，她總是順道拜訪，並且願意跟我聊聊。」
0x045A,Owen,Owen,,0x194b,0,1,False,「喔，你可以去問鎮上的任何人。他們全都知道。」
0x045A,Owen,Owen,,0x1991,0,1,False,「我知道！我的作品將成為我的紀念碑！我的名字將在任何雕像化為塵土之後長久留存！人們會記住 -我-，我向你保證！」
0x045A,Owen,Owen,,0x1a34,0,1,False,接著，帶著戲劇性的浮誇，Owen 拿出一把匕首。在你來不及阻止他之前，他將匕首刺入了自己的胸膛。他大聲咳嗽，鮮血從他嘴裡噴出，將他精緻的亞麻外衣染成了酒紅色的罪惡。片刻之後，一切都結束了。Owen，有史以來最偉大的造船匠，死了。
0x045A,Owen,Owen,,0x1b7a,0,1,False,「Crown Jewel 曾在鎮上，並於今天清晨離開了。它預定航向 Paws。」
0x045A,Owen,Owen,,0x1bd1_0x1c24,0,1,True,"「自從我們上次談到 Crown Jewel 以來，我再也沒聽過它的消息，<HONORIFIC>。"""
0x045A,Owen,Owen,,0x1c29,0,1,False,「我昨晚看到一個手是鐵鉤的男人在鎮上徘徊。」
0x045A,Owen,Owen,,0x1c6c_0x1c24,0,1,True,"「自從我們上次談到那個叫 Hook 的男人以來，我再也沒聽過他的消息，<HONORIFIC>。"""
0x045A,Owen,Owen,,0x1cca,0,1,False,「受惠於我的存在感到厭倦了嗎？很好。我希望還能再見到你！」
0x045A,Owen,Owen,,0x1d23,0,1,False,「那就上路吧。時光飛逝，名聲亦然。」
0x045B,Burnside,Burnside,,0x0,0,1,False,友誼會集會正在進行中，Burnside 現在不會和你說話。
0x045B,Burnside,Burnside,,0x47,0,1,False,「我現在不能說話！我參加友誼會集會遲到了！」
0x045B,Burnside,Burnside,,0xaa,0,1,False,你看到一位努力維持威嚴姿態的年邁男子。
0x045B,Burnside,Burnside,,0xe4,0,1,False,他一看到你就睜大了眼睛。
0x045B,Burnside,Burnside,,0x109,0,1,False,「我聽說你又在不列顛尼亞旅行了，但我親眼看到才敢相信！歡迎，聖者！」
0x045B,Burnside,Burnside,,0x170,0,1,False,「啊，聖者。很高興再次見到你。」Burnside 說。
0x045B,Burnside,Burnside,,0x1b0,0,1,False,「我叫 Burnside。」
0x045B,Burnside,Burnside,,0x1c9,0,1,False,「我是 Minoc 的鎮長，這二十多年來一直都是。」
0x045B,Burnside,Burnside,,0x210_0x223,0,1,True,「我懇求你，<HONORIFIC>，請對在 William 的鋸木廠裡被謀殺的兩個可憐靈魂表現出一些尊重。」
0x045B,Burnside,Burnside,,0x288,0,1,False,「除了這些謀殺案，我們是一個由商業運作的城鎮。金幣驅動著這個城鎮。金錢流向哪裡，Minoc 就跟著走向哪裡。以這件紀念碑的事為例。」
0x045B,Burnside,Burnside,,0x34d,0,1,False,「由於 Frederico 和 Tania 實際上並非 Minoc 的居民，身為鎮長除了增加鎮守衛之外，我能做的不多。這項調查多少超出了我的管轄範圍。看來兇手是外地人，而且現在可能早就逃之夭夭了。謝天謝地。」
0x045B,Burnside,Burnside,,0x454,0,1,False,「我相信你已經知道為造船匠 Owen 建立紀念碑的計畫了。他自己出錢。我通常反對這種公開的虛榮行為，但友誼會非常贊成。」
0x045B,Burnside,Burnside,,0x50e,0,1,False,「如果我允許建造那座紀念碑，這個城鎮就毀了，所以我當然立刻禁止了它。」
0x045B,Burnside,Burnside,,0x578,0,1,False,「但在這個特殊情況下，這對城鎮有無可估量的好處。它提升了我們的聲望。人們會從不列顛尼亞各地來參加揭幕典禮。」
0x045B,Burnside,Burnside,,0x622,0,1,False,「哎呀，就連不列顛王本人也會出席！能獲得私下覲見是個難得的機會。」
0x045B,Burnside,Burnside,,0x686,0,1,False,「啊，我看到你戴著友誼會的獎章了。幾年前這裡的友誼會分會剛成立時，我是從 Elynor 那裡拿到我的獎章的。」
0x045B,Burnside,Burnside,,0x71c,0,1,False,「是的，我戴著友誼會獎章，是 Elynor 給我的。別擔心。我不會試著要你加入的！」他為了自己開的小玩笑緊張地笑了笑。
0x045B,Burnside,Burnside,,0x7c5,0,1,False,「Elynor 告訴我友誼會未來會在這裡做很多善事。我很自豪能成為你們協會的成員，雖然我必須承認對你們的，呃，我們的理念相當無知。」
0x045B,Burnside,Burnside,,0x885,0,1,False,「Elynor 說友誼會能為 Minoc 帶來很多錢。這對貿易會很棒。我絕不能讓我的個人感情阻礙這個城鎮的利益。」
0x045B,Burnside,Burnside,,0x91c,0,1,False,「當友誼會分會首次在 Minoc 成立時，我被授予了榮譽會員。我沒有參加定期集會。希望你對我不會太失望？」
0x045B,Burnside,Burnside,,0x9ae,0,1,False,「我很抱歉，聖者。我會努力表現，成為友誼會更有價值的成員。我求你，別把這件事告訴 Elynor。」
0x045B,Burnside,Burnside,,0xa34,0,1,False,「感謝老天！我戴這個獎章主要是為了儀式目的，我猜你也是。我們都明白，無論個人感情如何，支持友誼會是目前政治上最明智的做法。」
0x045B,Burnside,Burnside,,0xaef,0,1,False,「聖者，我可以告訴你一個秘密嗎？」
0x045B,Burnside,Burnside,,0xb23,0,1,False,「聖者，我必須向你承認，我覺得友誼會提倡的理念充其量只是可疑的，而且它的成員似乎主要由傻子和情感脆弱的人組成。」
0x045B,Burnside,Burnside,,0xbcc,0,1,False,「哼！那麼，請忘掉我這些欠缺考慮的話吧！」
0x045B,Burnside,Burnside,,0xc0c,0,2,False,你向鎮長展示了 Owen 畫的設計圖，確保仔細指出 Julia 發現的缺陷。鎮長驚駭萬分。
0x045B,Burnside,Burnside,,0xc0c,1,2,False,「這太可怕了！絕對不能讓任何人看到這個！如果大家知道我們的造船匠導致了那些人的死亡，這會毀了 Owen，並對我們的城鎮造成無法彌補的損害！」
0x045B,Burnside,Burnside,,0xd52,0,1,False,「但很少有人懷疑那些死亡是 Owen 的造船造成的！我們可以銷毀設計圖，真相就永遠不會曝光！這能拯救城鎮免於恥辱和可能的毀滅！」
0x045B,Burnside,Burnside,,0xe07,0,1,False,「話說回來，Owen 建造的船會繼續沉沒。如果這裡被稱為製造『死亡之船』的地方，對 Minoc 的傷害會更大。一個為無能之人建立紀念碑的城鎮。」
0x045B,Burnside,Burnside,,0xecf,0,1,False,「這沒有其他辦法了。雕像必須停止。我在此宣布取消雕像的建立。」
0x045B,Burnside,Burnside,,0xf2d,0,1,False,「喔，還有……呃，聖者……你能幫我去通知 Owen 這個壞消息嗎？我現在有點忙。而且，我想他從你口中聽到這件事，會比較能接受。」
0x045B,Burnside,Burnside,,0xfe2,0,1,False,「這是我的榮幸，聖者朋友。這是我的榮幸。」
0x045C,Rutherford,Rutherford,,0x42,0,1,False,你看到一個神情疲憊、失去右臂的男人。他用單手抓了抓頭，朝你的方向瞇起眼睛。
0x045C,Rutherford,Rutherford,,0xb2_0xce,0,1,True,「喂，你過得怎樣，<HONORIFIC>？」Rutherford 呼喚著你。
0x045C,Rutherford,Rutherford,,0xef,0,2,False,他發出一聲尖銳的咳嗽來清喉嚨。「我的名字是 Rutherford。很高興認識你。」
0x045C,Rutherford,Rutherford,,0xef,1,2,False, 他伸出油膩的手要和你握手，直到你握住他才縮回。
0x045C,Rutherford,Rutherford,,0x19d,0,1,False,「我可是 The Checquered Cork 的酒保。在 Minoc 討論每天發生事件的最佳去處。」
0x045C,Rutherford,Rutherford,,0x202,0,1,False,他對著剛才用來擦拭吧檯的抹布咳嗽。
0x045C,Rutherford,Rutherford,,0x236,0,1,False,「又見面了，Dupre 爵士！你這麼喜歡我的店，所以又回來了嗎？」
0x045C,Rutherford,Dupre,,0x28f,0,1,False,「我親愛的 Rutherford，這並不是在影射 The Checquered Cork，我只是單純喜歡好酒！」
0x045C,Rutherford,Rutherford,,0x316,0,1,False,「現在可不是閒聊的時候！William 的鋸木廠有兩個人被謀殺了！」
0x045C,Rutherford,Rutherford,,0x36d,0,1,False,「我們有各種豐富的靈藥可以為你解渴，還有美食可以滿足你的味蕾。」
0x045C,Rutherford,Rutherford,,0x3ce,0,1,False,「因為我今天的工作已經結束了，請你下次再來吧。非常感謝你。」
0x045C,Rutherford,Rutherford,,0x429,0,1,False,「住一晚的房間非常合理。每人只要 8 枚金幣。要一間嗎？」
0x045C,Rutherford,Rutherford,,0x47b_0x4af,0,1,True,「你帶太多東西了，拿不了房間鑰匙，<HONORIFIC>！」
0x045C,Rutherford,Rutherford,,0x4b6,0,1,False,「這是你的房間鑰匙。這只在你離開前有效。」
0x045C,Rutherford,Rutherford,,0x4f6,0,1,False,「你沒有足夠的金幣，是吧？那可真糟糕。」
0x045C,Rutherford,Rutherford,,0x533,0,1,False,「也許改天晚上吧。」
0x045C,Rutherford,Rutherford,,0x552,0,1,False,「如果你能在我的正常營業時間內提出請求，我會非常感激的。」
0x045C,Rutherford,Rutherford,,0x5aa,0,1,False,「是的，這城鎮通常非常安靜。直到最近！」他瞇著的眼睛突然睜大，直直地盯著你。
0x045C,Rutherford,Rutherford,,0x61d,0,2,False,「話說，陌生人，你剛才是說你什麼時候抵達鎮上的？」
0x045C,Rutherford,Rutherford,,0x61d,1,2,False,在仔細觀察了你一會兒之後，他聳了聳肩，又回去擦拭吧檯了。
0x045C,Rutherford,Rutherford,,0x6bf,0,1,False,「在鋸木廠發生這些邪惡的事情之前，大家都在談論紀念碑。」
0x045C,Rutherford,Rutherford,,0x728,0,1,False,「好吧，我想這就排除了你是可能兇手的嫌疑。如果你是兇手，你就不必到處問人關於謀殺案發生了什麼事。你早就在那裡，早就知道了。」
0x045C,Rutherford,Rutherford,,0x7e3,0,1,False,「喂，你不是本地人吧？」他懷疑地看著你。「你該不會是友誼會的人吧？」
0x045C,Rutherford,Rutherford,,0x84a,0,1,False,「我就知道！」
0x045C,Rutherford,Rutherford,,0x86a,0,1,False,「只是問問！你不需要覺得被冒犯！」
0x045C,Rutherford,Rutherford,,0x89e,0,2,False,「我認識他！他是個住在海盜巢穴 (Buccaneer's Den)的海盜。他們說 Hook 很卑鄙，只要價錢對，他連自己的親娘都會殺，我打賭他們是對的。
0x045C,Rutherford,Rutherford,,0x89e,1,2,False,「為什麼呢，我有一次和這個 Hook 打了一架。我很幸運，只失去了一條右臂，還留下一隻好眼睛。差不多就是那時候，我開始重新考慮我當海盜的職涯，然後現在我就在這裡了。」
0x045C,Rutherford,Rutherford,,0xa42,0,1,False,「我最近沒見過他，但對謀殺現場的描述聽起來絕對是他的傑作！」
0x045C,Rutherford,Rutherford,,0xa9d,0,1,False,「那艘船最近的確在這裡。事實上，就是謀殺案發生的那晚！這之間會有什麼關聯嗎？嗯……」
0x045C,Rutherford,Rutherford,,0xb1c,0,1,False,「謝天謝地，最近這幾週整個鎮上的人都吵得不可開交，還好有友誼會試圖把城鎮團結起來。我不是成員什麼的，但我聽說了他們做的所有好事。像是救濟窮人等等。」
0x045C,Rutherford,Rutherford,,0xbfb,0,1,False,「喔，你一定是指他們要為我們的造船匠建造的那座雕像。他叫 Owen，是個本地男孩。我聽說它會有一個騎在馬上的人那麼高，並且展示 Owen 透過望遠鏡凝視之類的樣子。」
0x045C,Rutherford,Rutherford,,0xcdf,0,1,False,「晚點見……至少如果你待在我好的這隻眼睛前面，我就看得到你。」
0x045D,William,William,,0x0,0,1,False,William 不想將注意力從友誼會集會上移開。
0x045D,William,William,,0x3a,0,1,False,「我現在不能停下來跟你說話！我去大廳參加友誼會集會已經遲到了！」
0x045D,William,William,,0xb1,0,1,False,你看到一個臉上帶著非常擔憂神情的男人。
0x045D,William,William,,0xeb,0,1,False,「聖者！怎麼了？為什麼你又想和我說話？現在又出什麼事了？！」William 說。
0x045D,William,William,,0x154_0x169,0,1,True,「我叫 William，<HONORIFIC>。」
0x045D,William,William,,0x170,0,1,False,「我在 Minoc 這裡的鋸木廠工作。」
0x045D,William,William,,0x1af,0,1,False,「在這種時候問這個問題真是太荒謬了！天啊，當我走進我的鋸木廠，看到那兩個人不僅死透了，還被撕裂得幾乎無法辨認時，我簡直嚇得魂飛魄散！」
0x045D,William,William,,0x280,0,1,False,「我接收在 Yew 被伐木工砍下所有樹木製成的圓木，然後在當地的鋸木廠將它們切成木板。接著我出售木板——大部分賣給造船匠 Owen，也賣一些給藝術家公會。」
0x045D,William,William,,0x357,0,1,False,「在這些謀殺案發生之前，這是一個如此安靜的城鎮。我無法相信。」
0x045D,William,William,,0x3b5,0,1,False,「今天早上，我一開鋸木廠的門就發現了屍體！靠著從內在力量的三位一體，和友誼會教誨中獲得的所有自律，我當下才沒發瘋。這件事一定發生在昨晚某個時候，但我向你發誓，我什麼都沒聽到！」
0x045D,William,William,,0x4be,0,1,False,「我以友誼會的名義發誓，我已經把我知道關於謀殺案的一切都告訴你了！」
0x045D,William,William,,0x52f,0,1,False,「我成為友誼會成員的時間還不長。我最近才開始參加 Elynor 的集會。就在他們宣布要建造紀念碑之後。」
0x045D,William,William,,0x5bc,0,1,False,「我真高興你是我在友誼會裡的兄弟；我知道我可以信任你。我擔心的是這鎮上的其他人。」
0x045D,William,William,,0x638,0,1,False,「你想多了解一些友誼會的事嗎？」
0x045D,William,William,,0x669,0,1,False,「相信我，你不可能了解生活有多麼殘酷和可怕！你需要友誼會！我很幸運能及時找到它來面對我自己的關鍵時刻！我希望你能在太遲之前意識到你需要友誼會！」
0x045D,William,William,,0x753,0,1,False,「你知道的！造船匠 Owen 站在高大船首上的紀念碑。鎮上每個人都知道！」
0x045D,William,William,,0x7b7,0,1,False,一旦他打發了你，過度勞累的 William 隨即用雙手掩面。
0x045E,Karenna,Karenna,,0x33,0,1,False,你看到一個神情鬼祟的女人，全身穿著綠色。她臉上帶著邪惡的笑容。
0x045E,Karenna,Karenna,,0x91,0,1,False,「再次見到你真好，」Karenna 說。
0x045E,Karenna,Karenna,,0xbe,0,1,False,「我只回應 Karenna 這個名字，其他一概不理。」
0x045E,Karenna,Karenna,,0xfe,0,1,False,「我是 Minoc 的教師，和 Jakher 一起。」
0x045E,Karenna,Karenna,,0x146_0x177,0,1,True,「在這種時候問這個問題真是奇怪，<HONORIFIC>。你知道有兩個人死在那座鋸木廠裡，而且他們死於身分不明的兇手或兇手們的手中嗎？」
0x045E,Karenna,Karenna,,0x1f0,0,1,False,「Minoc 通常很忙碌，但很安靜。然後我們的城鎮就被 Owen 紀念碑這些無稽之談給困擾，現在又發生了這些謀殺案。」
0x045E,Karenna,Karenna,,0x294,0,1,False,「令人震驚！這種事通常不會發生在這裡。這充分證明了懂得如何自衛的價值。」
0x045E,Karenna,Karenna,,0x301,0,1,False,「他本身是個相當能幹的訓練師。當然沒有我這麼熟練。但我確實覺得他很可愛，不過我求你，別告訴他我說過這事。那只會助長他的氣焰。」
0x045E,Karenna,Jakher,,0x3bf,0,1,False,「你是在說我嗎？我的耳朵在發燙呢！」
0x045E,Karenna,Karenna,,0x3f7,0,1,False,「沒什麼你需要擔心的事，Jakher。」她對你眨了眨眼。
0x045E,Karenna,Karenna,,0x441,0,2,False,「我教授那種能讓人在過程中不致喪命、從而學習所有人生課題的奇特技能。戰鬥！
0x045E,Karenna,Karenna,,0x441,1,2,False,「我每次訓練將向你收取 20 枚金幣。你還有興趣嗎？」
0x045E,Karenna,Karenna,,0x4fc,0,1,False,「很好。如果你運氣好，你將不會有後悔的理由。」
0x045E,Karenna,Karenna,,0x542,0,1,False,「我們的店現在已經打烊了。請在營業時間過來。」
0x045E,Karenna,Karenna,,0x588,0,1,False,「我聽說它會有三十英尺高，並展示我們當地的造船匠高舉六分儀的樣子。你不會相信這麼無害的東西竟然能惹出這麼大麻煩。」
0x045E,Karenna,Karenna,,0x63b,0,1,False,「看來良好市民之間對我們造船匠紀念碑日益增加的敵意，讓許多當地民眾充滿了學習戰鬥技能的強烈渴望。生意從來沒這麼好過！」
0x045E,Karenna,Karenna,,0x6f4,0,1,False,「鎮上每個人都為了這事那事大動肝火。但其他人肯定比我更了解這些地方政治。我才不在乎。」
0x045E,Karenna,Karenna,,0x776,0,1,False,「Jakher 告訴你他覺得我有魅力？他當然否認，但我很多年前就知道他對我有感覺。」
0x045E,Karenna,Jakher,,0x7e7,0,1,False,「什麼？你說什麼？」
0x045E,Karenna,Karenna,,0x807,0,1,False,「沒事，Jakher。走開。」她對你發出心照不宣的咯咯笑聲。
0x045E,Karenna,Karenna,,0x857,0,1,False,「吉普賽人的首領 Frederico 和他妻子 Tania 都是好人。哎，我所知道他們做過最糟糕的事，也不過是個簡單的惡作劇罷了。」
0x045E,Karenna,Karenna,,0x904,0,1,False,「有一次 Frederico 丟石頭砸破了當地友誼會分會的窗戶……喔，好吧，我覺得那滿有趣的！」
0x045E,Karenna,Karenna,,0x97f,0,1,False,「再會。願你所有的旅程都充滿樂趣。」
0x045F,Jakher,Jakher,,0x1c,0,1,False,你看到一個嚴厲但看起來很友善的男人，穿著軍裝。當你看著他時，你會覺得他也在打量你。
0x045F,Jakher,Jakher,,0x98,0,1,False,「我有什麼可以為你效勞的嗎？」Jakher 說。
0x045F,Jakher,Jakher,,0xd3,0,1,False,「我是 Jakher，以 Sosaria 古代一位偉大將軍的名字命名。歡迎來到 Minoc。」
0x045F,Jakher,Jakher,,0x13b,0,1,False,「和 Karenna 一樣，我也是戰鬥技藝的訓練師。我的專長是力量與策略。在戰場上，如果一個人在使用肌肉的同時不用腦子，他就有掉腦袋的危險。」
0x045F,Jakher,Jakher,,0x211,0,1,False,「也許這是我們應該在更合適的時間談論的事情。現在我們應該關心的是，找出是誰對剛在 William 鋸木廠發現的兩起謀殺案負責。」
0x045F,Jakher,Jakher,,0x2ca,0,1,False,「我的收費是每次訓練 20 枚金幣。你還有興趣嗎？」
0x045F,Jakher,Jakher,,0x311,0,1,False,「我所教導的真正價值是無法估量的。我的時間對我來說很寶貴，因此很有價值。如果你付給我微不足道的錢，而我依然訓練你，那對我們雙方都是一種侮辱。
0x045F,Jakher,Jakher,,0x3e4,0,1,False,「可惜很少有人真正理解策略和戰術的價值。你可以盡情地用劍揮砍，但它無法代替你思考。」
0x045F,Jakher,Jakher,,0x463,0,1,False,「我沒有在這個特定時間進行訓練的習慣。」
0x045F,Jakher,Jakher,,0x4a0,0,1,False,「我們的城市是一個商業城市，儘管最近它的主要交易似乎是八卦和嫉妒。在這些謀殺案發生之前，當地最新的醜聞是即將為造船匠 Owen 建造的雕像。」
0x045F,Jakher,Jakher,,0x56f,0,1,False,「我懷疑兇手——或者兇手們——是從外地來的，而且現在可能早就離開了。在今天之前，這裡已經有一段時間沒有發生過謀殺案了。我們相當程度的繁榮使得這裡的人們大多能互相包容。這就是吉普賽人定居在這裡的原因。顯然缺乏動機這一點令人費解。」
0x045F,Jakher,Jakher,,0x6da,0,1,False,「我懷疑我們社區裡有人是兇手。如果涉案的陌生人，在犯案後繼續逗留很長時間，他們很快就會暴露。因此，兇手已經不在鎮上了。」
0x045F,Jakher,Jakher,,0x78f,0,1,False,「一個技巧嫻熟且兇猛的戰士，但恐怕在戰術方面有點短視。儘管如此，像她這樣有吸引力的女人，在遇到時也足夠有趣了。但別告訴她我這麼說過。這只會鼓勵她。現在和她同住一個屋簷下已經夠不自在了。」
0x045F,Jakher,Karenna,,0x8a7,0,1,False,「你在那邊嘀咕什麼？」
0x045F,Jakher,Jakher,,0x8ca,0,1,False,「沒什麼！什麼都沒有！」Jakher 對你眨了眨眼。
0x045F,Jakher,Jakher,,0x91a,0,1,False,「她是那種堅信所有問題都可以用三種方法之一解決的人。打得更用力。打得更快。或者，打得更多。」
0x045F,Jakher,Karenna,,0x9a5,0,1,False,「你是在說我嗎？我感覺我的耳朵在發燙！」
0x045F,Jakher,Jakher,,0x9e3,0,1,False,「你在作夢，Karenna。我為什麼要談論你？」他對著你神秘地竊笑。
0x045F,Jakher,Jakher,,0xa3d,0,1,False,「Minoc 以前有兩個訓練館，但其中一個被閃電擊中後燒毀了。現在我們兩人都被迫共用這一個。」
0x045F,Jakher,Jakher,,0xabf,0,1,False,「啊，所以 Karenna 說我很可愛，是嗎？是的，我知道她看上我很多年了。」
0x045F,Jakher,Jakher,,0xb23,0,1,False,「我和鎮上任何人一樣，認識 Owen 很久了。幾年前，他建造的三艘船沉沒了。我們當地一位較有特色居民 Karl 的兄弟被殺了。從未對沉船原因進行過調查，但 Owen 曾向我吐露，他暗地裡責怪自己。他開始酗酒，最終加入了友誼會。」
0x045F,Jakher,Jakher,,0xc56,0,1,False,「你最好去問 Karenna。她是吉普賽人的好朋友，會比我更了解他們。」
0x045F,Jakher,Jakher,,0xcb3,0,1,False,「很高興與你交談。」
0x0460,Jergi,Jergi,,0x26,0,1,False,你看到一個有著深情雙眼、膚色黝黑的吉普賽人，穿著色彩鮮豔的衣服。他看起來彷彿把整個世界的重擔都扛在肩上。
0x0460,Jergi,Jergi,,0xc3,0,1,False,「再次問候你，」Jergi 說著鞠了個躬，用手做了一個旋轉的姿勢。
0x0460,Jergi,Jergi,,0x11b,0,1,False,「我是 Jergi。很高興認識你。」
0x0460,Jergi,Jergi,,0x146,0,1,False,「我是吉普賽之王。」
0x0460,Jergi,Jergi,,0x172,0,1,False,「我的人民在這個世界上，幾乎已經完全滅絕了。既然…我是他們的領袖，我必將他們的福祉，視為我唯一的責任。很快，將決定我們是否要離開 Minoc。」
0x0460,Jergi,Jergi,,0x24c,0,1,False,「我們吉普賽人是為了流浪而生的民族。但…歡迎我們的地方越來越少了。我們是自古 Sosaria 時代以來，一直困擾我們族群的古老仇恨的受害者。」
0x0460,Jergi,Jergi,,0x310,0,1,False,「我們以為會被接受，所以來到這裡。而且，很長一段時間以來，似乎的確如此。但…這起野蠻的謀殺案發生之後，看起來…是我們再次流浪的時候了。」
0x0460,Jergi,Jergi,,0x3ee,0,1,False,「我們總是受到他人的偏見！我們被稱為小偷或更糟的稱呼！但我們是一個只希望演奏音樂、跳舞、並和平生活的民族。我以為這裡的人理解這一點。」
0x0460,Jergi,Jergi,,0x4b8,0,1,False,「Frederico 是我唯一的兄弟，除了 Frederico 本人之外，沒有人比我更愛 Tania。發生在他們身上的事令人難以啟齒。我希望我能告訴你更多。如果你願意，你可以和 Sasha 談談，但只能簡短地談。現在是他哀悼的時候。」
0x0460,Jergi,Jergi,,0x5ea,0,1,False,「有些人覺得…我的兄弟 Frederico 是個嚴苛無情的人，但咱們這幫懂他的人都瞧得明白——他呀，不過就是被那股支配著全天下吉普賽人的驕傲與激情給推著走罷了。」
0x0460,Jergi,Jergi,,0x6c8,0,1,False,「她是我見過最美麗的女人。我兄弟和我兩人都愛上了她。我們都試圖贏得她的芳心。我失敗了，並以為我會在孤獨中度過餘生。直到去年，我的妻子 Margareta 和我結婚，我暗自破碎的心才得以修復。」
0x0460,Jergi,Jergi,,0x7d3,0,1,False,「他是 Frederico 和 Tania 的兒子。他為了解更多關於友誼會的事，離開我們了。當然，他對發生的事情感到自責……」
0x0460,Jergi,Jergi,,0x87e,0,1,False,「我們不怪 Sasha 發生了什麼事。我們不會懲罰他。」
0x0460,Jergi,Jergi,,0x8c5,0,1,False,「Sasha 必須決定他是想留在他的族人身邊，還是回到友誼會。我相信他會做出正確的選擇。」
0x0460,Jergi,Jergi,,0x941,0,1,False,「我的妻子是個有智慧的女人，她有一些預見未來的天賦。你應該跟她談談。」
0x0460,Jergi,Jergi,,0x9ab,0,1,False,「我不知道你在說什麼。我對一位名叫 Nicodemus 的法師，或是他的沙漏一無所知。要小心——這些天法師們都相當瘋狂！」
0x0460,Jergi,Jergi,,0xa4d,0,1,False,「願你的努力獲得許多好運。」
0x0461,Mikos,Mikos,,0x0,0,1,False,Mikos 在友誼會的集會中陷入冥想，沒有聽到你的聲音。
0x0461,Mikos,Mikos,,0x4a,0,1,False,「我必須趕去參加友誼會集會！我們下次再聊！」
0x0461,Mikos,Mikos,,0xb0,0,1,False,一個面帶冷笑的男人看著你靠近。他懷疑地東張西望。
0x0461,Mikos,Mikos,,0xf9,0,1,False,Mikos 聳了聳肩，嘆了口氣。「你這次又想要什麼？」
0x0461,Mikos,Mikos,,0x13f,0,1,False,「我是 Mikos 。」
0x0461,Mikos,Mikos,,0x156,0,1,False,「我是 Minoc 礦場的工頭。」
0x0461,Mikos,Mikos,,0x189,0,1,False,他往地上吐了口口水。「去他們的！在這裡我很安全，遠離他們所有的爭吵。接下來，他們就要互相殘殺了。」
0x0461,Mikos,Mikos,,0x21d,0,1,False,「這座礦場由不列顛尼亞礦業公司經營。它位於曾經是 Covetous 地城的地方。他們使用訓練有素的礦工和特殊的採礦設備來開採鐵礦石、鉛和其他礦物。」
0x0461,Mikos,Mikos,,0x2f6,0,1,False,「因為機器正在維修，目前大部分的礦工都不在。現在我們有兩位工程師 Owings 和 Malloy 在主隧道的一個分支裡。別打擾他們，因為他們正在進行一個特殊專案。我們還有一個石像鬼 Fodus ，他在幫忙維持礦場通常運作的樣子。」
0x0461,Mikos,Mikos,,0x434,0,1,False,「這地方充滿了非常危險的機器，如果你不知道自己在做什麼的話。你絕對不想看到如果有人靠得太近，那些挖掘裝置會對他造成什麼下場！」
0x0461,Mikos,Mikos,,0x4f2,0,1,False,Mikos 緩緩地搖了搖頭。「我不知道不列顛尼亞礦業公司是從哪裡找到他們的。」
0x0461,Mikos,Mikos,,0x55c,0,1,False,你向 Mikos 複述了你聽到 Fodus 說的話。 Mikos 露出震驚的表情。「我完全不知道他在說什麼，但我只能說這是石像鬼的典型行為。只是想逃避責任而已。聽著，如果你把時間都花在擾亂礦場工作上，那你最好離開這個地方！」
0x0461,Mikos,Mikos,,0x684_0x6a3,0,1,True,「別在這裡到處亂逛，<HONORIFIC>。你應該馬上離開。」
0x0462,Saralek,Saralek,,0x0,0,1,False,這個生物無視了你。
0x0462,Saralek,Saralek,,0x1d,0,1,False,這個像猿猴般的雌性顯得很緊張。
0x0462,Saralek,Saralek,,0x4b,0,1,False,這個雌性森靈顯得很緊張。
0x0462,Saralek,Saralek,,0x70,0,1,False,Saralek 向你打招呼。「向你說聲哈囉，人類。」
0x0462,Saralek,Saralek,,0xde,0,1,False,她退縮了一會兒，然後小心翼翼地走上前。「我被稱為 Saralek 。」
0x0462,Saralek,Saralek,,0x136,0,1,False,「『職業』不被理解。你是指家人嗎？」
0x0462,Saralek,Saralek,,0x174,0,1,False,「是的，我是一個家庭的一份子。銀葉樹是我的家。我與 Trellek 結為伴侶。」
0x0462,Saralek,Saralek,,0x1e5,0,1,False,「 Trellek 是我的丈夫。」
0x0462,Saralek,Saralek,,0x207,0,1,False,「你見過 Trellek 了？」她驕傲地微笑著，又往前邁進了一步。「他說了什麼？」
0x0462,Saralek,Saralek,,0x27e,0,1,False,「銀葉樹越來越少了。很多樹經常被砍伐。很快地，我們的家園就不會再有銀葉樹了。」
0x0462,Saralek,Saralek,,0x2fb,0,1,False,「這些樹被一個拿著閃亮、鋒利物品的人類砍倒了。」
0x0462,Saralek,Saralek,,0x344,0,1,False,「加入你們是他的願望嗎？」
0x0462,Saralek,Saralek,,0x36c,0,1,False,她想了一會兒。「我並不希望他離開。」她轉頭直視著你。「但是，加入你們或許是明智之舉。」她嘆了一口氣。
0x0462,Saralek,Saralek,,0x403,0,1,False,「必須先獲得 Salamon 的允許。然後我才會給予許可。為此你需要再回到我這裡。」
0x0462,Saralek,Saralek,,0x478,0,1,False,「太好了！」她看起來非常高興且鬆了一口氣。
0x0462,Saralek,Saralek,,0x4b8,0,1,False,「她是一位非常充滿智慧的森靈。她見過很多人類。知識和經驗是她的天賦。」
0x0462,Saralek,Saralek,,0x522,0,4,False,她的雙眼開始泛起淚光。
0x0462,Saralek,Saralek,,0x522,1,4,False,「對不起。我撒了個謊。我並不希望 Trellek 離開。我不會給予許可。」
0x0462,Saralek,Saralek,,0x522,2,4,False,她的表情變了。
0x0462,Saralek,Saralek,,0x522,3,4,False,「你要求他的原因是什麼？」
0x0462,Saralek,Saralek,,0x5fb,0,1,False,「冒險不是 Trellek 的願望。」
0x0462,Saralek,Saralek,,0x623,0,1,False,她聳了聳肩。
0x0462,Saralek,Saralek,,0x636,0,2,False,她興奮地微笑了。
0x0462,Saralek,Saralek,,0x636,1,2,False,「你的願望是見到鬼火？」
0x0462,Saralek,Saralek,,0x675,0,1,False,「我有個關於 Trellek 能如何幫助你的主意。 Trellek 的口哨聲可以和鬼火聯繫。或許他可以為你做一個哨子。你接下來應該再去和他談談。」
0x0462,Saralek,Saralek,,0x72d,0,1,False,「哦。」她似乎又變得沮喪了。
0x0462,Saralek,Saralek,,0x758,0,1,False,「向你說聲再見，人類。」
0x0463,Fodus,Fodus,,0x0,0,1,False,你看到一隻沒有翅膀的石像鬼，患有可怕的皮膚病。看起來他的臉似乎正一塊塊地掉下來。
0x0463,Fodus,Fodus,,0x79,0,1,False,「要些別的嗎？」Fodus 問道。
0x0463,Fodus,Fodus,,0xb6,0,1,False,「名叫 Fodus 。」
0x0463,Fodus,Fodus,,0xcd,0,1,False,「是礦場裡的挖掘工。正在尋找鐵礦石和鉛，還有……」
0x0463,Fodus,Fodus,,0x126,0,1,False,「祕密的礦石……」
0x0463,Fodus,Fodus,,0x142,0,1,False,一陣譫妄襲過這隻石像鬼。「現……現在回去工作，Mikos！……要努力工作！……不需要再給我銀色液體了……」
0x0463,Fodus,Fodus,,0x1f2,0,1,False,「被稱為……黑石。」
0x0463,Fodus,Fodus,,0x218,0,1,False,「是位於礦場隱藏區域的礦脈……」石像鬼翻了個白眼。他顯然病得不輕。
0x0463,Fodus,Fodus,,0x27c,0,1,False,「需要毒液……要更多的毒液……」
0x0463,Fodus,Fodus,,0x2ad,0,1,False,「現在要回去工作了， Mikos ……」
0x0464,Tavenor,Tavenor,,0x0,0,1,False,這個生物無視了你。
0x0464,Tavenor,Tavenor,,0x1d,0,2,False,你面前這個像猿猴般的生物非常謹慎地靠近。在上下打量你幾分鐘後，他對你歪了歪頭。
0x0464,Tavenor,Tavenor,,0x1d,1,2,False,「你是人類。」
0x0464,Tavenor,Tavenor,,0xaa,0,2,False,你面前這個森靈非常謹慎地靠近。在上下打量你幾分鐘後，他對你歪了歪頭。
0x0464,Tavenor,Tavenor,,0xaa,1,2,False,「你是人類。」
0x0464,Tavenor,Tavenor,,0x128,0,1,False,「我向你問候，人類。」 Tavenor 緩慢地靠近。
0x0464,Tavenor,Tavenor,,0x17a,0,1,False,「我的名字是 Tavenor 。」
0x0464,Tavenor,Tavenor,,0x19c,0,1,False,「我不明白『職業』的意思。」
0x0464,Tavenor,Tavenor,,0x1d4,0,1,False,「我沒有職業。我和我的家人負責收集食物。」
0x0464,Tavenor,Tavenor,,0x21b,0,1,False,「我現在理解『職業』了。我沒有職業。我和我的家人負責收集食物。」他仔細地觀察你。「你的職業是砍伐銀葉樹，對吧？」
0x0464,Tavenor,Tavenor,,0x2c4,0,1,False,「和我預料的一樣。你是一個威脅。請你停止。」他轉過身去。
0x0464,Tavenor,Tavenor,,0x31a,0,1,False,「我明白這是真相，但，我很難相信。」
0x0464,Tavenor,Trellek,,0x353,0,1,False,「這個人類說的是實話，」 Trellek 對另一個森靈說。「他是值得信任的。我能感受到他的善意。」
0x0464,Tavenor,Tavenor,,0x3d6,0,1,False,這個森靈對 Trellek 點點頭，然後轉向你。「我現在清楚真相了。祝你好運。」
0x0464,Tavenor,Tavenor,,0x43d,0,1,False,這個森靈又多看了你一會兒。「我知道你的好意。請你做個傳信人。人類請不要成為破壞者。」
0x0464,Tavenor,Tavenor,,0x4c6,0,2,False,「水果和牛奶是森靈的食物。我特別喜歡水果。肉類，」他搖搖頭，
0x0464,Tavenor,Tavenor,,0x4c6,1,2,False,「不被森靈喜歡。」
0x0464,Tavenor,Tavenor,,0x553,0,1,False,「牛奶很好。我比較喜歡加了蜂蜜的牛奶。」
0x0464,Tavenor,Tavenor,,0x597,0,1,False,「銀葉樹是森靈的家園。」
0x0464,Tavenor,Tavenor,,0x5bc,0,1,False,「肉類來自被殺死的動物。殺戮是不好的。破壞是不好的。」
0x0464,Tavenor,Tavenor,,0x60e,0,1,False,「水果很好吃而且很甜——就像蜂蜜一樣！」
0x0464,Tavenor,Tavenor,,0x64b,0,1,False,「蜂蜜是所有森靈最喜歡的食物！」
0x0464,Tavenor,Tavenor,,0x67c,0,1,False,「跟你說聲『再見』。」
0x0465,Salamon,Salamon,,0x0,0,1,False,這個生物無視了你。
0x0465,Salamon,Salamon,,0x1d,0,1,False,你看到一隻乾癟的雌性猿猴般生物。
0x0465,Salamon,Salamon,,0x4e,0,1,False,你看到一隻乾癟的雌性森靈。
0x0465,Salamon,Salamon,,0x76,0,1,False,「向你致敬，人類。」
0x0465,Salamon,Salamon,,0xb2,0,1,False,「我是 Salamon ，」她說。
0x0465,Salamon,Salamon,,0xd4,0,1,False,「我沒有職業。所有森靈都沒有職業。收集食物和建造庇護所就是森靈的工作。」
0x0465,Salamon,Salamon,,0x141,0,2,False,她嚴厲地看了你一眼。
0x0465,Salamon,Salamon,,0x141,1,2,False,「有一份給 Trellek 的工作。」
0x0465,Salamon,Salamon,,0x1a6,0,1,False,「銀葉樹是能找到森靈家園的地方。」
0x0465,Salamon,Salamon,,0x1da,0,1,False,「森靈只吃水果、蔬菜和乳製品。也會吃麵包。」
0x0465,Salamon,Salamon,,0x248,0,1,False,「牛奶、起司和奶油都是乳製品。」
0x0465,Salamon,Salamon,,0x279,0,1,False,「森靈很難製作麵包。森靈沒有爐子或烤箱。但麵包很受歡迎。」
0x0465,Salamon,Salamon,,0x2d1,0,1,False,「水果和蔬菜是我們的最愛。很多都是甜的。」
0x0465,Salamon,Salamon,,0x318,0,1,False,「甜食是森靈所渴望的。蜂蜜是最甜的！你還有更多的蜂蜜嗎？」
0x0465,Salamon,Salamon,,0x370,0,2,False,她睜大雙眼，嘴唇微張，露出一個非常燦爛且充滿希望的微笑。
0x0465,Salamon,Salamon,,0x370,1,2,False,「你會給更多的蜂蜜嗎？」
0x0465,Salamon,Salamon,,0x3eb,0,1,False,「感謝你，」她說著，收下了蜂蜜。
0x0465,Salamon,Salamon,,0x41c,0,1,False,「你開了個卑劣的玩笑，」她皺著眉頭說。
0x0465,Salamon,Salamon,,0x456,0,2,False,她似乎很驚訝，但很快就恢復了。
0x0465,Salamon,Salamon,,0x456,1,2,False,「我理解你的感受，」她嘆了口氣。
0x0465,Salamon,Salamon,,0x4b6,0,1,False,她嘆了口氣，明顯感到失望。
0x0465,Salamon,Salamon,,0x4de,0,1,False,「森靈不吃死去的動物屍肉——也就是人類所謂的『肉』。」
0x0465,Salamon,Salamon,,0x541,0,1,False,「肉沒有好味道，」她渾身發抖。「這不是我們的偏好！」
0x0465,Salamon,Salamon,,0x590,0,1,False,「森靈痛恨所有暴力。不希望有任何殺戮，即使是為了你們人類所謂的食物。」
0x0465,Salamon,Salamon,,0x5fa,0,1,False,她從你手中接過文件，看到 Ben 的簽名時笑了。「允許 Trellek 加入你們。祝你們好運，一路順風。」
0x0465,Salamon,Salamon,,0x67e,0,1,False,「我必須看到那份簽署過的合約。」
0x0465,Salamon,Salamon,,0x6af,0,2,False,「稍後會給你許可。但必須先完成一項任務。
0x0465,Salamon,Salamon,,0x6af,1,2,False,「森林西部住著一個伐木工。他正在砍伐銀葉樹。 森靈的家就在銀葉樹上。必須讓伐木工簽署停止砍伐的合約。」
0x0465,Salamon,Salamon,,0x785,0,1,False,「你了解我的條件了嗎？」不等你回答，她就遞給你一份文件。
0x0465,Salamon,Salamon,,0x7da,0,1,False,「你現在擁有這份合約了。」
0x0465,Salamon,Salamon,,0x802,0,1,False,「你的裝備空間不足，無法容納這份合約。」
0x0465,Salamon,Salamon,,0x83f,0,3,False,「 Trellek 是另一個 森靈。你應該去和他說話。
0x0465,Salamon,Salamon,,0x83f,1,3,False,「森林和銀葉樹受到了很大的破壞。這些破壞是你們的人造成的，人類。彌補破壞的責任也在你身上，人類。
0x0465,Salamon,Salamon,,0x83f,2,3,False,「你應該去找 Trellek ，」她強調說。「應該邀請他加入你。」
0x0465,Salamon,Salamon,,0x962,0,1,False,「我祈求你能平安，人類。」
0x0466,Nicodemus,Nicodemus,,0x30,0,1,False,你的老朋友 Nicodemus 的眼神顯得很遙遠。
0x0466,Nicodemus,Nicodemus,,0x66,0,1,False,「你是誰？」 Nicodemus 問。「噢，我記得了。記得 (Remember) 皮得 (demember) ！哈 哈 哈！」
0x0466,Nicodemus,Nicodemus,,0xda_0xee,0,1,True,「又見面了， <PLAYER_NAME>，」 Nicodemus 說。
0x0466,Nicodemus,Nicodemus,,0x106,0,1,False,「這是一個非常好的問題。有些日子我真的能記得。讓我想想……今天……對！我是 Nicodemus ！ Nicodomus ！ Nicodimus ！ Nico-nico-kukodamus ！哈 哈 哈！」
0x0466,Nicodemus,Nicodemus,,0x1c9,0,1,False,「你在跟 Nicodemus 說話。」
0x0466,Nicodemus,Nicodemus,,0x1ed,0,1,False,「絕對是瘋了！因為那確實正在發生！我的魔法失效了！每次我試圖把東西變成龍 (drake) ，牠就只會變成蠑螈 (newt) ！喔，蠑螈-蠑螈 蹦蹦-跳跳！ (newty-wewty scooty-booty!) 」他對著身旁一個想像中的生物說話。「誰問你了？走開！」他轉向你。「抱歉。那隻該死的蠑螈一直試圖破壞我的談話。總之……我想我可以賣給你一些秘藥、藥水或法術。我必須『某牛』 (somecow) 維生。我是說『設法』 (somehow) 維生！那是『一些牛』 (Some Cow) ！哈 哈 哈！」
0x0466,Nicodemus,Nicodemus,,0x446,0,1,False,「哎呀，為了施展魔法啊！看來以太的干擾已經修復了！我也能賣給你一些秘藥或法術。」
0x0466,Nicodemus,Nicodemus,,0x4cd,0,1,False,「魔法？什麼魔法！？世界上所有的魔法都已經完全亂套了！喔，糊裡糊塗！哈 哈 哈！這些字很蠢，不是嗎？可惜它們沒有魔力！哈 哈 哈！」
0x0466,Nicodemus,Nicodemus,,0x58c,0,1,False,「以太修復了。全世界的法師都欠你一個人情。」
0x0466,Nicodemus,Nicodemus,,0x5cf,0,1,False,「你想買些法術嗎？」
0x0466,Nicodemus,Nicodemus,,0x5ee,0,1,False,「那就算了！」
0x0466,Nicodemus,Nicodemus,,0x604,0,1,False,「你想買些秘藥嗎？」
0x0466,Nicodemus,Nicodemus,,0x5ee,0,1,False,「那就算了！」
0x0466,Nicodemus,Nicodemus,,0x623,0,1,False,"「藥水 (Potions) ？你怎麼會覺得我有藥水？你確定你不想要乳液 (Lotions) ？我絕對有乳液！ Otions, slotions, motions, votions ！哈 哈 哈！等等！喔，對了！我確實有藥水！我告訴過你的，不是嗎！讓我們看看……我這裡有這瓶黑色的藥水。我不太確定它具體的作用，但我很確定它能讓人隱形。"
0x0466,Nicodemus,Nicodemus,,0x79e,0,1,False,「是的，我有藥水。嗯，我有這瓶黑色的。這是一瓶隱形藥水。
0x0466,Nicodemus,Nicodemus,,0x7f3,0,1,False,「你想要它嗎，比方說，75 個金幣？」
0x0466,Nicodemus,Nicodemus,,0x827,0,1,False,「這是藥水。」
0x0466,Nicodemus,Nicodemus,,0x83d,0,1,False,「你沒有足夠的空間來攜帶藥水！」
0x0466,Nicodemus,Nicodemus,,0x86e,0,1,False,「你想騙我嗎？你沒有足夠的金幣！」
0x0466,Nicodemus,Nicodemus,,0x8a2,0,1,False,「那你為什麼要提？別煩我！」
0x0466,Nicodemus,Nicodemus,,0x8cd,0,1,False,「滴答滴答領主 (Timey Limey Lord) ？嗯。我不認識他。等等！對，我認識。他是不是留著黑色大鬍子，還穿著三條褲子？不！我知道他是誰了。他是前幾天來修我日晷的傢伙，對吧？」
0x0466,Nicodemus,Nicodemus,,0x9bd,0,1,False,「我就知道！告訴他那該死的東西還是壞的！它給了我三個影子！ Dadows badows whoopeee ！哈 哈 哈！」
0x0466,Nicodemus,Nicodemus,,0xa41,0,1,False,「他不是嗎？嗯。那他一定是我沒想到的那個人！」
0x0466,Nicodemus,Nicodemus,,0xa87,0,1,False,「等等！我記起來了！他是我的騎士橋棋對手！我們在我家北邊的騎士橋棋場地玩。」
0x0466,Nicodemus,Nicodemus,,0xafa,0,1,False,「我好幾個月沒跟時間領主說過話了！那老傢伙好嗎？代我向他問好。告訴他我很想念我們的騎士橋棋遊戲！」
0x0466,Nicodemus,Nicodemus,,0xb9b,0,1,False,「這是一種真人大小的棋盤遊戲。我這附近應該有一本書裡面寫著規則。」
0x0466,Nicodemus,Nicodemus,,0xbff,0,1,False,「是的，我剛剛給它附了魔。」
0x0466,Nicodemus,Nicodemus,,0xc2a,0,1,False,「這個時間領主告訴你什麼？一個沙漏！我沒有什麼見鬼的沙漏！玻璃-玻璃 沙漏-沙漏！ (Glassy wassy hoursplassy!) 哈 哈 哈！等等！一個附魔的沙漏？這聽起來很耳熟。叮叮噹噹！哈 哈 哈！等等！我記得了。我以前有一個沙漏。我把它賣了。賣給了一個吉普賽人。還是一個古董商？我想我可能把它賣給了不列顛城的一個吉普賽古董商。或是 Paws 。在那片土地上的某個地方。但如果我沒記錯的話，那個沙漏的魔力已經用光了，這就是我賣掉它的原因。我想如果以太修復了，我或許可以重新給它附魔。把它帶來給我，我們看看能做些什麼。我知道了！我們可以來一場激烈的西洋棋！但前提是必須總是由我發牌。我不信任你。」
0x0466,Nicodemus,Nicodemus,,0xf67,0,1,False,「我的舊沙漏！我當然記得它！我相信我把它賣給了 Paws 的一個古董商。如果你能把它帶來給我，我或許可以重新給它附魔。」
0x0466,Nicodemus,Nicodemus,,0x1010,0,3,False,「這是什麼？某種沙漏？等等！它看起來有點眼熟！小偷！！這是我的沙漏！我找它找了好幾年了！你從哪裡弄來的，無賴？我要把你變成一隻鴨子！」
0x0466,Nicodemus,Nicodemus,,0x1010,1,3,False,Nicodemus 念了個法術並指著你，但什麼事也沒發生。
0x0466,Nicodemus,Nicodemus,,0x1010,2,3,False,「天啊！你跟我一樣不是隻會嘎嘎叫的鴨子。什麼都沒用了。嘎嘎 懶鬼 哇哇 飛飛！ (Quacker slacker wacker flacker!) 哈 哈 哈！」
0x0466,Nicodemus,Nicodemus,,0x11c4,0,1,False,「我的舊沙漏！我想我可以重新恢復它的魔力。」
0x0466,Nicodemus,Nicodemus,,0x1207,0,2,False,「附魔？你想要我給這件破東西附魔？你一定是有個蟾蜍腦袋！蟾蜍 蟾蜍 蟾蜍！ (Toady woady bloady coady!) 哈 哈 哈！
0x0466,Nicodemus,Nicodemus,,0x1207,1,2,False,幫我個忙，聖者先生。修好那該死的以太，好嗎？做到了我就能給你的玻璃沙漏 (glourblass) 附魔。我是說麵粉沙漏 (floursass) 。我是說沙漏 (hourglass) 。把這告訴你的『時間領主』。你還可以告訴他，他需要洗個澡了。」
0x0466,Nicodemus,Nicodemus,,0x13be,0,1,False,「我很樂意為沙漏附魔。在解放以太之後，我欠你一個天大的人情。讓我看看它……」
0x0466,Nicodemus,Nicodemus,,0x1431,0,2,False,Nicodemus 拿過沙漏，研究了一會兒。他把它放在桌上，閉上眼睛集中精神。他念了幾個字，向空中撒了一些秘藥，然後把手拂過這件神器。
0x0466,Nicodemus,Nicodemus,,0x1431,1,2,False,「這樣應該就行了。」他把沙漏交還給你。
0x0466,Nicodemus,Nicodemus,,0x1522,0,1,False,「它在哪裡？你沒有沙漏！」
0x0466,Nicodemus,Nicodemus,,0x154a,0,1,False,「再見，再見，再見，再見，再見！哈 哈 哈！」
0x0466,Nicodemus,Nicodemus,,0x158d_0x159b,0,1,True,「再見， <PLAYER_NAME>。」
0x0467,Thad,Thad,,0x0,0,1,False,這個男人對你怒目而視。「你戴著那個最邪惡組織的標誌，友誼會。準備受死吧！」
0x0467,Thad,Thad,,0x71,0,1,False,你面前的男人仔細地打量著你，擺出了一個充滿攻擊性的姿勢。
0x0467,Thad,Thad,,0xc6_0xd4,0,1,True,「日安， <HONORIFIC>，」 Thad 冷冷地說。
0x0467,Thad,Thad,,0x105_0x13f,0,1,True,他盯著你看了一會兒。「我的名字是 Thad ，<HONORIFIC>。」
0x0467,Thad,Thad,,0x146,0,1,False,「職業？我沒時間做什麼工作。我的使命是為這片土地剷除那些為非作歹的瘟疫！」
0x0467,Thad,Thad,,0x1c4,0,1,False,「我為此奉獻了我的一生，沒有什麼能阻擋我，連巴特林也不能。」
0x0467,Thad,Thad,,0x229,0,1,False,「他是那個被詛咒的組織，友誼會的首領！」
0x0467,Thad,Thad,,0x270,0,1,False,「你肯定聽過友誼會，一個最齷齪邪惡的組織。它甚至已經入侵了美麗的 Yew 森林！」
0x0467,Thad,Thad,,0x2e6,0,2,False,「我對他們的做法所知甚少，但我知道他們的行為超越了道德倫理的底線。他們綁架了我親愛的妹妹， Millie ，並對她施了某種蠱惑的法術。現在她過著和他們一樣的生活。我發誓要解除這個邪惡的法術，如果有必要，我會殺光整個組織！
0x0467,Thad,Thad,,0x2e6,1,2,False,我想，你也肩負著類似的使命吧。是嗎？」
0x0467,Thad,Thad,,0x45c_0x13f,0,1,True,「太好了。」他握了握你的手。「你確實是一位值得尊敬的戰士，<HONORIFIC>。」
0x0467,Thad,Thad,,0x4b4,0,1,False,「不是？」他似乎真的很驚訝。「那麼或許你會考慮以你自己的方式接下我的使命。」
0x0467,Thad,Thad,,0x527,0,1,False,「這在我的意料之中。你真的是一位光榮的戰士。」
0x0467,Thad,Thad,,0x56d,0,1,False,「你算是哪門子的無賴？在我決定結束你這可悲的生命之前，快從我眼前滾開！」
0x0467,Thad,Thad,,0x5db,0,1,False,「我了解這片土地，但不了解這裡的人。我沒有什麼有用的消息可以告訴你。」他沉思了一會兒。「或許我可以幫你一點忙。我確實知道有兩個獵人有時會出沒在這個區域。其中一個是女人，帶著長矛。另一個是弓箭手。這是我能告訴你的全部了。」
0x0467,Thad,Thad,,0x726_0x754,0,1,True,「願你的努力能結出豐碩的果實，<HONORIFIC>。」
0x0468,Bradman,Bradman,,0x15,0,1,False,你看到一個男人倚著一把長弓。
0x0468,Bradman,Bradman,,0x40_0x64,0,1,True,Bradman 向你打招呼。「嗨，<HONORIFIC>。」
0x0468,Bradman,Bradman,,0x6b,0,1,False,「我是 Bradman 。」
0x0468,Bradman,Bradman,,0x84,0,1,False,「哎呀，我的工作就是訓練許多來 Yew 的人變得更加敏捷。」
0x0468,Bradman,Bradman,,0xed,0,3,False,「森林吸引了許多想遠離 Minoc 和不列顛城這樣的大城鎮的人。所以他們來到 Yew 。
0x0468,Bradman,Bradman,,0xed,1,3,False,而且，這片森林的某些特質讓大多數人想要探索。」他拍了拍他的弓。
0x0468,Bradman,Bradman,,0xed,2,3,False,「這就是它派上用場的時候了。弓是森林裡的生存工具。而我，」他用大拇指指著自己的胸口，「負責教導使用弓的技巧。」
0x0468,Bradman,Bradman,,0x26b,0,1,False,「森林裡有許多令人興奮的事物可以看。我每天都會看到有趣的東西：一種新鳥、一隻美麗的蝴蝶，或者最棒的——一隻鹿。」
0x0468,Bradman,Bradman,,0x314,0,1,False,「這是我首選的武器。它需要敏銳的眼睛和穩定的手臂才能準確射擊。我認為它比劍或長矛等武器更需要技巧。」
0x0468,Bradman,Bradman,,0x3ab,0,1,False,「我愛這片森林。它非常美麗。而且，」他舉起弓，「我搬到這裡來是為了靠近兩位偉大的弓箭手， Iolo 和 Tseramed 。」
0x0468,Bradman,Iolo,,0x44a,0,1,False,Iolo 臉紅了。「這是我的榮幸，我的朋友。我都不知道在這片土地上有我的崇拜者。」他向 Bradman 鞠躬， Bradman 也鞠躬回禮。
0x0468,Bradman,Tseramed,,0x4f0,0,1,False,「謝謝你的讚美，好先生。或許我們未來可以找個時間切磋一下。」
0x0468,Bradman,Bradman,,0x54c,0,1,False,「這將是我莫大的榮幸，大人！」
0x0468,Bradman,Bradman,,0x583,0,1,False,「他是一位居住在森林裡的偉大弓箭手。他搬到這裡來是為了遠離發展過快的城鎮。」
0x0468,Bradman,Bradman,,0x5f6,0,1,False,「如果你想訓練，我的收費是 30 個金幣。你還有興趣嗎？」
0x0468,Bradman,Bradman,,0x646_0x64,0,1,True,「我了解，<HONORIFIC>。」
0x0468,Bradman,Bradman,,0x656,0,1,False,「你見過 Penni 了？我希望你沒有跟她一起訓練，」他眨了眨眼。「她是一個珍貴的朋友，但她打獵的技術就像根雜草，而且笨拙得像頭牛。我恐怕她對戰鬥一無所知。」
0x0468,Bradman,Bradman,,0x736_0x752,0,1,True,「願樹木為你讓路，<HONORIFIC>。」
0x0469,Sir Jeff,Sir Jeff,,0x15,0,1,False,這名男子用嚴厲、懷疑的眼光跟你打招呼。
0x0469,Sir Jeff,Sir Jeff,,0x4f_0x66,0,1,True,「你有何貴幹， <HONORIFIC>？」
0x0469,Sir Jeff,Sir Jeff,,0x6d_0x87,0,1,True,「我是 Jeff 爵士， <HONORIFIC>。」
0x0469,Sir Jeff,Sir Jeff,,0x8e,0,1,False,「我是這修道院裡監獄的高等法院官員。」
0x0469,Sir Jeff,Sir Jeff,,0xd9,0,1,False,「我是不列顛尼亞官府司法部門的人。我的工作就是確保罪犯受到法律制裁。」
0x0469,Sir Jeff,Sir Jeff,,0x14a,0,1,False,「我們已經有兩名囚犯了，但還有很多無賴逍遙法外。」
0x0469,Sir Jeff,Sir Jeff,,0x1a4,0,1,False,「你當然沒見過他們，」他眉頭深鎖，「但我們有一個海盜，還有，」他停頓了一下，「一個巨魔 (troll) 。如果你想見他們，去跟獄卒 Goth 談談。」
0x0469,Sir Jeff,Sir Jeff,,0x26d,0,1,False,「自己去看吧，關於已知惡棍的公告都在法庭的日誌本裡。」
0x0469,Sir Jeff,Sir Jeff,,0x2bf,0,1,False,「他才在這裡工作了幾個星期，但我已經知道他不可靠。他身上明顯有一種肆無忌憚的氣質。他不是你的朋友，對吧？」
0x0469,Sir Jeff,Sir Jeff,,0x35f,0,1,False,「我就知道。」他轉身不看你。
0x0469,Sir Jeff,Sir Jeff,,0x38b,0,1,False,「不是，」他緊緊盯著你說，「他當然不是。」
0x0469,Sir Jeff,Sir Jeff,,0x3cb,0,1,False,「僧侶們在那裡生活和學習，但他們除了釀酒幾乎什麼都不做。嗯，我知道他們其中有一個人在打理花園。」
0x0469,Sir Jeff,Sir Jeff,,0x45c_0x87,0,1,True,「讓你的身心保持在正道上， <HONORIFIC>。」
0x046A,Tiery,Tiery,,0x15,0,1,False,你看到一個不修邊幅卻又有些衣冠楚楚的男人在自言自語。
0x046A,Tiery,Tiery,,0x64_0x8d,0,1,True,「呃，那是啥？喔，是你啊， <HONORIFIC>。」
0x046A,Tiery,Tiery,,0x94_0x8d,0,1,True,「我叫 Tiery ， <HONORIFIC>。」
0x046A,Tiery,Tiery,,0xa9,0,1,False,「呃，那又怎樣？喔，我的工作。哎呀，我好好照顧著這人神修道院墓園裡的朋友們，真的。」
0x046A,Tiery,Tiery,,0x142,0,1,False,「你說我『對 Abby 發情』是什麼意思。我當然沒有。我從來沒靠近過 Abby 。誰告訴你的？」
0x046A,Tiery,Tiery,,0x1cb_0x20c,0,1,True,「人神修道院？哎呀，這裡就是人神修道院啊， <HONORIFIC>。我無意打聽，但如果你不知道自己在哪裡，你幹嘛來這？」他搖搖頭。「就像我前幾天跟 Darek 說的，我說『如果你永遠不想迷路，就永遠哪裡都別去。』」
0x046A,Tiery,Tiery,,0x2dd,0,1,False,「屍體怎麼了？我只不過是把他們埋了而已！像那樣散播謠言會惹上大麻煩的。」
0x046A,Tiery,Tiery,,0x358,0,1,False,「Barry ？喔，他。我不知道你在說什麼。我從來沒見過 Barry 的老婆！那只是他們散播的關於我的謊言。」
0x046A,Tiery,Tiery,,0x3ea,0,1,False,「我已經告訴過你那是我的工作了。」
0x046A,Tiery,Tiery,,0x41e_0x489,0,1,True,「沒錯。我的朋友們！我埋了他們。這是我的工作。」他瞇著眼看你。「除非， <HONORIFIC>，你是在問這裡的人？」
0x046A,Tiery,Tiery,,0x4af_0x4f6,0,1,True,「沒有！我當然沒用偷窺孔。你怎麼會問這種問題， <HONORIFIC>？」
0x046A,Tiery,Tiery,,0x507,0,1,False,「嗯，我只認識這裡的幾個人，但我會盡量幫忙。你想知道誰的事？我最好的兩個朋友是 Garth 和 Darek ，但我一有機會也常跟 Nina 和 Bart 聊天。
0x046A,Tiery,Tiery,,0x5c6_0x648,0,1,True,「最近，對面的那個叫 Perrin 的傢伙花了一些時間跟我在一起。他是個很好的人。或許有點聰明， <HONORIFIC>，但我還是很喜歡他。你還想知道其他誰的事嗎？」
0x046A,Tiery,Tiery,,0x68e_0x6c8,0,1,True,「嗯，問那個叫 Perrin 的傢伙會比問我好， <HONORIFIC>。他知道很多事，他真的懂。」
0x046A,Tiery,Tiery,,0x6f3,0,1,False,「好吧，很高興能介紹幾個朋友給你認識。」
0x046A,Tiery,Tiery,,0x730_0x73e,0,1,True,「日安， <HONORIFIC>。祝你旅途愉快。我會替你向 Malc 問好的。」
0x046B,Iskander,Iskander,,0x7,0,1,False,你看到一個巨大的獨眼巨人。牠看著你，惱怒地眨著眼睛。
0x046B,Iskander,Iskander,,0x56,0,1,False,「你要做什麼？」 Iskander 說。
0x046B,Iskander,Iskander,,0xa4,0,1,False,「我是鐵心氏族 (Ironheart) 的人，是 Valador 的第十一個兒子。他們叫我 Iskander 。」
0x046B,Iskander,Iskander,,0x110,0,1,False,「我的獨眼巨人族人說我是個英雄。你們許多人類說我是個怪物。毫無疑問，真相介於兩者之間。」
0x046B,Iskander,Iskander,,0x1a3,0,1,False,「一百八十九年前，當那七位凝視者 (Gazer) 王子用魔法偷走我們部落首領的眼睛時，我殺了他們，但這些事現在已經是古老的歷史，不再重要了。」
0x046B,Iskander,Iskander,,0x285,0,1,False,「在無數次的情況下，我讓那些誤以為我們種族只配被掠奪的人類入侵者落得悲慘的下場。但我跟你無冤無仇。」他停下來仔細端詳你。「目前是這樣。」
0x046B,Iskander,Iskander,,0x356,0,1,False,「你知道我的名字，但我還不知道你的名字。我喜歡知道我在跟誰說話。你的名字是什麼？」
0x046B,Iskander,Iskander,,0x3d2,0,1,False,「我聽過你的事，聖者。我知道你以前曾與我們同類發生過衝突。但我也聽過關於你的英雄事蹟和精神探索的故事，我相信你是一個公正高尚的人。你可以稱我為朋友。」
0x046B,Iskander,Iskander,,0x4b4_0x4ce,0,1,True,「很高興認識你， <PLAYER_NAME>。」
0x046B,Iskander,Iskander,,0x4d5,0,1,False,「我部落的人是安靜的人民。他們在岩石土壤上耕作，同時也是非常好的工具製造者。我被派去為他們尋找新的家園。」
0x046B,Iskander,Iskander,,0x57c,0,1,False,「獨眼巨人的眼睛對不列顛尼亞一些不那麼文明的種族來說，被視為一種珍饈。曾經有兩次邪惡的生物試圖奪取我的眼睛，而我也兩次吃了他們的心臟。」
0x046B,Iskander,Iskander,,0x649,0,1,False,「然後他們叫我『神奇男孩 (Wonder Boy) 』。近一百年來，那都是我的綽號。當他們不再那麼叫我時，我非常感激！」
0x046B,Iskander,Iskander,,0x6ef,0,1,False,Iskander 瞇著眼睛看你。「別再提那個了！」
0x046B,Iskander,Iskander,,0x729,0,1,False,「我的村莊在很多天的路程之外。那裡的人們渴望一個能與周遭環境和平共處的地方。我還沒找到這樣的地方，但我會到處尋找，直到我找到為止。」
0x046B,Iskander,Iskander,,0x7fe,0,1,False,「雖然我兩百零六歲了，這對我們種族來說並不算老，但我已經有一顆老人的心。英雄的冒險對我已經沒有吸引力了。我渴望和我的族人安定下來，在田裡耕種，或在我的工坊裡製作東西度日。」
0x046B,Iskander,Iskander,,0x901,0,1,False,「我的尋找把我帶到了這個可怕的地方。我錯誤地以為既然魔法失效了，這裡會相對安全。但在這裡，我被一個可怕的謎團困惑住了。」
0x046B,Iskander,Iskander,,0x9c4,0,1,False,「站在這個地方其中一個房間的門口，我看到了一個巨大的四面體影像。當我試圖靠近它時，一陣失憶的感覺襲來。我又回到了門口。我什麼都不記得了。」
0x046B,Iskander,Iskander,,0xaa5,0,1,False,「我相信那是你們人類用來描述有四個面的多面體的詞。」
0x046B,Iskander,Iskander,,0xaf4,0,1,False,「每次我試圖靠近四面體時，這種失憶的感覺都會襲來。我不知道這是什麼邪惡的魔法。」
0x046B,Iskander,Iskander,,0xb7d,0,1,False,「既然你已經摧毀了神秘的四面體，我將完成我對這個地方的探索。我有一種感覺，我尋找的家園非常遙遠，但誰知道下一個能指引我找到它的線索會在哪裡呢。」
0x046B,Iskander,Iskander,,0xc56,0,1,False,「或許你能解開這個謎團。我到目前為止都無法解開。但我會留在這裡，直到它的秘密被揭開。」
0x046B,Iskander,Iskander,,0xcd8,0,1,False,「我警告你這個地方不安全。它潛藏著未知的危險。或許你離開這裡會比較好。」
0x046B,Iskander,Iskander,,0xd45,0,1,False,「你肯定知道魔法不再像以前那樣有效了。有人說魔法的時代已經結束了。如果是這樣，我擔心這個世界上可能沒有我族人的容身之處了。」
0x046B,Iskander,Iskander,,0xe00,0,1,False,「當然，既然你已經摧毀了四面體，所有的魔法都已經恢復了。我祝賀你的英雄事蹟！」
0x046B,Iskander,Iskander,,0xe76,0,1,False,「是的，我以前聽過這些名字。那是兩名一直追著我尋仇的戰士的名字。她們說我殺了她們的父親，我必須向你承認這是真的。我確實殺了她們的父親。」
0x046B,Iskander,Iskander,,0xf60,0,1,False,「我知道 Eiko 和 Amanda 一直在追捕我尋求復仇。我說讓她們來吧。我不會站在原地等她們，也不會逃避她們。當她們找到我時，歡迎她們試著從我這裡討回她們的正義。如果她們贏了，那也是命中注定。如果她們輸了，我也沒有遺憾。」
0x046B,Iskander,Iskander,,0x1098,0,1,False,「她們父親的名字是 Kalideth 。他患有法師的瘋狂症。他對我的攻擊是毫無理由的。出於某種原因，他把我族人歸咎於魔法失效的原因。他自己的魔法依然相當強大，我勉強在戰鬥中活了下來。我出於自衛殺了 Kalideth ，但我並不想殺他。我希望這個世界上還留存一些魔法，我和其他人一樣哀悼他的離世。」
0x046B,Iskander,Iskander,,0x122d,0,1,False,「再見，聖者。」
0x046B,Iskander,Iskander,,0x1247_0x1255,0,1,True,「再見， <PLAYER_NAME>。」
0x046B,Iskander,Iskander,,0x125d,0,1,False,「再見。」
0x046C,Reyna,Reyna,,0x15,0,1,False,這個女人閃著明亮的眼睛跟你打招呼。
0x046C,Reyna,Reyna,,0x49_0x57,0,1,True,「哈囉， <HONORIFIC>，」 Reyna 說。
0x046C,Reyna,Reyna,,0x86,0,1,False,「我是 Reyna ，」她說著，把頭髮從臉上撥開。
0x046C,Reyna,Reyna,,0xc4,0,1,False,「我是一名治療師。我選擇在靠近森林的這裡開店。」
0x046C,Reyna,Reyna,,0x11b,0,2,False,「我想在這裡生活和工作，因為這片土地非常美麗。我發現了很多可以做和可以看的事物。不幸的是，森林太廣闊了，我還沒有遇見許多住在這裡的其他人。我確實知道修道院就在我家對面。
0x046C,Reyna,Reyna,,0x11b,1,2,False,而且附近某處有一位學者。」她若有所思了一會兒。「另外，我相信在修道院東邊有一座監獄。」
0x046C,Reyna,Reyna,,0x2b3,0,1,False,「我從來沒真的看過它，」她笑著說，「但傳聞說牢房就在法庭旁邊，為了在審判後能快速、輕易地監禁。」
0x046C,Reyna,Reyna,,0x344,0,1,False,「我從 Aimi 那裡聽說他很聰明，而且……對於教導那些有興趣增加知識的人也有一點過於熱心。」
0x046C,Reyna,Reyna,,0x3cb,0,1,False,「她是在修道院打理花園的僧侶。」
0x046C,Reyna,Reyna,,0x3fc,0,1,False,「她是住在修道院的僧侶之一。目前，她是我在這片森林裡唯一真正見過的其他人。」
0x046C,Reyna,Reyna,,0x46f,0,2,False,「這就是這個區域——人神修道院——名字的由來，得名於住在玫瑰友誼會修道院裡的僧侶。據說他們釀的酒很美味。其中一位僧侶在閒暇時照料著一個美麗的花園。事實上，我經常向她買花。
0x046C,Reyna,Reyna,,0x46f,1,2,False,但是，」她咧嘴一笑，「至於其他的僧侶，我只看過他們釀酒和在鄉間閒晃。」
0x046C,Reyna,Reyna,,0x5e8,0,1,False,「Aimi 是我唯一見過的，但我知道那裡還有一兩個人在釀酒。」
0x046C,Reyna,Reyna,,0x63c,0,1,False,「是的，我買來給我的母親。」
0x046C,Reyna,Reyna,,0x6fe_0x8fd_0x993,0,6,True,她看著自己的腳，然後抬頭看你。很明顯她正在強忍著淚水。
0x046C,Reyna,Reyna,,0x6fe_0x8fd_0x993,1,6,True,「幾個月前，我母親在她的家鄉過世了。她出生在這片森林裡，並要求被埋葬在這裡，靠近我的地方。每天早上我都會來這裡看她，並在她的墓前放上花。
0x046C,Reyna,Reyna,,0x6fe_0x8fd_0x993,2,6,True,但，」一滴眼淚從她的臉頰滑落，「我是我們家唯一住在附近的人。沒有其他人能經常來探望或留下花朵。
0x046C,Reyna,Reyna,,0x6fe_0x8fd_0x993,3,6,True,有時她的墓看起來好空蕩。」她望向地平線，嘆了口氣。「<VAR>如果有辦法能給她帶來更多的花就好了。」
0x046C,Reyna,Reyna,,0x6fe_0x8fd_0x993,4,6,True,她很快轉過身看著你。
0x046C,Reyna,Reyna,,0x6fe_0x8fd_0x993,5,6,True,「非常抱歉我像這樣胡言亂語。請原諒我， <HONORIFIC>。」
0x046C,Reyna,Reyna,,0x9a1_0x9fc,0,2,True,當她看到那束花時，眼睛亮了起來。
0x046C,Reyna,Reyna,,0x9a1_0x9fc,1,2,True,「它們好漂亮！你太好心了， <HONORIFIC>，為我母親帶來了花！我等不及把它們放在她的墓前了。」
0x046C,Reyna,Reyna,,0xa4b,0,1,False,「為了你贈花的好意，我會以半價為你提供治療。」她對你微笑。
0x046C,Reyna,Reyna,,0xaa3_0xab1,0,1,True,「抱歉， <HONORIFIC>，但除非這是緊急情況，否則我比較希望等到我的店開門。」
0x046C,Reyna,Reyna,,0xb21_0xb37,0,1,True,她快速檢查了你<VAR>.
0x046C,Reyna,Reyna,,0xb39_0xb4d,0,1,True,「你說得對， <HONORIFIC>。這的確是緊急情況！」
0x046C,Reyna,Reyna,,0xb6f,0,1,False,「我很抱歉，但你的傷並不致命。或許你可以在我的店開門時來拜訪我。」
0x046C,Reyna,Reyna,,0xbd3,0,3,False,她害羞地笑了。
0x046C,Reyna,Reyna,,0xbd3,1,3,False,「我非常喜歡動物。當我還很小的時候，我發現了一隻生病的鴿子，卻無法把它治好。從那時起，我開始學習治療的藝術，這樣我就能幫助其他可能需要治療的動物了。
0x046C,Reyna,Reyna,,0xbd3,2,3,False,當然，」她笑了，「既然我有了這些技能，我也用它們來幫助人。」
0x046C,Reyna,Reyna,,0xd25_0xb37,0,1,True,「再見， <HONORIFIC>.
0x046C,Reyna,Reyna,,0xd33,0,1,False,「我感謝你送的花！
0x046C,Reyna,Reyna,,0xd4f,0,1,False,「願健康永遠伴隨著你！」
0x046D,Wayne,Wayne,,0x15,0,1,False,你看到一個僧侶顯然漫無目的地在四處遊蕩。
0x046D,Wayne,Wayne,,0x52_0x60,0,1,True,「你好， <HONORIFIC>。需要我幫忙嗎？」 Wayne 問。
0x046D,Wayne,Wayne,,0x89_0xad,0,1,True,「你可以叫我 Wayne 兄弟， <HONORIFIC>。」
0x046D,Wayne,Wayne,,0xb4,0,1,False,「我的工作？嗯，我，呃，目前並沒有真正的工作。」他低頭看著自己的腳。
0x046D,Wayne,Wayne,,0x122_0x151,0,2,True,「是的，我是……嗯，我迷路了， <HONORIFIC>。我來自這裡南邊的修道院……或者是北邊……也許是西北邊。」他托著下巴抬頭看。
0x046D,Wayne,Wayne,,0x122_0x151,1,2,True,「東南邊？」
0x046D,Wayne,Wayne,,0x1e9,0,1,False,「嗯……我確定這不是永久的。」他臉紅了。「我只是需要確定一下方向，就這樣，」他缺乏說服力地說。
0x046D,Wayne,Wayne,,0x277,0,1,False,「我是玫瑰友誼會的僧侶。我和一位名叫 Taylor 的弟兄一起研究地理和自然。」
0x046D,Wayne,Wayne,,0x2f5,0,1,False,「嗯，」他聳聳肩，「我想我應該學得好一點的。」他難為情地笑了。
0x046D,Wayne,Wayne,,0x353,0,1,False,「不列顛尼亞有這麼多美麗的事物可看。動物和植物都給觀察者帶來了興奮感。」
0x046D,Wayne,Wayne,,0x3ce,0,1,False,「嗯，我其實已經有一段時間沒見到他了。我假設他還在繼續他的研究。」
0x046D,Wayne,Wayne,,0x432_0x446_0x4a8,0,1,True,「啊，是的， <HONORIFIC>，它們看起來非常奇妙。我強烈建議你要隨時觀察你的周遭環境。否則， <HONORIFIC>，你會錯過生活中的很多東西：花朵、樹木、鳥類……地標！」
0x046D,Wayne,Wayne,,0x512,0,1,False,「啊，我最不喜歡的科目。我覺得樹木比鳥類無趣多了。」
0x046D,Wayne,Wayne,,0x561,0,1,False,「我最喜歡的動物！鳥類如此自由，能夠飛行很遠的距離。我多麼希望能漫遊在廣闊的天空……特別是考慮到我目前的處境。從空中你可以看到更多東西，我敢肯定！」
0x046D,Wayne,Wayne,,0x640_0xad,0,1,True,「非常、非常可愛的植物。有彩虹所有的顏色，甚至更多。修道院裡有一位僧侶擁有一個美麗的花園。據我所知，她可能還在打理它， <HONORIFIC>。」
0x046D,Wayne,Wayne,,0x706_0x717,0,1,True,「太好了， <HONORIFIC>。我很高興聽到這件事。如果 Aimi 為了她的另一個……消遣而放棄那個花園，那就太可惜了。」
0x046D,Wayne,Wayne,,0x7a6,0,1,False,「Aimi 也畫畫。或者說，做了大膽的嘗試。當然，我必須讚揚她的努力。」
0x046D,Wayne,Wayne,,0x809,0,1,False,「我最喜歡的是鳥類，尤其是金頰林鶯 (Golden-Cheeked Warbler) 。我喜歡跟隨並觀察牠們。不過，牠們的方向感似乎不太好。」他嘆了口氣。「但這片土地上有很多種類。」
0x046D,Wayne,Wayne,,0x8e7,0,1,False,「願你的好運指引你走過人生的道路。」
0x046E,Garok,Garok,,0x22,0,1,False,你看到一個眼神狂野的法師。
0x046E,Garok,Garok,,0x4a,0,1,False,你看到一個眼神平靜的法師。
0x046E,Garok,Garok,,0x72,0,1,False,「你在跟我說話？」 Garok 懷疑地問。
0x046E,Garok,Garok,,0xa4,0,1,False,法師盯著你看了一會兒。「你是不列顛尼亞稅務委員會 (Tax Council) 的人嗎？」
0x046E,Garok,Garok,,0x10b,0,1,False,「那我就不是任何人！」
0x046E,Garok,Garok,,0x12e,0,1,False,「算你好運。不然我就得殺了你。我是 Garok Al-Mat 。至少，我上次照鏡子時是這麼覺得的！」
0x046E,Garok,Garok,,0x1a9,0,1,False,「我已經喜歡上你了！我是 Garok Al-Mat 。」
0x046E,Garok,Garok,,0x1f2,0,2,False,Garok 看起來好像會突然扯下自己的頭髮，但他克制住了。
0x046E,Garok,Garok,,0x1f2,1,2,False,「我是……『曾經』是……一個法師。直到一切都出了差錯。我正在試圖糾正這些事。」
0x046E,Garok,Garok,,0x2c3,0,1,False,「我一直都是一個法師。我來到這裡試圖找出以太波到底出了什麼問題，但現在它們似乎已經恢復正常了。」
0x046E,Garok,Garok,,0x35e,0,4,False,Garok 突然打了自己的頭側。
0x046E,Garok,Garok,,0x35e,1,4,False,「出去！該死的你！從那裡出來！沒人邀請你進我的腦袋！滾開！」
0x046E,Garok,Garok,,0x35e,2,4,False, Garok 又打了自己一下，像隻溼透的狗一樣搖著頭，並用嘴唇發出噗噗的聲音。
0x046E,Garok,Garok,,0x35e,3,4,False, Garok 看著你並微笑了。「好多了。現在，我們說到哪裡了……喔對了，我想起來了。你不相信我是個法師？嗯，我是。我住在山裡。但現在我迷失在這個該死的地城裡了。」
0x046E,Garok,Garok,,0x543,0,1,False,「我通常住在山裡，但我迷失在這個地城裡了。」
0x046E,Garok,Garok,,0x586,0,1,False,「我的魔法失靈了！
0x046E,Garok,Garok,,0x586,0,1,False,「我的魔法失靈了！
0x046E,Garok,Garok,,0x5a2,0,1,False,「我把它歸咎於以太波的干擾！我必須查明發生了什麼事。所以我來到這裡！」
0x046E,Garok,Garok,,0x60c,0,1,False,「我腦海裡有一個聲音。某種惡魔之類的。它總是祝賀我做了某些事。然後其他時候又因為某些事罵我。我『知道』那不是我的良心。我『知道』『他』聽起來像什麼！這是……另一個人。」
0x046E,Garok,Garok,,0x710,0,1,False,「大約在我的魔法開始失效時，我開始聽到這個聲音。我覺得這不好玩。」
0x046E,Garok,Garok,,0x774,0,1,False,「我的水晶球告訴我，問題的根源在一個地城裡，但沒說是哪一個。這是我探索的第一個地城。我還沒找到任何可以幫助我的東西，而且我找不到出路了！」
0x046E,Garok,Garok,,0x844,0,1,False,「我下來這裡是為了尋找我問題的根源。我的水晶球告訴我它在一個地城裡，但沒說是哪一個。這是我第一次探險地城，現在我迷路了。」
0x046E,Garok,Garok,,0x910,0,2,False,你向 Garok 解釋四面體產生器位於 Deceit 地城。
0x046E,Garok,Garok,,0x910,1,2,False,「嗯。方向正確。但走錯了地城。」
0x046E,Garok,Garok,,0x97f,0,1,False,「你知道出路嗎？」
0x046E,Garok,Garok,,0x99b,0,4,False,你告訴 Garok 如何離開地城。
0x046E,Garok,Garok,,0x99b,1,4,False,「哎呀，聽起來真簡單！我一定是腦袋不清楚了！
0x046E,Garok,Garok,,0x99b,2,4,False,我感謝你！現在我必須上路了。事實上，既然我知道了路，我就可以用我所剩無幾的魔法來傳送。如果想傳送，必須知道自己要前進的方向！
0x046E,Garok,Garok,,0x99b,3,4,False,對了，為了感謝你的幫助，你想要一些沒用的秘藥嗎？我說的沒用，是指對我來說沒用。它們很可能是非常好的秘藥。歡迎你拿走。你想要嗎？」
0x046E,Garok,Garok,,0xb83,0,1,False,「很好。我少帶一樣東西了。」
0x046E,Garok,Garok,,0xbae,0,1,False,「喔。你沒有空間。太可惜了。」
0x046E,Garok,Garok,,0xbdc,0,1,False,Garok 聳聳肩。「隨你便。無論如何還是謝謝你。」
0x046E,Garok,Garok,,0xc1f,0,1,False,你看著 Garok 轉身，念了個法術，然後消失了。
0x046E,Garok,Garok,,0xc5e,0,1,False,「喔。你跟我一樣迷路了，是吧？那我們肯定會死在這裡。」
0x046E,Garok,Garok,,0xcb0,0,1,False,「哼！他們是我的眼中釘！過去三年他們一直在找我！我忘了申報一筆分配秘藥的收入，不知怎麼被他們發現了。順帶一提，如果你有興趣來山裡找我，我可以打折賣給你秘藥！」
0x046E,Garok,Garok,,0xd9e,0,1,False,「是的，我記得他！他也迷路了！你知道他找到出路了嗎？你跟他說話時代我向他問好。」
0x046E,Garok,Garok,,0xe17,0,1,False,「再見。」
0x046F,Gharl,Gharl,,0x15,0,1,False,你看到一個巨魔 (troll) 在他的牢房裡生悶氣。當他呼吸時，你可以看到他的肋骨從皮下凸出來。
0x046F,Gharl,Gharl,,0x94,0,1,False,「你要什麼？」 Gharl 咆哮著。
0x046F,Gharl,Gharl,,0xbd,0,1,False,「我 Gharl 。」
0x046F,Gharl,Gharl,,0xd1,0,1,False,他搖搖頭。「沒工作。打獵。吃。睡覺。現在，」他比了比牢房四周，「沒打獵，沒吃，只有睡覺。」
0x046F,Gharl,Gharl,,0x16b,0,1,False,「我好獵人。抓很多東西。」
0x046F,Gharl,Gharl,,0x193,0,1,False,「我還是會做，」他聳聳肩說。「但不如在家好。」
0x046F,Gharl,Gharl,,0x1dd,0,1,False,他古怪地盯著你說，「和其他巨魔一起，肉臉 (fleshface) ！在橋底下。」
0x046F,Gharl,Gharl,,0x23c,0,1,False,「沒吃。」他搖搖頭。「沒餵。討厭獄卒！」他咆哮著。
0x046F,Gharl,Gharl,,0x295,0,1,False,「你給我食物？」他的臉上露出驚訝和希望交織的表情。「你給我食物，我告訴你秘密。好嗎？」
0x046F,Gharl,Gharl,,0x317,0,2,False,他迅速狼吞虎嚥地吃了食物。
0x046F,Gharl,Gharl,,0x317,1,2,False,「我感謝。你要秘密？」
0x046F,Gharl,Gharl,,0x369,0,1,False,「你嘲弄我。我不喜歡你。」
0x046F,Gharl,Gharl,,0x392,0,1,False,「走開。」
0x046F,Gharl,Gharl,,0x3a3,0,1,False,「巨魔有強大盟友。當麻煩在轉角，他在腦袋裡警告我們。」
0x046F,Gharl,Gharl,,0x3f5,0,1,False,他咕噥了一聲，轉過身去。
0x0470,D Rel,D Rel,,0x25,0,1,False,你看到一個滿臉苦澀、外表粗獷的男人。
0x0470,D Rel,D Rel,,0x5c,0,1,False,D'Rel 對你怒目而視。「你到底想要什麼？」
0x0470,D Rel,D Rel,,0x96,0,1,False,「你在乎一個可憐蟲的名字做什麼？」
0x0470,D Rel,D Rel,,0xdb,0,1,False,「他們把我關在這裡等死，真的！」
0x0470,D Rel,D Rel,,0x11a,0,1,False,「是不列顛尼亞稅務委員會幹的。他們和這裡的兩個人—— Jeff 爵士和 Goth 。」
0x0470,D Rel,D Rel,,0x1b4,0,1,False,「他們告訴我餘生都要待在這裡。我也沒有理由懷疑他們！」
0x0470,D Rel,D Rel,,0x206,0,1,False,「那隻驕傲的公雞以為自己高於不列顛尼亞的所有人。只因為他主持高等法院，他就以為可以對任何人進行審判。」
0x0470,D Rel,D Rel,,0x2a0,0,1,False,「那個偷雞摸狗的無賴比我更該被關在這裡！如果有選擇的話，別相信他。」
0x0470,D Rel,D Rel,,0x307,0,1,False,「全都是些小偷！想拿走別人辛苦賺來的金幣。如果他們自己出去賺錢，也許就不需要拿走我們所有的錢了！」
0x0470,D Rel,D Rel,,0x39b,0,1,False,「你在乎是吧？好吧。如果你告訴我你的名字，我就告訴你我的名字，成交嗎？」
0x0470,D Rel,D Rel,,0x408_0x40c,0,1,True,「<VAR>，嗯。很好，一言為定。我是 D'Rel 。」
0x0470,D Rel,D Rel,,0x441,0,1,False,「我就知道。」
0x0470,D Rel,D Rel,,0x457,0,1,False,「現在沒有。但在我把這裡當成家之前，我是一名水手，一個……私掠者，來自海盜巢穴 (Buccaneer's Den)。」
0x0470,D Rel,D Rel,,0x4fc,0,1,False,「嗯，其實我是因為沒繳稅被關進來的。畢竟，那錢是我……賺來的，為什麼我要交給不列顛尼亞稅務委員會？」
0x0470,D Rel,D Rel,,0x593,0,1,False,「你聽過海盜巢穴 (Buccaneer's Den)，不是嗎？就在大陸正東方的那座島。那裡住著一些裝木腿、手是鐵鉤、肩膀上還停著鸚鵡的男人！哈！哈！」
0x0470,D Rel,D Rel,,0x656,0,1,False,「對，我認識 Hook 。你在找他嗎？他來自 海盜巢穴 (Buccaneer's Den)。他通常跟一個叫 Forskis 什麼的石像鬼一起行動。如果你見到他，替我向他……『問好』。」他揮了揮緊握的拳頭。
0x0470,D Rel,D Rel,,0x745,0,1,False,「對，從我眼前消失！」
0x0471,Smith,Smith,,0x15,0,1,False,你看到一匹馬。「你還期待看到什麼？」
0x0471,Smith,Smith,,0x4c_0x66,0,1,True,「現在又怎麼了， <PLAYER_NAME>？」 Smith 問。
0x0471,Smith,Smith,,0x7a,0,1,False,「是的，我有名字。」
0x0471,Smith,Iolo,,0x99,0,1,False,「無賴！當別人問你名字時，你應該禮貌且準確地回答！聖者剛剛問的是『你的』名字。」
0x0471,Smith,Smith,,0x112,0,1,False,「我的名字？你想怎麼叫我都行，但我只會回應 Smith 。」
0x0471,Smith,Smith,,0x112,0,1,False,「我的名字？你想怎麼叫我都行，但我只會回應 Smith 。」
0x0471,Smith,Smith,,0x172,0,2,False,「職業？『職業』？我是一匹馬，我能有什麼工作？」他望向遠方。「我現在都能想像了： Smith ——非凡的麵包師傅。
0x0471,Smith,Smith,,0x172,1,2,False,其實，我在室內裝潢方面變得相當不錯了。看到我怎麼佈置我的住所了嗎？你很喜歡吧？」
0x0471,Smith,Smith,,0x28a,0,1,False,「很好。那我就讓你繼續跟我說話吧！你比較喜歡哪個，我的客廳還是臥室？」
0x0471,Smith,Smith,,0x302,0,1,False,「真有趣，我對你也有同感！」
0x0471,Smith,Smith,,0x32e,0,1,False,「你的品味還是一樣差！」
0x0471,Smith,Smith,,0x367_0x3a4,0,1,True,「對，這就是我的『名字』。喔～我懂了！你<VAR>從我這裡得到什麼，對吧？」
0x0471,Smith,Smith,,0x3cc,0,2,False,「我就知道。你一直都是個自私的人。你想要什麼？讓我想想……金錢？建議？幸福？不，你通常想要某種線索，對吧。當然，在過去兩百年間你也許變得無私了……
0x0471,Smith,Smith,,0x3cc,1,2,False,我知道了！你想要拯救不列顛尼亞！」
0x0471,Smith,Smith,,0x50f,0,1,False,「那你跟我說話做什麼？」
0x0471,Smith,Smith,,0x535,0,1,False,「從一匹馬身上？對！說得好像我有錢給你一樣。」
0x0471,Smith,Smith,,0x57b,0,1,False,「別跟馬說話！」
0x0471,Smith,Smith,,0x595,0,1,False,「誰不想？」
0x0471,Smith,Smith,,0x5a8,0,1,False,「你真的以為我會相信嗎？你做這些只是為了錢。」
0x0471,Smith,Smith,,0x5ee,0,1,False,「現在我們進入正題了。好吧，我給你一個線索，但我能得到什麼好處？讓我猜猜。金錢？愛情？不，以我對你的了解，大概什麼都沒有。如果我運氣好，你會走開別煩我。」
0x0471,Smith,Smith,,0x706,0,1,False,「我已經有了！」
0x0471,Smith,Smith,,0x720,0,1,False,「當然！好像我用得著那個一樣！」
0x0471,Smith,Smith,,0x752,0,1,False,「抱歉，我不搞那一套。」
0x0471,Smith,Smith,,0x778,0,2,False,「威脅，是嗎？你期望我怎麼回應？彬彬有禮地張開蹄子歡迎你？
0x0471,Smith,Smith,,0x778,1,2,False,這樣吧：你走開別煩我，我就告訴你一個線索。公平吧？」
0x0471,Smith,Smith,,0x820,0,2,False,「這才像話！成交。聽好。」他環顧四周，確保沒人偷聽。「石像鬼 (gargoyles) ，」他停頓了一下，「並不邪惡。
0x0471,Smith,Smith,,0x820,1,2,False,還有， Rasputin 是個卑鄙的火星人。好了，就這樣！現在滾！」
0x0471,Smith,Smith,,0x90a,0,1,False,「很好。反正我也不打算跟你說話！」
0x0471,Smith,Smith,,0x93f,0,1,False,「那正好。反正我也開始厭煩你了。」
0x0471,Smith,Iolo,,0x973,0,1,False,「哎呀，你怎麼敢用這種態度跟聖者說話， Smith ！」
0x0471,Smith,Smith,,0x9ba,0,1,False,「你又是誰？我的主人嗎？」
0x0471,Smith,Iolo,,0x9e2,0,1,False,「哎呀，事實上……」
0x0471,Smith,Smith,,0xa01,0,1,False,「好喔，隨便。」
0x0472,Aimi,Aimi,,0x1c,0,1,False,這位僧侶將風帽向後拉，足以讓你看到她的臉。
0x0472,Aimi,Aimi,,0x5c_0x6a,0,1,True,「你好， <HONORIFIC>。我希望你的每一天都充滿美好。」
0x0472,Aimi,Aimi,,0x9b_0xb8,0,1,True,「你可以叫我 Aimi ， <HONORIFIC>。」
0x0472,Aimi,Aimi,,0xbf_0x121,0,1,True,「身為僧侶，我不太確定該怎麼回答你的問題。我經常幫忙釀酒。然而， <HONORIFIC>，在閒暇時間，我會在修道院這裡畫畫或打理我的花園。」
0x0472,Aimi,Aimi,,0x186,0,1,False,「我很少跟這個區域的其他人相處。你或許可以跟 Taylor 談談，因為他對這個區域的人、動物和風景的了解比我多得多。」
0x0472,Aimi,Aimi,,0x22f,0,1,False,「他也是位僧侶。他把時間花在研究不列顛尼亞的植物、動物和地理上。」
0x0472,Aimi,Aimi,,0x293,0,1,False,「是的，」她臉紅了，「我一直很欣賞那些能夠用視覺表達自己的人。遺憾的是，」她笑著說，「我畫得不是很好。不過，我也收藏藝術品。事實上，我房間裡掛著一幅 Sterling 的原畫。或許你哪天可以去看看。」
0x0472,Aimi,Aimi,,0x3ac,0,1,False,「我的花園？我已經打理它好幾年了。我堅信美學 (aesthetics) 的價值，所以我只種花。有時當人們需要時，我會把它們做成花束出售，但我很少這麼做。」
0x0472,Aimi,Aimi,,0x483,0,1,False,「它指的是實踐或研究所有美麗的事物。」
0x0472,Aimi,Aimi,,0x4bd,0,1,False,「你想買一束花嗎？」
0x0472,Aimi,Aimi,,0x4dc,0,1,False,「你有要送花的人嗎？」
0x0472,Aimi,Aimi,,0x4fe,0,2,False,你告訴她 Reyna 母親過世的事。
0x0472,Aimi,Aimi,,0x4fe,1,2,False,「啊，是的。我聽說過 Reyna 的喪母之痛。那是一個高尚的理由。請收下這些花並轉交給她。」
0x0472,Aimi,Aimi,,0x5a4,0,1,False,「很好。送花給某人總是最好的。花束要 10 個金幣。你還想要嗎？」
0x0472,Aimi,Aimi,,0x600,0,1,False,「我想你會發現這些花非常漂亮。」
0x0472,Aimi,Aimi,,0x631,0,1,False,「看來你沒有空間拿我的花。真可惜。」
0x0472,Aimi,Aimi,,0x668_0x679,0,1,True,「很抱歉， <HONORIFIC>。你沒有足夠的金幣。」
0x0472,Aimi,Aimi,,0x69b_0x6ac_0x6f3,0,1,True,「我了解， <HONORIFIC>。免費的花確實是最好的。而野花相當自由。現在， <HONORIFIC>，只要答應我你會花時間欣賞我的花園就好。」
0x0472,Aimi,Aimi,,0x733_0x74a,0,1,True,「那真是不幸， <HONORIFIC>。送花給某人總是最好的。」
0x0472,Aimi,Aimi,,0x772_0x6f3,0,1,True,「或許下次你會有興趣。現在， <HONORIFIC>，只要答應我你會花時間欣賞我的花園就好。」
0x0472,Aimi,Aimi,,0x79e,0,1,False,「恐怕我不認識這個人。」
0x0472,Aimi,Aimi,,0x7c3_0x7d4,0,1,True,「再會了， <HONORIFIC>。願美麗的甜美氣息永遠伴隨著你。」
0x0473,Penni,Penni,,0x15,0,1,False,你面前的這位女性臉上帶著擔憂的表情，彷彿她的思緒飄到了很遠的地方。
0x0473,Penni,Penni,,0x79_0x84,0,1,True,「嗨， <PLAYER_NAME>。我能幫你什麼忙嗎？」 Penni 問。
0x0473,Penni,Penni,,0xb9_0xd7,0,1,True,「我的名字是 Penni ， <HONORIFIC>。」
0x0473,Penni,Penni,,0xde_0xf5,0,2,True,「我沒有職業， <HONORIFIC>。至少沒有我會稱之為『工作』的事。不過，我確實有教導近身戰鬥的技巧。
0x0473,Penni,Penni,,0xde_0xf5,1,2,True,她想了一會兒。「我想更好的回答方式應該是說『是的，我有工作』。我是一名訓練師。但是，」她笑了笑，「我太享受這份工作了，以至於不想稱之為工作。」
0x0473,Penni,Penni,,0x249,0,1,False,「從我大到能握住第一把長矛開始，我就愛上了近身戰鬥。這就是我搬到 Yew 的原因。」
0x0473,Penni,Penni,,0x2c9,0,1,False,「這是我選擇的武器。長矛結合了距離和力量的優勢。它是完美的狩獵武器。」
0x0473,Penni,Penni,,0x333,0,1,False,「當然，我搬到這裡是為了打獵。這片森林充滿了獵物。我不想住在其他任何地方！」
0x0473,Penni,Penni,,0x3a6,0,1,False,「你有興趣接受訓練嗎？我的收費是每次訓練 35 個金幣。」
0x0473,Penni,Penni,,0x3f6,0,1,False,「或許下次吧。」
0x0473,Penni,Penni,,0x40f_0x41d,0,1,True,「抱歉， <HONORIFIC>，但我現在不進行訓練。或許如果你在早上 9 點到晚上 6 點之間回來，我就能幫你了。」
0x0473,Penni,Penni,,0x493,0,1,False,「是的，」她點點頭，咧嘴笑著說，「我認識 Bradman 。我們會一起去打獵。當然，他用那把『牙籤發射器』很少能抓到什麼東西。」
0x0473,Penni,Iolo,,0x542,0,1,False,「我對這句話感到不滿，我的朋友。弓和十字弓也是能發揮致命效果的。」
0x0473,Penni,Penni,,0x5a6,0,1,False,她笑著對 Iolo 點點頭。「或許你說得對，弓箭手朋友，但我更喜歡肢體上的挑戰。」
0x0473,Penni,Penni,,0x616,0,1,False,「雖然我認為他是一位真正的朋友，和一位值得尊敬的同伴，但我懷疑他的身體素質如何。」
0x0473,Penni,Penni,,0x692,0,1,False,「Addom 是我丈夫。但你怎麼會……？」她顯得很困惑，但突然盯著你看。「你見過他嗎？」
0x0473,Penni,Penni,,0x70b,0,1,False,「他身體好嗎？」
0x0473,Penni,Penni,,0x724,0,1,False,「謝天謝地！」她鬆了一口氣。
0x0473,Penni,Penni,,0x74f,0,1,False,「我就知道他這次不該離開的！我討厭他離開！」她強忍著淚水。
0x0473,Penni,Penni,,0x7a8,0,1,False,「我真的好討厭他旅行到那麼遠的地方，去那麼長的時間。我只希望他能快點回到我的懷抱！」她望向遠方，彷彿在尋找 Addom 。
0x0473,Penni,Penni,,0x852_0x866,0,1,True,「旅途愉快， <HONORIFIC>。」
0x0474,Ben,Ben,,0x15,0,1,False,一個將斧頭扛在肩上、身材高大、胸膛寬闊的男人笑著對你點頭。
0x0474,Ben,Ben,,0x6d_0x7b,0,1,True,「你好， <HONORIFIC>。日安，對吧？」
0x0474,Ben,Ben,,0x94_0xb0,0,1,True,「你可以叫我 Ben ， <HONORIFIC>。我住在這裡，在 Yew 森林裡。」
0x0474,Ben,Ben,,0xe8_0x105_0x13a,0,1,True,「我是一個伐木工， <HONORIFIC>。這是我一輩子都在做的事。事實上， <HONORIFIC>，我父親也是做這個的。他父親之前也是。以此類推。我們做這行已經超過十代了。」
0x0474,Ben,Ben,,0x1b7,0,1,False,「它曾經是個大城鎮，但現在，只剩下散布在森林各處的一些小屋了。」
0x0474,Ben,Ben,,0x218_0x226,0,1,True,「恐怕， <HONORIFIC>，我在這個區域不認識任何人。但，」他驕傲地補充說，「我確實認識在 Minoc 經營鋸木廠的人。我也知道有僧侶住在高等法院旁邊的修道院裡。」
0x0474,Ben,Ben,,0x2ff,0,1,False,「那裡的鋸木工叫 William 。」
0x0474,Ben,Ben,,0x327,0,1,False,「就在友誼會東北邊的建築裡。我知道他們把囚犯關在那裡。」
0x0474,Ben,Ben,,0x37c_0x393_0x423,0,2,True,「哎呀，是的， <HONORIFIC>，我砍伐銀葉樹 。它們只生長在一個區域，所以我需要它們的木材時，得走很長一段路。你為什麼問這個， <HONORIFIC>？
0x0474,Ben,Ben,,0x37c_0x393_0x423,1,2,True,「喔，我懂了，」他咧嘴一笑，「你想要一些給自己用，對吧？」
0x0474,Ben,Ben,,0x480_0x48e,0,1,True,「抱歉， <HONORIFIC>，我不知道怎麼料理它。或許你該去酒館試試。」
0x0474,Ben,Ben,,0x4d1,0,1,False,「你有其他原因問這個嗎？」
0x0474,Ben,Ben,,0x503_0x511,0,1,True,「好吧， <HONORIFIC>，」他聳聳肩。
0x0474,Ben,Ben,,0x534,0,1,False,「它們主要分布在大森林的東部，在很遠的另一邊。」
0x0474,Ben,Ben,,0x57d,0,2,False,「那見鬼的森靈是什麼東西？」
0x0474,Ben,Ben,,0x57d,1,2,False,在你快速向他解釋了銀葉樹的情況後，他驚呼道，「喔，那太可怕了。我不知道有任何人——呃——任何其他生物在使用銀葉樹。我能怎麼做呢？」
0x0474,Ben,Ben,,0x67a,0,1,False,「哎呀，我當然會簽。我不會再砍銀葉樹了。」
0x0474,Ben,Ben,,0x6ba,0,1,False,他從你手中接過合約並簽了名。
0x0474,Ben,Ben,,0x6e5,0,2,False,他轉向 Trellek 。「請代我向你的同胞道歉。我從來無意破壞你們的家園。當個朋友，好嗎？」
0x0474,Ben,Ben,,0x6e5,1,2,False, Trellek 微笑著點點頭。
0x0474,Ben,Ben,,0x781_0x7a4,0,1,True,「請替我向森靈們道歉， <HONORIFIC>。我從來無意破壞他們的家園。」
0x0474,Ben,Ben,,0x7d2,0,1,False,「嗯，我很樂意簽，但看來你把它弄丟了。如果你再找到它，我會非常樂意幫助你和森靈們。」
0x0474,Ben,Ben,,0x851_0x85f,0,1,True,「再見， <HONORIFIC>。旅途愉快，對吧。」
0x0475,Goth,Goth,,0x15,0,1,False,這個小眼睛的男人對你冷笑。
0x0475,Goth,Goth,,0x3d,0,1,False,「你現在又想要什麼？」 Goth 啐了一口。
0x0475,Goth,Goth,,0x7e,0,1,False,「Goth 。雖然這不關你的事！」
0x0475,Goth,Goth,,0xa8,0,1,False,「你看我像在做什麼？」他舉起一串鑰匙說。「園藝嗎？」
0x0475,Goth,Goth,,0x105,0,1,False,「什麼？你瘋了嗎？」他搖搖頭。「嗯，至少你來對了適合園藝的地方。」
0x0475,Goth,Goth,,0x170,0,1,False,「人神修道院，笨蛋！」
0x0475,Goth,Goth,,0x1a2,0,1,False,「事實上，我對住在這的人了解不少。而且我說不定會告訴你。對你來說這值多少金幣？」
0x0475,Goth,Goth,,0x233,0,1,False,「我沒意見！」
0x0475,Goth,Goth,,0x249,0,1,False,他對你怒目而視。「你得多給點才行，蠢貨！」
0x0475,Goth,Goth,,0x289,0,1,False,「我會告訴你我所知道的： Jeff 爵士掌管高等法院。他是個真正的惡棍，所以我建議你離他遠點。附近的僧侶釀的酒很棒，而且 Aimi 能溫暖男人的……心。還有不管你做什麼，別浪費時間跟那個棺材佬說話——他腦袋有問題。」
0x0475,Goth,Goth,,0x3b6,0,1,False,「你沒有足夠的金幣，癩蛤蟆。」
0x0475,Goth,Goth,,0x3e4,0,1,False,「這些？這是牢房的鑰匙，無腦的惡棍！」
0x0475,Goth,Goth,,0x425,0,1,False,「給我 5 個金幣我就告訴你。有興趣嗎？」
0x0475,Goth,Goth,,0x45f,0,1,False,「其中一個叫 D'Rel 。他是個海盜，來自海盜巢穴。」
0x0475,Goth,Goth,,0x4b6,0,1,False,「你沒有足夠的錢，石頭腦袋。」
0x0475,Goth,Goth,,0x4e4,0,1,False,「小氣鬼！」
0x0475,Goth,Goth,,0x4f8,0,1,False,「還要另一個消息，嗯。你還有 5 個金幣給我嗎？」
0x0475,Goth,Goth,,0x53e,0,1,False,「另一個是個巨魔 (troll) 。他不怎麼說話，但這是我第一次見到巨魔囚犯。」
0x0475,Goth,Goth,,0x5a5,0,1,False,「你騙不了我，無腦的笨蛋。你沒有足夠的金幣！」
0x0475,Goth,Goth,,0x5eb,0,1,False,「很好，鼻涕蟲！」
0x0475,Goth,Goth,,0x608,0,1,False,「你想要這些，嗯？」他舉起鑰匙問。「這要花你…… 20 個金幣。還想要嗎？」
0x0475,Goth,Goth,,0x673,0,1,False,「成交！」
0x0475,Goth,Goth,,0x683,0,1,False,他殘忍地笑了笑。「恐怕你沒有足夠的金幣。」
0x0475,Goth,Goth,,0x6c3,0,1,False,"""Fine. Rot for all I care!"
0x0475,Goth,Goth,,0x6df,0,1,False,「的確，惡棍。快滾吧！」
0x0476,Carlyn,Carlyn,,0x15,0,1,False,當你走近時，這位女性揚起眉毛，表示她注意到你的出現，並對你接下來要說的話感興趣。
0x0476,Carlyn,Carlyn,,0x8e_0xae,0,1,True,「我能幫你什麼忙嗎， <HONORIFIC>？」 Carlyn 問。
0x0476,Carlyn,Carlyn,,0xc3,0,1,False,「我是 Carlyn 。」她笑得很燦爛。
0x0476,Carlyn,Carlyn,,0xf0,0,1,False,「我是 Moonglow 的裁縫師。」
0x0476,Carlyn,Carlyn,,0x116,0,1,False,「我晚上也替 Phearcy 顧酒吧。」
0x0476,Carlyn,Carlyn,,0x166_0x189,0,1,True,「你想要食物還是飲料， <HONORIFIC>？」
0x0476,Carlyn,Carlyn,,0x1be_0x222,0,1,True,「他是老闆兼酒保。每天晚上 9 點，他都會去參加友誼會的聚會，所以我在<VAR>替他代班。」
0x0476,Carlyn,Carlyn,,0x23f_0x265,0,2,True,「這是個非常宜人的城鎮， <HONORIFIC>。這裡有這麼多不同類型的人。真希望我能認識更多人。
0x0476,Carlyn,Carlyn,,0x23f_0x265,1,2,True,如果你對他們有任何問題，我強烈建議你跟 Phearcy 談談。」
0x0476,Carlyn,Carlyn,,0x301,0,2,False,「我對這個組織了解不多。每天晚上 9 點他們都有全體成員的聚會之類的。而且，如果我沒記錯的話，那個分會的領導人會發表演說——我相信那被稱為佈道。
0x0476,Carlyn,Carlyn,,0x301,1,2,False,城裡還有另一個成員，如果你對友誼會有問題的話可以問。」
0x0476,Carlyn,Carlyn,,0x441,0,1,False,「我相信他的名字是 Tolemac 。據我所知他是個農夫。 Phearcy 知道的會比我多。或者你可以問他們的職員。」
0x0476,Carlyn,Carlyn,,0x4d6,0,1,False,「是個女人，這我知道，但我不知道她的名字。」
0x0476,Carlyn,Carlyn,,0x519,0,1,False,「他的名字是 Rankin 。我相信他來這裡並沒有很久。」
0x0476,Carlyn,Carlyn,,0x561,0,1,False,「是的，我喜歡縫製衣物。你有興趣看看或購買我的一些作品嗎？」
0x0476,Carlyn,Carlyn,,0x5bc,0,2,False,震驚佈滿了她的臉。
0x0476,Carlyn,Carlyn,,0x5bc,1,2,False,「好吧，」她氣呼呼地說。
0x0476,Carlyn,Carlyn,,0x5fe_0x60c,0,1,True,「是的， <HONORIFIC>。這是我的工作，也是我的熱情所在。我喜歡縫製衣物。如果你在我的店開門時來，我可以給你看許多精緻的東西。」
0x0476,Carlyn,Carlyn,,0x6a9_0x6ba,0,1,True,"「再會了， <HONORIFIC>."""
0x0477,De Snel,De Snel,,0x15,0,1,False,雖然他看起來沒有敵意，但這個男人以戰鬥的姿勢迎接你。
0x0477,De Snel,De Snel,,0x64,0,1,False,「你需要什麼？」 De Snel 問。
0x0477,De Snel,De Snel,,0xa9,0,1,False,「我被稱為 De Snel 大師。」
0x0477,De Snel,De Snel,,0xce,0,1,False,「我在 Jhelom 經營著名的格鬥學校，傷疤圖書館 (Library of Scars) 。如果戰士展現出潛力，我有時也會親自訓練他們。」
0x0477,De Snel,De Snel,,0x187,0,1,False,「我教導一種我自己發明的戰鬥風格。它能讓人完全壓制對手。我可以為你安排一個小小的示範……」
0x0477,De Snel,De Snel,,0x216,0,1,False,「這座城市致力於戰鬥的藝術。不只是盲目的軍事紀律，而是純粹的暴力對抗。這是一個合我心意的地方。」
0x0477,De Snel,De Snel,,0x2a7,0,1,False,「一所擁有悠久、自豪歷史的菁英戰士學校。許多偉大的戰士都在它的牆內接受過訓練。這個組織甚至擁有自己的特殊武器。」
0x0477,De Snel,De Snel,,0x35e,0,1,False,「我現在不想談生意。或許改天吧。」
0x0477,De Snel,De Snel,,0x392,0,1,False,「我訓練我的學生們成為兇猛無情的戰士！」
0x0477,De Snel,De Snel,,0x3cf,0,1,False,他拔出自己的劍給你看。劍上刻有精緻的蛇形圖案。「你可以透過刻痕認出傷疤圖書館的武器。那是蛇的標誌。攻擊迅速、無聲、致命，就跟我們一樣！」
0x0477,De Snel,De Snel,,0x4a3,0,2,False,你拿出在 Minoc 謀殺現場發現的匕首。蛇形的刻痕與傷疤圖書館的標記完全吻合。 De Snel 看了看它，然後轉頭看你。他無法掩飾自己的驚訝。
0x0477,De Snel,De Snel,,0x4a3,1,2,False,「你從哪裡弄來那把匕首的？」
0x0477,De Snel,De Snel,,0x59e,0,1,False,De Snel 盯著你看，顯然知道你在說謊。
0x0477,De Snel,De Snel,,0x5d1,0,1,False,你看著 De Snel 的眼睛，告訴他你是在 Minoc 的謀殺現場找到的。他給了你一個好奇的眼神。
0x0477,De Snel,De Snel,,0x648,0,1,False,「那把匕首幾週前從傷疤圖書館被偷了。我對此一無所知。」
0x0477,De Snel,De Snel,,0x69a,0,1,False,「順帶一提，你看過我訓練技巧的示範嗎？」
0x0477,De Snel,De Snel,,0x6d7,0,1,False,「那或許你應該再來一場。」
0x0477,De Snel,De Snel,,0x6ff,0,1,False,「那或許你應該試試看。」
0x0477,De Snel,De Snel,,0x724,0,1,False,「很好。讓我們開始吧！」
0x0477,De Snel,De Snel,,0x74a,0,1,False,「我必須為我的失禮道歉，但我無與倫比的才華要求我為訓練示範收取 40 個金幣。你接受嗎？」
0x0477,De Snel,De Snel,,0x7ca,0,1,False,「那很好！」他的怒容顯示了他的不悅。「如果你不喜歡，或許傷疤圖書館不是適合你的地方。」
0x0477,De Snel,De Snel,,0x84c,0,1,False,「正如你可能看到的，我們幾名成員因為榮譽旗和一個當地的麻煩製造者發生了爭執。我們傷疤圖書館對我們的組織有著強烈的奉獻精神。我不知道這個暴發戶具體發生了什麼事，但我知道他現在已經死了。當然，我不是在暗示傷疤圖書館與此有關。只是想說，最好別惹我們。」
0x0477,De Snel,De Snel,,0x9be,0,1,False,「我聽說你在為那個偷我們榮譽旗的小偷辯護的決鬥中，殺了我們幾名成員。」他瞇起眼睛緊盯著你。「太出色了！我這個人最看重的就是技巧的運用。我為你的勝利向你致敬。或許你想加入我們的組織？」
0x0477,De Snel,De Snel,,0xad0,0,1,False,「你的同伴和你看起來夠強壯，適合進行一場非正式的練習。就把它當作我戰鬥風格的示範吧。」
0x0477,De Snel,De Snel,,0xb52,0,1,False,「因為我的戰鬥風格是優越的風格，我只對訓練最優秀的人有興趣。或許你的同伴和你夠資格。我們可以測試看看，前提是，如果你夠勇敢的話。」
0x0477,De Snel,De Snel,,0xc16,0,1,False,「對 Sprellic 來說幸運的是，我們的榮譽旗被歸還了。如果沒有，我們別無選擇，只能用他的血來挽回我們的榮譽。」
0x0477,De Snel,De Snel,,0xcb1,0,1,False,「你休想沒有進行示範就這麼輕易走掉！無論如何你都得來一場！」
0x0477,De Snel,De Snel,,0xd0d,0,1,False,「願你在 Jhelom 有個難忘的時光，」 De Snel 大笑著轉身離開。
0x0478,Joseph,Joseph,,0x34,0,1,False,你看到一個男人散發著精明管理者的外在舉止，與他年輕的外表形成對比。
0x0478,Joseph,Joseph,,0x98,0,1,False,Joseph 恭敬地對你點頭。「我能為你效勞嗎？」
0x0478,Joseph,Joseph,,0xd6,0,1,False,「我的名字是 Joseph 。」
0x0478,Joseph,Joseph,,0xf7,0,1,False,「目前，我是 Jhelom 的市長。」
0x0478,Joseph,Joseph,,0x12f,0,1,False,「我做這份工作可能看起來有點年輕，但在這樣一個城鎮，我不僅要管理行政，也經常被要求幫忙維持秩序。我劍與筆並用。」
0x0478,Joseph,Joseph,,0x1d8,0,1,False,「這座城鎮是個粗獷的地方。對於戰鬥的男男女女來說是個好住處。或許你已經看過我們當地的運動了？」
0x0478,Joseph,Joseph,,0x26d,0,1,False,「哎呀，就是決鬥！每天中午十二點，城鎮廣場就會變成戰場。」
0x0478,Joseph,Joseph,,0x2d3,0,1,False,「嗯，聽起來比實際情況糟。這其實只是一種訓練和運動的形式。戰士們用標靶等東西練習。那就是能找到我的地方，我也在那裡保持我自己的技術敏銳。」
0x0478,Joseph,Joseph,,0x3a3,0,1,False,「我誇張了。鎮上許多戰士會聚在一起和訓練假人對打，練習各種戰鬥方法。有時候也會有一些無害的比賽。偶爾會有點粗暴。有些人會為此下注並從中獲利。」
0x0478,Joseph,Joseph,,0x487,0,1,False,「咳嗯……當然，大多數的決鬥只是點到為止，不是生死決鬥。這種做法有助於克制路過的無賴和流氓。」
0x0478,Joseph,Joseph,,0x515,0,1,False,「去跟我們鎮上酒館兼旅館的 Daphne 或 Ophelia 談談。」
0x0478,Joseph,Joseph,,0x567,0,1,False,「這就是許多決鬥的原因！有人說友誼會是一堆垃圾，有人說它是唯一的真理。其他人則說那是愚蠢的。當然，作為市長，我在這些事情上保持中立。」
0x0478,Joseph,Joseph,,0x63f,0,1,False,「Elizabeth 和 Abraham ？」 Joseph 抓了抓頭。「喔，對了！他們就是剛剛來過的友誼會成員！他們試圖在 Jhelom 建立分會。我還沒決定要怎麼回覆他們。我們可能需要召開鎮民大會來決定是否要在這裡設立分會。這對夫婦說他們要回不列顛城幾天。」
0x0478,Joseph,Joseph,,0x783,0,1,False,「Elizabeth 和 Abraham ？」 Joseph 抓了抓頭。「喔，對了！他們是來過這裡的友誼會成員——哎呀，那一定是上個禮拜左右的事了。從那之後我就沒見過他們了。」
0x0478,Joseph,Joseph,,0x856,0,1,False,「傷疤圖書館的領導人 De Snel 要求他的成員參與許多決鬥。這個禮拜他們可能為某個理念而戰，下個禮拜又為相反的立場而戰。」
0x0478,Joseph,Joseph,,0x91a_0x96e,0,1,True,Joseph 看起來有點尷尬。「作為友誼會的一員，我無意冒犯你， <HONORIFIC>。」
0x0478,Joseph,Joseph,,0x975,0,1,False,「如果你非得知道我的意見，」他自信地小聲對你說，「我同意那些說友誼會是一堆愚蠢玩意的人。」
0x0478,Joseph,Joseph,,0x9fd,0,1,False,「De Snel 說他只希望他的學校能有最好的人才。如果他的戰士被打敗了，他會把他們踢出去，並招募勝利者加入傷疤圖書館。」
0x0478,Joseph,Joseph,,0xaa5,0,1,False,「它吸引了來自全不列顛尼亞想要向 De Snel 學習的戰士。他們是一群不守規矩的人。你最好離他們遠點。」
0x0478,Joseph,Joseph,,0xb33,0,1,False,「是的，我聽說過關於 Sprellic 這個人和對抗傷疤圖書館決鬥的事，但坦白說，我的官方政策是不介入這種私人爭端。」
0x0478,Joseph,Joseph,,0xbe5,0,1,False,「De Snel 和我有一種默契。他管他的，我管我的。要在這座城鎮維持秩序已經夠難了，我不想破壞這種平衡。如果我介入， De Snel 就會向我挑戰決鬥，如果我被殺了，他對這座城鎮的控制將會是絕對的。」
0x0478,Joseph,Joseph,,0xd01,0,1,False,「作為市長和維和者，我必須非常謹慎地選擇我的戰鬥。我和傷疤圖書館的成員之間沒有任何好感，但他們可以合理地聲稱自己受了委屈。我在這件事上必須保持中立。就我所見， Sprellic 拿走榮譽旗是自找麻煩。如果你想阻止這場決鬥，你只需要說服他把旗子還回去。」
0x0478,Joseph,Joseph,,0xe68,0,1,False,「相信我，我們經常在一起並不是因為我們是朋友。我們這麼做是為了仔細監視對方。親近你的朋友，但更要親近你的敵人。這是 Jhelom 的生存法則。」
0x0478,Joseph,Joseph,,0xf31,0,1,False,「當我說 De Snel 會向我挑戰決鬥時，我並不是在暗示那會是一場公平或光榮的比賽——更可能是我走在某條暗巷時，被他手下的某個惡霸從背後捅一刀。所謂的決鬥只是他用來讓暗殺我這件事聽起來光榮一點的說詞。」
0x0478,Joseph,Joseph,,0x1052,0,1,False,「祝你在我的城市玩得愉快。但如果你沒有戰鬥的膽量，你不該久留。」
0x0479,Kliftin,Kliftin,,0x28,0,1,False,你看到一個身經百戰、滿佈傷痕的老兵。
0x0479,Kliftin,Kliftin,,0x5f,0,1,False,「你好！」 Kliftin 說。「你最近有遇到什麼麻煩嗎？」
0x0479,Kliftin,Kliftin,,0xa8,0,1,False,「我是 Kliftin 。」
0x0479,Kliftin,Kliftin,,0xc1,0,1,False,「在我的年代，我是個非常出色的士兵。現在我是 Jhelom 這裡軍械庫的主人。」
0x0479,Kliftin,Kliftin,,0x146,0,1,False,「我在這裡販售防具和武器。我有東西能滿足你的各種需求。你想看防具還是武器？」
0x0479,Kliftin,Kliftin,,0x1c7_0x1f9,0,1,True,「我的店目前休息中，但請再回來， <HONORIFIC>。」
0x0479,Kliftin,Kliftin,,0x200,0,1,False,「你肯定不想聽那些古老的戰爭故事吧？！我看過太多死亡和毀滅了。就說到這吧。」
0x0479,Kliftin,Kliftin,,0x273,0,1,False,「我販售並收藏各種類型的武器。生意一直都很好，雖然我最好的顧客總是死在決鬥中！」
0x0479,Kliftin,Kliftin,,0x2f3,0,1,False,「Jhelom 是個粗獷的地方。如果你不喜歡惹麻煩，那麼我可以想到許多比這裡更好的地方讓你待著。」
0x0479,Kliftin,Kliftin,,0x379,0,1,False,「每天中午在城鎮廣場，人們都會來解決他們的分歧。他們戰鬥到見血或分出死活。這簡直是瘋了！就像那個 Sprellic 一樣。」
0x0479,Kliftin,Kliftin,,0x420,0,1,False,「Sprellic ，我們這位脾氣相當溫和的旅館老闆，從傷疤圖書館的牆上偷走了榮譽旗，而且拒絕歸還。現在他必須和我們當地最優秀的三名戰士進行生死決鬥。」
0x0479,Kliftin,Kliftin,,0x4fd,0,1,False,你向這位全神貫注聽著的老人講述 Sprellic 的故事。「聽起來像是騙子 Sullivan 的傑作。他是一個從未被抓到過的傳奇小偷和騙子！甚至很少有人相信他真的存在。你不可能用那樣的故事來勸阻決鬥者。」
0x0479,Kliftin,Kliftin,,0x60f,0,1,False,「你在那個可憐的 Sprellic 需要時幫助他，真是太好了。」
0x0479,Kliftin,Kliftin,,0x65c,0,1,False,「如果你想了解更多關於這整件事的詳情，你可以去酒館問問。」
0x0479,Kliftin,Kliftin,,0x6b4,0,1,False,「唯一能勸阻他們不殺可憐的 Sprellic 的方法就是歸還榮譽旗！它一定是被 Sullivan 拿走了，但決鬥者們不知道！如果我們有一個榮譽旗的複製品，我們就可以把它給他們！」
0x0479,Kliftin,Kliftin,,0x7a2,0,1,False,「在我的年代，我縫合傷口的技術相當不錯……嗯，或許我可以製作一面榮譽旗的複製品。這個欺騙的把戲只需要撐到他們正式取消決鬥就行了。」
0x0479,Kliftin,Kliftin,,0x874,0,1,False,「在我經歷過的所有戰鬥之後，我縫合了太多同志的傷口。現在我退休了，縫紉反而成了我的嗜好。」他有些尷尬地看著你。「這沒什麼不對吧！」
0x0479,Kliftin,Kliftin,,0x938,0,1,False,「即使他們發現那不是真正的榮譽旗，他們也絕對不會承認。那樣做會讓他們看起來很愚蠢。他們寧願直接向任何說那不是他們榮譽旗的人挑戰另一場決鬥！但我們還是一次解決一場決鬥吧。」
0x0479,Kliftin,Kliftin,,0xa42,0,1,False,「你要我製作一面可以交給傷疤圖書館的榮譽旗，好讓決鬥停止嗎？」
0x0479,Kliftin,Kliftin,,0xaa0,0,1,False,「那你必須確保在你去決鬥區之前來跟我拿。決鬥區就在我店外靠近傷疤圖書館的地方。如果要及時完成，我最好現在就開始忙！請幾小時後再回我的店裡。」
0x0479,Kliftin,Kliftin,,0xb74,0,1,False,「那你必須確保在 Sprellic 去決鬥區之前來跟我拿。如果要及時完成，我最好現在就開始忙。請幾小時後再回我的店裡。」
0x0479,Kliftin,Kliftin,,0xc16,0,1,False,「你想親自對付傷疤圖書館？那很好，但要警告你——他們唯一相信的榮譽就是勝利。」
0x0479,Kliftin,Kliftin,,0xc8c,0,1,False,「你手裡明明握著拯救 Sprellic 生命的鑰匙，怎麼能在面對必死結局時袖手旁觀呢？！」
0x0479,Kliftin,Kliftin,,0xd00,0,1,False,「別打擾我！旗子還沒完成！晚點再來我的店裡。」
0x0479,Kliftin,Kliftin,,0xd46,0,1,False,「這是我製作的傷疤圖書館榮譽旗的仿製品。」
0x0479,Kliftin,Kliftin,,0xd86,0,1,False,「決鬥的時間一定快到了。祝 Sprellic 好運，也祝你好運！」
0x0479,Kliftin,Kliftin,,0xdd6,0,1,False,「如果你要拿旗子，你必須先放下一些東西！」
0x0479,Kliftin,Kliftin,,0xe16,0,1,False,「日安。」
0x047A,Ophelia,Ophelia,,0x15,0,1,False,一位漂亮的女人對你露出友好的笑容，然後羞怯地將目光移開。
0x047A,Ophelia,Ophelia,,0x6a_0x80,0,1,True,「再次歡迎你，<HONORIFIC>，」Ophelia 說。
0x047A,Ophelia,Ophelia,,0xc1_0xdf,0,1,True,「我的名字是 Ophelia，<HONORIFIC>。」
0x047A,Ophelia,Ophelia,,0xe6,0,1,False,「我是個酒館女侍。在 Jhelom 這裡的舖位與凳子(Bunk and Stool)，大部分的工作都是我在做。」
0x047A,Ophelia,Ophelia,,0x176,0,1,False,「自從老闆 Sprellic 被傷痕圖書館的那三個學生挑戰決鬥後，他就一直忙著準備。我一直獨自經營這個地方……我想 Daphne 也算是有幫忙啦。」
0x047A,Ophelia,Ophelia,,0x242,0,1,False,「說真的，我無法想像你為什麼會對她感興趣。」她發出一陣沙啞的笑聲。
0x047A,Ophelia,Daphne,,0x2a7,0,1,False,「我聽到了，Ophelia。妳這個惡毒的娘們！」
0x047A,Ophelia,Ophelia,,0x2e3,0,1,False,「好了，好了，Daphne。脾氣，脾氣！我們可不想除了妳難看的臉之外，還用惡劣的脾氣把顧客嚇跑！」
0x047A,Ophelia,Daphne,,0x36c,0,1,False,「巫婆！」
0x047A,Ophelia,Ophelia,,0x37d,0,1,False,「據說這間酒吧確實發生過許多奇怪的事情。最近，這裡除了是提供精美食物和飲料的旅店兼酒館外，還成了下注場所。」
0x047A,Ophelia,Ophelia,,0x43c,0,1,False,「這是一個工作環境相當粗獷的地方，但」她私下對你低語，「我必須承認，我發現自己被生活在這裡的那一類男人所吸引。」
0x047A,Ophelia,Ophelia,,0x4e5,0,1,False,「你現在肯定聽說過我們著名的戰士學校了！你是哪門子的世界旅行者？別回答。這只是一個修辭問句，」她嗤之以鼻。
0x047A,Ophelia,Ophelia,,0x585,0,1,False,「這件事你必須去找 Daphne。你總不會期望我必須進廚房吧？」Ophelia 笑著。
0x047A,Ophelia,Ophelia,,0x5e9,0,1,False,「只要 5 枚金幣，你就能得到一間可愛的房間。你想留宿一晚嗎？」
0x047A,Ophelia,Ophelia,,0x644,0,1,False,「這是你的鑰匙。請注意，它只能在這家店裡使用，而且只能用一次。」
0x047A,Ophelia,Ophelia,,0x6a5_0x6b2,0,1,True,「抱歉，<HONORIFIC>，在你拿走房間鑰匙之前，你必須減掉一些重量，呃，一些包袱。」
0x047A,Ophelia,Ophelia,,0x70d_0x726,0,1,True,「我真的很抱歉，<HONORIFIC>，但房間費用比你擁有的金幣還多。」
0x047A,Ophelia,Ophelia,,0x75a,0,1,False,「我想是我們的房間不夠好吧，」她皺著眉頭說。
0x047A,Ophelia,Ophelia,,0x79d,0,1,False,「我現在不在工作，所以請不要用我還在工作的態度對我說話。」
0x047A,Ophelia,Ophelia,,0x7f5,0,1,False,「沒有人比我更了解老 Sprellic 了。雖然他看起來不像，但他很可能是全不列顛尼亞(不列顛尼亞)最致命的戰鬥大師。」
0x047A,Ophelia,Ophelia,,0x899,0,1,False,「在他擊敗傷痕圖書館的戰士後，他可能會開一所自己的學校來教授他獨特的戰鬥風格。」
0x047A,Ophelia,Ophelia,,0x919,0,1,False,「那將是一所很棒的戰鬥學校。已經有男女戰士來到 Jhelom 成為 Sprellic 的學生。他們都渴望知道我現在就能告訴你的秘密。」
0x047A,Ophelia,Ophelia,,0x9c6,0,1,False,Ophelia 示意你靠近她。她對你低語。「Sprellic 其實就是經過這麼多年後回到我們身邊的聖者。」她莊嚴地點頭。
0x047A,Ophelia,Ophelia,,0xa59,0,1,False,Ophelia 示意你靠近她。她對你低語。「Sprellic 可以呼喚聖者來當他的冠軍戰士。」她莊嚴地點頭。
0x047A,Ophelia,Ophelia,,0xada,0,1,False,「以防你沒注意到，這是一個粗獷的城鎮。我們在這裡看過各種類型的古怪人物。」她仔細打量著你。
0x047A,Ophelia,Ophelia,,0xb62,0,1,False,「抱歉，由於……呃，其中一方或多方不幸離世，所有的下注都取消了。」
0x047A,Ophelia,Ophelia,,0xbc6,0,1,False,「我正在接受關於 Sprellic 決鬥的下注。你想下注嗎？」
0x047A,Ophelia,Ophelia,,0xc10,0,1,False,「你想下多少注，賭 Sprellic 會擊敗他的所有三名挑戰者？」
0x047A,Ophelia,Ophelia,,0xc60,0,1,False,「也許你對自己的信念並不那麼認真。或許 Daphne 會接受你的下注。」
0x047A,Ophelia,Ophelia,,0xcbd_0xcce,0,1,True,「你願意下 <VAR> 枚金幣賭 Sprellic 會贏？」
0x047A,Ophelia,Ophelia,,0xcf2,0,1,False,「很好。你想下注多少？」
0x047A,Ophelia,Ophelia,,0xd17_0xdc7,0,2,True,「很好。我給你代表你金幣的籌碼。每個籌碼價值 10 枚金幣。如果 Sprellic 贏了，你可以來找我拿兩倍數量的金幣。
0x047A,Ophelia,Ophelia,,0xd17_0xdc7,1,2,True,「如果他輸了，<HONORIFIC>，你的籌碼當然就一文不值了。」
0x047A,Ophelia,Ophelia,,0xdf5_0xe17,0,1,True,「我很快會再見到你的，<HONORIFIC>。」你注意到她正強忍著咯咯笑。「當你回來領取你贏得的錢時。」有那麼一刻，她似乎無法與你眼神交流。
0x047A,Ophelia,Ophelia,,0xea8,0,1,False,「當你背包裡有足夠空間裝這些籌碼時，你必須晚點再來。」
0x047A,Ophelia,Ophelia,,0xefa,0,1,False,「你沒有你想要下注的金幣數量！你是在試圖騙我嗎？」
0x047A,Ophelia,Ophelia,,0xf46,0,1,False,「那麼如果你想賭 Sprellic 輸，你可以去找 Daphne，但我警告你，你這是在把錢丟進水裡！」
0x047A,Ophelia,Ophelia,,0xfbe,0,1,False,「我看到你回來領取你贏得的錢了。」她聳聳肩，把錢付給了你。
0x047A,Ophelia,Ophelia,,0x1016,0,1,False,「你帶不了那麼多金幣！等你一次拿得走所有贏得的錢再來！」
0x047A,Ophelia,Ophelia,,0x106b,0,1,False,「你已經領過你贏得的錢了！」
0x047A,Ophelia,Ophelia,,0x1096,0,1,False,「誰？哦，他是個當地的男孩，偶爾會來這裡對我發花痴。別管他，我也不管他。」
0x047A,Ophelia,Daphne,,0x1106,0,1,False,「哎呀，妳怎麼能這樣談論即將成為妳未婚夫的人！終於，我可以讓妳搬出我屋子了！和妳共同生活的每一刻都令人難以忍受！」
0x047A,Ophelia,Ophelia,,0x11b3,0,1,False,「別高興得太早，親愛的 Daphne！我對我們的婚姻提出了一個條件，而可憐的 Cosmo 永遠也無法達成它！」
0x047A,Ophelia,Daphne,,0x123d,0,1,False,「妳永遠不知道！想到妳穿著婚紗，新郎 Cosmo 站在妳身邊的畫面，就實在太美妙了！也許他就是那個最終能教妳成為一個淑女的男人！」
0x047A,Ophelia,Ophelia,,0x12f3,0,1,False,「哼！如果你賭他輸，我想你就要發財了！我敢打賭，殺死他的人也是你！」
0x047A,Ophelia,Ophelia,,0x135a,0,1,False,她帶著冷笑轉身背對你。
0x047A,Ophelia,Ophelia,,0x137d_0x139f,0,1,True,「一定要再來拜訪我們，<HONORIFIC>。」
0x047B,Daphne,Daphne,,0x22,0,1,False,你看到一個不滿且明顯過度勞累的酒館女侍。她對你敷衍地咕噥了一聲算作打招呼。
0x047B,Daphne,Daphne,,0x92,0,1,False,「你還在這裡啊？」她問 Dupre。
0x047B,Daphne,Dupre,,0xbd,0,1,False,「我還沒完成對妳這家優質酒館的評估呢！」
0x047B,Daphne,Daphne,,0xfb,0,1,False,「什麼？你是 Brommer 不列顛尼亞旅遊指南的員工嗎？」
0x047B,Daphne,Dupre,,0x145,0,1,False,「不是的，親愛的。這項研究完全是為了我個人的消化系統！」
0x047B,Daphne,Daphne,,0x19b_0x1a8,0,1,True,「日安，<HONORIFIC>。坐下休息一會兒吧。」
0x047B,Daphne,Daphne,,0x1ca,0,1,False,「我是 Daphne。」
0x047B,Daphne,Daphne,,0x1e1,0,1,False,「這問題很簡單。我是舖位與凳子(Bunk and Stool)的駐店老黃牛。當我們的駐店公主在和顧客調情時，所有的煮飯、打掃和端盤子工作都是我做的。」
0x047B,Daphne,Daphne,,0x2cf_0x2dc,0,1,True,「抱歉，<HONORIFIC>，我現在不賣食物和飲料。」
0x047B,Daphne,Daphne,,0x304,0,1,False,「自從老闆 Sprellic 在傷痕圖書館惹上麻煩後，就沒有別人來經營這個地方了。喔，我那痛得要命的背啊！」
0x047B,Daphne,Daphne,,0x3ac,0,1,False,「哼！那就是 Ophelia 了。」
0x047B,Daphne,Daphne,,0x3d9,0,1,False,「那件事你必須去問 Ophelia。我的領域是廚房！」
0x047B,Daphne,Daphne,,0x41b,0,1,False,「Ophelia 長、Ophelia 短的！我一整天聽到的都是這個！如果你只想談論她，去跟別人說吧！」
0x047B,Daphne,Ophelia,,0x495,0,1,False,「別因為我長得漂亮就討厭我嘛，Daphne。」
0x047B,Daphne,Daphne,,0x4d0,0,1,False,「我討厭妳才不是因為那個原因，Ophelia！」
0x047B,Daphne,Ophelia,,0x50c,0,1,False,「喔，對了，我現在想起來了。妳討厭我是因為我很漂亮，而妳不是！」
0x047B,Daphne,Daphne,,0x56e_0x58a,0,1,True,「真是太感謝你了，<HONORIFIC>，提起了我最喜歡的話題。」
0x047B,Daphne,Daphne,,0x5b3,0,1,False,「舖位與凳子是 Jhelom 戰士和流氓們喝酒的地方。要讓這群只顧著喝酒、決鬥和賭博的人滿意，這工作可不輕鬆。」
0x047B,Daphne,Daphne,,0x653,0,1,False,「這傻瓜被抓到從傷痕圖書館的牆上偷走榮譽旗幟！現在挑戰他的三個學生要在決鬥場上殺了他。這真是一場悲劇。」
0x047B,Daphne,Daphne,,0x6f0,0,1,False,「那是 Jhelom 的戰鬥俱樂部，培養出的可能是全不列顛尼亞最堅強的戰士。Sprellic 這輩子連一次架都沒打過。」
0x047B,Daphne,Daphne,,0x783,0,1,False,「很抱歉，因為這件事已經解決，所有的下注都取消了。」
0x047B,Daphne,Daphne,,0x7d2,0,1,False,「事實上，我正在接受即將到來的決鬥的下注。你想下注賭 Sprellic 會輸給那三名決鬥者中的任何一個嗎？」
0x047B,Daphne,Daphne,,0x861,0,1,False,「你想下注多少？」
0x047B,Daphne,Daphne,,0x87d,0,1,False,「也許你對自己的信念並不那麼認真。或許公主會接受你的下注。」
0x047B,Daphne,Daphne,,0x8d8_0x8e9,0,1,True,「你要下注 <VAR> 枚金幣賭 Sprellic 會輸？」
0x047B,Daphne,Daphne,,0x90d,0,1,False,「很好。你想下注多少？」
0x047B,Daphne,Daphne,,0x932_0x9e2,0,2,True,「很好。讓我給你代表你金幣的籌碼。每一個價值 10 枚金幣。如果 Sprellic 輸了，你可以來找我領取兩倍數量的金幣。
0x047B,Daphne,Daphne,,0x932_0x9e2,1,2,True,如果他贏了，<HONORIFIC>，你的籌碼當然就一文不值了。」
0x047B,Daphne,Daphne,,0xa10,0,1,False,「決鬥後你可以來找我，如果你贏了就可以用這籌碼換取你贏得的錢。」
0x047B,Daphne,Daphne,,0xa71,0,1,False,「噢！等你背包有足夠空間裝這些籌碼時，你必須晚點再來。」
0x047B,Daphne,Daphne,,0xac6,0,1,False,「你沒有你想要下注的金幣數量！你是在試圖騙我嗎？」
0x047B,Daphne,Daphne,,0xb12,0,1,False,「那麼如果你想賭 Sprellic 贏，你可以去找 Ophelia，但我警告你，你這是在把錢丟進水裡！」
0x047B,Daphne,Daphne,,0xb8b_0xba7,0,1,True,「這是你贏得的錢，<HONORIFIC>。但我有理由相信是你殺了可憐的 Sprellic！如果這就是你賺錢的方式，那你應該感到羞恥！」
0x047B,Daphne,Daphne,,0xc23,0,1,False,「你不可能帶得走那麼多金幣。你必須等我能給你適當數量金幣的時候再來！」
0x047B,Daphne,Daphne,,0xc8d,0,1,False,「玩得開心。」
0x047C,Sprellic,Sprellic,,0x38,0,1,False,你看到一個骨瘦如柴且看起來膽小的男人，他恐懼地看著你。
0x047C,Sprellic,Sprellic,,0x8a,0,1,False,「喔，天啊！」他大叫。「這次真的是聖者！請不要傷害我，聖者！」
0x047C,Sprellic,Sprellic,,0xef_0x105,0,1,True,「再次問候你，<HONORIFIC>，」Sprellic 說。
0x047C,Sprellic,Sprellic,,0x128,0,1,False,「我的名字是 Sprellic。」
0x047C,Sprellic,Sprellic,,0x14a,0,1,False,「我是 Jhelom 這裡舖位與凳子(Bunk and Stool)的老闆。」
0x047C,Sprellic,Sprellic,,0x1a7,0,1,False,「這是當地的一家旅店，所有來自傷痕圖書館的戰士都會來這裡喝酒。如果不是 Ophelia 和 Daphne，他們每晚都會把這地方拆了。」
0x047C,Sprellic,Sprellic,,0x251,0,1,False,「但那已經不重要了，因為我很快就會死了。」
0x047C,Sprellic,Sprellic,,0x2ba,0,1,False,「這是一個戰士們透過血腥決鬥來打發時間的城鎮。這地方不適合我。我真不該離開 Minoc 的！」
0x047C,Sprellic,Sprellic,,0x33a,0,1,False,「那是 De Snel 大師經營的戰士俱樂部！是全不列顛尼亞最兇猛、最無情的戰士們的第二個家。」
0x047C,Sprellic,Sprellic,,0x3b9,0,1,False,「Ophelia 是我的一位酒館女侍。她很漂亮。如果 Daphne 無法應付那些變得不守規矩的顧客，Ophelia 會簡單地用魅力迷住他們。」
0x047C,Sprellic,Sprellic,,0x45f,0,1,False,「Daphne 是我的一位酒館女侍。她，呃，體型相當龐大。如果 Ophelia 無法迷住那些變得不守規矩的顧客，Daphne 就會把他們摔倒在地。」
0x047C,Sprellic,Sprellic,,0x510,0,1,False,「說來話長。我可能還沒說完就死了。」
0x047C,Sprellic,Sprellic,,0x54e,0,1,False,「我的故事很離奇。這可能會讓你感到不安和困惑。你確定你想聽嗎？」
0x047C,Sprellic,Sprellic,,0x5af_0x5f2,0,1,True,「好吧，那麼希望我曾對你有所幫助。永遠別了，<HONORIFIC>。」
0x047C,Sprellic,Sprellic,,0x5fa,0,1,False,「這一切都從前天晚上開始。我讓 Ophelia 和 Daphne 放了一晚的假。一個陌生人來到了我的旅店……一個非常古怪的陌生人。
0x047C,Sprellic,Sprellic,,0x69c,0,1,False,「他……他聲稱他是——聖者——！
0x047C,Sprellic,Sprellic,,0x6cd,0,1,False,「……而且我還相信了他，這證明了我有多容易上當！」
0x047C,Sprellic,Sprellic,,0x723,0,1,False,「他的財富似乎是他唯一比古怪更勝一籌的地方。他訂下了旅店裡的兩個房間，這樣他就能試睡每張床，然後自己決定哪一張最舒服。至於食物，他簡直是飢不擇食。
0x047C,Sprellic,Sprellic,,0x7ff,0,1,False,「無意冒犯，但他也是友誼會的成員！」
0x047C,Sprellic,Sprellic,,0x836,0,1,False,「他也是友誼會的成員！」
0x047C,Sprellic,Sprellic,,0x869,0,1,False,「我擔心這個陌生人根本不是他所聲稱的那個人。我是一個巨大且可怕的騙局的受害者。」
0x047C,Sprellic,Sprellic,,0x8e2,0,1,False,「這個陌生人點了菜單上每一種食物和飲料。這樣如果他想吃什麼，食物就在那裡。我做了好幾個小時的飯。但接著情況變得更糟了。他去睡覺了。」
0x047C,Sprellic,Sprellic,,0x9b7,0,1,False,「當然，他留下的大部分食物都沒吃！一旦食物開始變壞，我就不得不把它們送人！」
0x047C,Sprellic,Sprellic,,0xa2a,0,1,False,「他上床睡覺後，抱怨說太冷了。我給他拿了越來越多的毯子，但還是不夠。最後，他把旅店裡所有的毯子都拿走了。而且他還是覺得冷！」
0x047C,Sprellic,Sprellic,,0xae9,0,1,False,「在絕望中，我跑到街上。那是半夜。所有的商店都關門了。我唯一能找到的，就是一塊掛在牆上的舊掛毯。所以我就把它拿了下來。」
0x047C,Sprellic,Sprellic,,0xbac,0,1,False,「其實，現在回想起來，在夜晚的空氣中外出，那是一個相當宜人的夜晚。唉，當時我滿腦子只想著為那位陌生人服務能賺到一筆可觀的錢。我真悲哀！」
0x047C,Sprellic,Sprellic,,0xc79,0,1,False,「我接下來記得的是，有一個憤怒的女人追著我。不知為何她想殺了我！我設法逃脫了她，回到旅店，用掛毯把陌生人蓋上。最後他終於睡著了。」
0x047C,Sprellic,Sprellic,,0xd54,0,1,False,「其實，我以前見過這個憤怒的女人。她偶爾會光顧我的店。不幸的是，這是我們第一次正式打交道。」
0x047C,Sprellic,Sprellic,,0xddf,0,1,False,「我也睡著了，只是我睡過頭了。當我醒來時，客人已經走了。他沒付帳單，還拿走了所有的毯子，甚至那塊掛毯。在我能去找他之前，我有了一位訪客。」
0x047C,Sprellic,Sprellic,,0xebd,0,1,False,「就像我說的，我被一個專業人士騙了。毫無疑問是個犯罪大師——而且他現在還消遙法外！」
0x047C,Sprellic,Sprellic,,0xf3c,0,1,False,「是前天晚上追我的那個女人。她的名字叫 Syria。她說我從傷痕圖書館的牆上偷走了榮譽旗幟。她還向我挑戰一場生死決鬥，除非我把旗幟還回去。而且她比我高大多了！當我試圖解釋我無法還回去時，她打了我。很痛。非常痛！」
0x047C,Sprellic,Sprellic,,0x107a,0,1,False,「我必須說 Syria 女士這點。她生氣的時候非常漂亮……至少，她打了我之後，在我腦海中盤旋的她的幻影是非常漂亮的。可悲的是，我醒了。」
0x047C,Sprellic,Sprellic,,0x1139,0,1,False,「那天晚些時候，我遇到了一個名叫 Vokes 的男人。他是傷痕圖書館的一名戰士。他要求我歸還榮譽旗幟，當我試圖告訴他我辦不到時，他打了我。然後他向我挑戰一場生死決鬥，要在我和 Syria 的決鬥之後馬上進行。
0x047C,Sprellic,Sprellic,,0x1256,0,1,False,「Vokes 離開後，我遇到了一個名叫 Timmons 的男人。他要求我將榮譽旗幟歸還給傷痕圖書館。我告訴他我辦不到，他也向我挑戰一場生死決鬥。我告訴他我很忙，但他把挑戰安排在我和 Vokes 的決鬥之後馬上進行。
0x047C,Sprellic,Sprellic,,0x136c,0,1,False,「Timmons、Vokes 和 Syria 是 Jhelom 最強悍的三名戰士。我連對抗他們其中一個都無法存活，更何況是三個。那個神秘的客人和榮譽旗幟都不知去向。就連現在，我的酒館女侍們都在拿我的死法下注！」
0x047C,Sprellic,Sprellic,,0x148b,0,1,False,「Timmons 最近才來到 Jhelom。關於他，我無法告訴你更多了。」
0x047C,Sprellic,Sprellic,,0x14dd,0,1,False,「他是一個無所畏懼的戰士，珍惜任何戰鬥的機會。要小心他。」
0x047C,Sprellic,Sprellic,,0x1535,0,1,False,「她並沒有看起來那麼糟。毫無疑問，那個女人脾氣不好。但我確信，一旦你有機會了解她，她其實是相當不錯的。如果不是這些悲慘的情況，我們也許有機會更進一步認識彼此。」
0x047C,Sprellic,Sprellic,,0x1626,0,1,False,「我唯一的生存希望是找到一位能與 Jhelom 最兇猛戰士對抗的冠軍戰士。」
0x047C,Sprellic,Sprellic,,0x1689,0,1,False,「你願意成為我的冠軍戰士嗎，聖者？」
0x047C,Sprellic,Sprellic,,0x16c0,0,1,False,Sprellic 充滿感激地跪在你面前。「聖者，你救了我的命！我對你感激不盡！」
0x047C,Sprellic,Sprellic,,0x1727,0,1,False,「喔，好吧。我別無選擇，只能問問。」
0x047C,Sprellic,Sprellic,,0x175e,0,1,False,你告訴 Sprellic 情況已經解決了，以及事情是如何解決的。
0x047C,Sprellic,Sprellic,,0x17ab,0,1,False,Sprellic 幾乎要親吻你的腳了。
0x047C,Sprellic,Sprellic,,0x17d3,0,1,False,「我該如何感謝你？你是我見過最高尚的人！我將永遠欠你一份情！謝謝你！」
0x047C,Sprellic,Sprellic,,0x183d,0,1,False,你告訴 Sprellic，Kliftin 為你做了一面假旗幟。
0x047C,Sprellic,Sprellic,,0x1879,0,1,False,「多麼巧妙啊！拜託你！請盡快把它交給 Syria！感謝你費心幫我！」
0x047C,Sprellic,Sprellic,,0x18d4,0,1,False,「祝你有個美好的一天，聖者。」
0x047D,Vokes,Vokes,,0x0_0x67,0,1,True,你看到一名戰士。當他向你打招呼時，他的聲音如雷鳴般宏亮。「向你致敬，<HONORIFIC>！」
0x047D,Vokes,Vokes,,0x6e,0,1,False,「那麼，我再次為你效勞，」Vokes 大聲說道。
0x047D,Vokes,Vokes,,0xab,0,1,False,「如果你想歸還傷痕圖書館的榮譽旗幟，那麼理應把它還給它被偷時正在守衛的 Syria。請這麼做。」
0x047D,Vokes,Vokes,,0x131,0,1,False,「所以，你想為懦弱的 Sprellic 而戰！那我就別無選擇，只能親手解決你了！」
0x047D,Vokes,Vokes,,0x19a,0,1,False,「所以，你想為懦弱的 Sprellic 而戰！明天中午在決鬥區見！」
0x047D,Vokes,Vokes,,0x202_0x21e,0,1,True,「我的名字是 Vokes，<HONORIFIC>。像山一樣巨大，像牛一樣強壯，像……嗯，比你交手過的任何東西都還要兇猛！」
0x047D,Vokes,Vokes,,0x28e_0x2c2,0,1,True,「職業！我可沒有犁田或賣菜的習慣，<HONORIFIC>！我用這條揮劍的手臂賺取金幣，」他一邊說著，一邊展示強壯的二頭肌。「現在我正在 Jhelom 跟隨 De Snel 繼續精進我的技藝，等我學成後，我的身價就會上漲！」
0x047D,Vokes,Vokes,,0x3a1,0,1,False,「我是在這裡出生的！這不是很壯觀嗎？！在這裡，一天中的任何時間，你都可以毫無理由地跟任何人決鬥！這才叫文明的好處！」
0x047D,Vokes,Vokes,,0x457,0,1,False,「一種責任，是的，甚至是一種必然。擁有榮譽的代價，就是必須捍衛自己的榮譽。誰也說不準下一個榮譽上的污點何時何地會出現。比如說這個叫 Sprellic 的傻瓜。就是個完美的例子！」
0x047D,Vokes,Syria,,0x550,0,1,False,「我肯定會在他的榮譽上留下一個污點。一個血紅色的污點！」
0x047D,Vokes,Vokes,,0x5af,0,1,False,「這個該死的白痴根本不知道他拿走我們的榮譽旗幟時會被看見。因此，他從未想過他必須為我們被玷污的榮譽進行一場決鬥。但現在全鎮都在談論這件事，我們不可能不挺身而出。特別是既然他拒絕歸還從我們這裡拿走的東西。」
0x047D,Vokes,Timmons,,0x6e3,0,1,False,「要不是他是個無賴，他就會看出自己行為的愚蠢。現在該輪到我們給他點顏色看看了！」
0x047D,Vokes,Vokes,,0x771,0,1,False,「如果他沒有把榮譽旗幟還給我們，我們一定會像我站在這裡一樣確定地殺了他。」
0x047D,Vokes,Vokes,,0x7e1,0,1,False,「關於傷痕圖書館的榮譽旗幟，有一個廣為人知且由來已久的傳統。據說從牆上拿下旗幟是一個信號，意味著拿下旗幟的人可以在戰鬥中擊敗任何在該學校學習的人。這也是一種極具侮辱性的方式，表示你認為該學校教授的戰鬥方法很低劣，而傷痕圖書館絕對不是這樣的！」
0x047D,Vokes,Vokes,,0x95d,0,1,False,「我聽過那種說這一切都是誤會的廢話。唯一會被誤會的，就是當我們解決 Sprellic 時，他會有多難看！」
0x047D,Vokes,Vokes,,0x9e9,0,1,False,「傷痕圖書館教授的是最頂尖的戰鬥風格！透過 De Snel 大師構思精妙的戰術，這種風格能讓你對抗對手時取得優勢，並將他們徹底擊敗！」
0x047D,Vokes,Vokes,,0xaa9,0,1,False,「他是個天才。也許是有史以來最偉大的軍事家。他是這麼告訴我們的！」
0x047D,Vokes,Vokes,,0xb0d,0,1,False,「如果我沒被殺，你沒被殺，也許有一天我們可以一起喝一杯！」
0x047E,Syria,Syria,,0x22,0,1,False,「我看到 Sprellic 那個懦夫把旗幟給了你，好讓它能還給我們。你最好交出來。」
0x047E,Syria,Syria,,0x8d,0,1,False,她從你手中拿走旗幟。
0x047E,Syria,Syria,,0xac,0,1,False,「這件事現在解決了。但替我轉告 Sprellic 那隻可憐蟲，他以後最好別碰別人的東西。」
0x047E,Syria,Syria,,0x121,0,1,False,「我們已經注意到你拿到了我們的榮譽旗幟。顯然是 Sprellic 給你讓你還給我們的。如果你想留下它，那我們現在的過節就是跟你了。」
0x047E,Syria,Syria,,0x1d5,0,1,False,「你也許是為了 Sprellic 而戰，但我可是為了榮譽而戰！」
0x047E,Syria,Syria,,0x223,0,1,False,站在你面前的是一位身材高挑的強悍女戰士，她的雙眼散發出對危險司空見慣的光芒。
0x047E,Syria,Syria,,0x296,0,1,False,「看來我們又見面了，」Syria 說。
0x047E,Syria,Syria,,0x2c4,0,1,False,「我是 Syria，來自南方的戰士。」
0x047E,Syria,Syria,,0x2f2,0,1,False,「目前我正從最後一次傭兵航行中休息。我在 Jhelom 這裡向傷痕圖書館的戰鬥訓練師 De Snel 學習。」
0x047E,Syria,Syria,,0x395,0,1,False,「這是一個戰士與決鬥的城市。如果你不喜歡這裡的運作方式，那就離開。在這裡決鬥有許多原因。我有我自己戰鬥的理由。」
0x047E,Syria,Syria,,0x445,0,1,False,「毫無疑問是 Sprellic 拿走了我們學校的榮譽旗幟。如果他不想決鬥，他只需要把它還回來就行了。」
0x047E,Syria,Syria,,0x4db,0,1,False,「真遺憾我們不能給那個小傻瓜一個教訓。不過，我們已經贏回了我們的榮譽，這就足夠了。目前為止。」
0x047E,Syria,Syria,,0x569,0,1,False,「既然 Sprellic 沒有這麼做，這就證明了他對我們的嚴重侮辱是故意的。」
0x047E,Syria,Vokes,,0x5cc,0,1,False,「而我也將嚴重地侮辱他——穿過他的心臟！」
0x047E,Syria,Syria,,0x60d,0,1,False,「Sprellic 拿走我們俱樂部榮譽旗幟的時候是我在守衛。我看見他拿走了，但他在夜色中溜走了。我因為讓小偷逃跑而被鞭打十下。我打算好好回報他。」
0x047E,Syria,Syria,,0x6d7,0,1,False,「真遺憾我們不能給那個小傻瓜一個教訓。也許我們已經給過他教訓了。為了他自己好，他最好已經學乖了。」
0x047E,Syria,Syria,,0x76b,0,1,False,「傷痕圖書館是不列顛尼亞最偉大的戰士公會。」
0x047E,Syria,Vokes,,0x7af,0,1,False,「沒錯！沒錯！」
0x047E,Syria,Syria,,0x7c9,0,1,False,「De Snel 大師教授一種純粹的戰鬥風格，超越了你之前可能學過的所有紀律。他是一位偉人。」
0x047E,Syria,Syria,,0x847,0,1,False,「我明白 Sprellic 那個懦夫把旗幟給了你，好讓它能還給我們。你最好交出來。」
0x047E,Syria,Syria,,0x8d,0,1,False,她從你手中拿走旗幟。
0x047E,Syria,Syria,,0x8b2,0,1,False,「這件事現在解決了。但替我轉告 Sprellic 那隻可憐蟲，他以後最好別碰別人的東西。」
0x047E,Syria,Syria,,0x926,0,1,False,「我們已經注意到你拿到了我們的榮譽旗幟。顯然是 Sprellic 給你讓你還給我們的。如果你想留下它，那我們現在的過節就是跟你了。」
0x047E,Syria,Syria,,0x9d9,0,1,False,「明天中午在決鬥區見！」
0x047E,Syria,Syria,,0x9ff,0,1,False,「準備受死吧！」
0x047E,Syria,Syria,,0xa19,0,1,False,「我們不喜歡干涉我們私事的人。我們會盯著你的。」
0x047F,Timmons,Timmons,,0x0,0,1,False,你看到一位非常嚴肅的年輕人。他的舉止像個有學問且有教養的紳士。
0x047F,Timmons,Timmons,,0x5e,0,1,False,「你想和我說話嗎？」Timmons 問道。
0x047F,Timmons,Timmons,,0x8e,0,1,False,「我看到你拿著榮譽旗幟。作為這件事一個稍感興趣的第三方，我要求你把旗幟還給 Syria。請這麼做。」
0x047F,Timmons,Timmons,,0x11a_0x127,0,1,True,「好吧，<HONORIFIC>，我必須向 De Snel 證明自己。如果你是受苦的人，我會道歉，但我絕不退縮！」
0x047F,Timmons,Timmons,,0x191,0,1,False,「準備受死吧！」
0x047F,Timmons,Timmons,,0x11a_0x1ab,0,1,True,「好吧，<HONORIFIC>，我必須向 De Snel 證明自己。如果你是受苦的人，那也只能這樣了！明天中午在決鬥區見！」
0x047F,Timmons,Timmons,,0x23d_0x25b,0,1,True,「我的名字是 Timmons，<HONORIFIC>。」
0x047F,Timmons,Timmons,,0x262,0,1,False,「目前我沒有工作。我把那些都留在新馬金西亞了。我來 Jhelom 是為了在傷痕圖書館跟隨 De Snel 大師學習。」
0x047F,Timmons,Timmons,,0x309,0,1,False,「恐怕我幫不了你什麼忙。除了決鬥之外，我對這個城鎮所知甚少。我自己也是剛到這裡。也許你應該去問別人。」
0x047F,Timmons,Timmons,,0x3aa,0,1,False,「我聽說過這個叫 Sprellic 的人，他聲稱自己是比傷痕圖書館裡任何人都偉大的戰士，以及他是如何從他們牆上偷走榮譽旗幟的。所以我找上了這個人，並親自向他挑戰決鬥。」
0x047F,Timmons,Timmons,,0x493,0,1,False,「不幸的是，在我有機會讓 De Snel 大師留下深刻印象之前，與 Sprellic 的決鬥就被取消了。」
0x047F,Timmons,Timmons,,0x50d,0,1,False,「新馬金西亞港口一艘船上的水手第一次告訴我關於傷痕圖書館的事，說它是全不列顛尼亞最偉大的戰鬥公會，以及它的訓練師 De Snel 大師如何創造了完美的戰鬥風格。我立刻花光身上所有的錢來到這裡。但 De Snel 現在拒絕收我為徒。我知道如果我能擊敗一個自稱比公會裡任何人都強的戰士，並在這個過程中幫助恢復公會的榮譽，De Snel 最終就不得不接受我。」
0x047F,Timmons,Timmons,,0x6ed,0,1,False,「傷痕圖書館的訓練師 De Snel 大師拒絕讓我加入，直到我在戰鬥中證明自己。在 Jhelom 這個城鎮，唯一能在戰鬥中證明自己的方法就是決鬥。但我母親把我教養成一個完美的紳士。到目前為止，我還沒有成功地充分冒犯任何人，以至於讓他們向我挑戰決鬥。嗯。也許我只是不適合成為傷痕圖書館的一員。」
0x047F,Timmons,Timmons,,0x882_0x8a1,0,1,True,「很高興能和你說話，<HONORIFIC>。」
0x0480,Iriale,Iriale,,0x1a,0,1,False,你看到一位穿著戰士裝備的迷人女子。她兇狠地看著你。
0x0480,Iriale,Iriale,,0x66,0,1,False,「站住！」
0x0480,Iriale,Iriale,,0x76,0,1,False,「你想要什麼？」 Iriale 質問道。
0x0480,Iriale,Iriale,,0xa3,0,1,False,「我叫 Iriale Silvermist 。你是誰？」
0x0480,Iriale,Iriale,,0xd9,0,1,False,「我不認識你！」
0x0480,Iriale,Iriale,,0xf2,0,1,False,「我不贊成開玩笑。」
0x0480,Iriale,Iriale,,0x111,0,2,False,Iriale 露出惡魔般的微笑。
0x0480,Iriale,Iriale,,0x111,1,2,False,「我禁止人們進入。你違反了冥想靜修院 (Meditation Retreat) 的規定。 Ian 會非常不高興。你最好現在就離開。」
0x0480,Iriale,Iriale,,0x1dd,0,1,False,「你心知肚明。修院的參加者必須遠離這個洞穴。」
0x0480,Iriale,Iolo,,0x223_0x230,0,1,True,「來吧，<PLAYER_NAME>，我們最好離開。我相信這位女士是認真的。」
0x0480,Iriale,Iriale,,0x270,0,1,False,「那是剛才在這裡的那個臭蠻人的名字嗎？如果你在『出去的路上』看到他，告訴他如果他再靠近我，我就砍下他的頭！」
0x0480,Iriale,Iriale,,0x313,0,2,False,「是的，我為冥想靜修院工作。
0x0480,Iriale,Iriale,,0x313,1,2,False,而且我為『他』工作。『他』不希望你在這裡。我只給你一次轉身離開的機會。」
0x0480,Iriale,Iriale,,0x3ac,0,1,False,「你要離開嗎？」
0x0480,Iriale,Iriale,,0x3c5,0,1,False,「照做我就饒了你！」她看著你轉身離開。
0x0480,Iriale,Iriale,,0x400,0,1,False,她看到你下定決心的樣子，點了點頭。「那就死吧，愚蠢的傢伙！」
0x0480,Iriale,Iriale,,0x45c,0,1,False,「快滾！」
0x0481,Russell,Russell,,0x53,0,1,False,在你面前的是一位看起來很精明的工匠，顯然對平靜的生活充滿滿足感。
0x0481,Russell,Russell,,0xb4,0,1,False,「我能為你做什麼？」Russell 說道。
0x0481,Russell,Russell,,0xe4,0,1,False,「我是 Russell ，一名造船匠。」
0x0481,Russell,Russell,,0x10f,0,1,False,「我在 New Magincia 造船。這是我非常喜歡的職業。我也販售船的契據，以及能在大海中航行的六分儀。」
0x0481,Russell,Russell,,0x1b7,0,1,False,「但我已經把『小仙女號 (The Nymphet)』的契據賣給你了！恐怕那是我現在唯一的一艘船。」
0x0481,Russell,Russell,,0x22f,0,1,False,「你想買我的船『小仙女號 (The Nymphet)』嗎？契據要價 600 枚金幣。」
0x0481,Russell,Russell,,0x28b_0x2be,0,1,True,「『小仙女號 (The Nymphet)』是你的了，<HONORIFIC>。好好享受航海吧。」
0x0481,Russell,Russell,,0x2dd,0,1,False,「你帶太多東西，拿不動契據了。放下一些東西再來吧。」
0x0481,Russell,Russell,,0x32c_0x33f,0,1,True,「我很抱歉，<HONORIFIC>，你沒有足夠的金幣。」
0x0481,Russell,Russell,,0x361_0x371,0,1,True,「我了解，<HONORIFIC>，不是每個人都適合出海。」
0x0481,Russell,Russell,,0x399,0,1,False,「等我的店再次營業時，我會很樂意為你服務。」
0x0481,Russell,Russell,,0x3dc,0,1,False,「你想買我精良的六分儀嗎？要價 40 枚金幣。」
0x0481,Russell,Russell,,0x41d_0x2be,0,1,True,「這是你的了，<HONORIFIC>。好好享受航海吧。」
0x0481,Russell,Russell,,0x433,0,1,False,「我很樂意把六分儀交給你，但你必須放下一些東西！你帶太多東西，拿不動了。」
0x0481,Russell,Russell,,0x32c_0x33f,0,1,True,「我很抱歉，<HONORIFIC>，你沒有足夠的金幣。」
0x0481,Russell,Russell,,0x361_0x4a3,0,1,True,「我了解，<HONORIFIC>，我們之中有些人光靠肉眼看星星就能航行了！」
0x0481,Russell,Russell,,0x4e6,0,1,False,「目前我的店打烊了。如果你在營業時間回來，我會很樂意為你服務。」
0x0481,Russell,Russell,,0x547,0,1,False,「New Magincia 一直很平靜。最近很少有外地人惹麻煩。」
0x0481,Russell,Russell,,0x59b,0,1,False,「在你抵達之前，除了船難的倖存者，New Magincia 已經好幾年沒有陌生人來過了。」
0x0481,Russell,Russell,,0x610,0,1,False,「我找到了殘骸。有三個人正緊抓著它保命。」
0x0481,Russell,Russell,,0x661,0,1,False,「我以前從沒見過那樣的船。標記顯示它是由一位名叫 Owen 的 Minoc 造船匠建造的。它的結構不是很好。」
0x0481,Russell,Russell,,0x6ed,0,1,False,「他們來自海盜巢穴 (Buccaneer's Den)。大多數來這裡的人，都是因為在前往或離開海盜巢穴 (Buccaneer's Den)的途中迷路了。」
0x0481,Russell,Russell,,0x79a,0,1,False,「那三個人想回去。他們說海盜巢穴 (Buccaneer's Den)有一間賭場。」Russell 聳聳肩。「好像這能成為去那裡的理由似的。」
0x0481,Russell,Russell,,0x839,0,1,False,「我提議賣給他們一艘船，但他們沒有錢。當我不願免費給他們時，他們看起來竟然覺得被冒犯了！」
0x0481,Russell,Russell,,0x8c1,0,1,False,「那三個陌生人試圖拿某種小飾品來跟我換，要我建造或賣給他們一艘船。聽起來就像你描述的吊飾盒。」
0x0481,Russell,Russell,,0x959,0,1,False,「我本來就不會接受他們的提議，但我很好奇。後來當我想再看那件小飾品時，他們就什麼也沒說了。我懷疑他們是否真的有那個東西。」
0x0481,Russell,Russell,,0xa11,0,1,False,「我忍不住注意到你的獎章。它看起來有點邪惡。我不記得以前見過類似的東西。」
0x0481,Russell,Russell,,0xa81,0,1,False,「皇冠寶石號不久前才剛離開這裡。我不知道它要去哪裡。」
0x0481,Russell,Russell,,0xad3,0,1,False,「自從我們上次談到皇冠寶石號之後，我就再也沒聽到關於它的消息了。」
0x0481,Russell,Russell,,0xb37,0,1,False,「就在皇冠寶石號離開時，我看到一個帶著鐵鉤的男人跳上了船。有一隻石像鬼和他同行。」
0x0481,Russell,Russell,,0xbb3,0,1,False,「自從我們上次談到這個叫 Hook 的男人之後，我就再也沒聽到關於他的消息了。」
0x0481,Russell,Russell,,0xc20_0xc33,0,1,True,「一路平安，<HONORIFIC>。」
0x0482,Boris,Boris,,0x29,0,1,False,「你準備好付清帳單了嗎？」
0x0482,Boris,Boris,,0x51,0,1,False,「那麼，再見！」
0x0482,Boris,Boris,,0x6b,0,1,False,你看到一個帶著淫笑、姿勢不良的男人，正在自顧自地咯咯笑著。
0x0482,Boris,Boris,,0xc3,0,1,False,「這不是 Dupre 嗎！現在是 Dupre 『爵士』了，對吧？」
0x0482,Boris,Dupre,,0x10b,0,1,False,「的確如此， Boris 。」
0x0482,Boris,Boris,,0x12b,0,1,False,「嗯——在我看來，你似乎還有帳單沒付清？對吧？」
0x0482,Boris,Dupre,,0x174,0,1,False,「喔？有嗎？」
0x0482,Boris,Boris,,0x18a,0,1,False,「當然有！讓我看看……我相信你總共欠了 74 枚金幣。恐怕你必須先付清帳單，我才能和你或是你的同伴說話。」
0x0482,Boris,Dupre,,0x222,0,1,False,Dupre 看起來很尷尬。他轉向你。「我的朋友，你能幫我個忙嗎？」
0x0482,Boris,Dupre,,0x27a,0,1,False,「謝謝你，聖者。」
0x0482,Boris,Dupre,,0x296,0,1,False,你把金幣交給 Boris 。
0x0482,Boris,Boris,,0x2b3,0,1,False,「很高興能和你做生意， Dupre 爵士！歡迎來到我的酒館！」
0x0482,Boris,Boris,,0x303,0,1,False,「嗯，我們的金幣跑哪去了？」
0x0482,Boris,Boris,,0x32f,0,1,False,「恐怕我們的口袋太空了！」
0x0482,Boris,Boris,,0x358,0,1,False,「好吧，在你的帳單付清之前，我不會為你服務，也不會和你說話！」
0x0482,Boris,Boris,,0x3b7,0,1,False,「又見面了，」Boris 說道。
0x0482,Boris,Boris,,0x3dc,0,1,False,「叫我 Boris 。」
0x0482,Boris,Boris,,0x3f3,0,1,False,「我在 New Magincia 經營謙遜少女 (The Modest Damsel) 酒館。」
0x0482,Boris,Boris,,0x468,0,1,False,「這是一間小客棧和酒館。我是老闆，和我妻子 Magenta 一起經營。你想吃或喝點什麼，還是需要一間房間？」
0x0482,Boris,Boris,,0x51b,0,1,False,「謙遜少女酒館現在打烊了。但請在營業時間再來。」
0x0482,Boris,Boris,,0x564,0,1,False,「幾年前老市長，也就是她父親去世後，她就成了 New Magincia 的市長。她做得非常好，到目前為止還沒有人反對她擔任這個職位。」
0x0482,Boris,Boris,,0x612,0,1,False,「我保證你會喜歡我們的食物和飲料。」
0x0482,Boris,Boris,,0x649,0,1,False,「你何不留宿一晚？只要 3 枚金幣就能租下我們的一間房間。你想留宿一晚嗎？」
0x0482,Boris,Boris,,0x6b6,0,1,False,「這是你的房間鑰匙。只能在這家客棧使用。」
0x0482,Boris,Boris,,0x6f6_0x703,0,1,True,「抱歉，<HONORIFIC>，你必須卸下一些負重，我才能把房間鑰匙交給你。」
0x0482,Boris,Boris,,0x74c,0,1,False,「你沒有足夠的金幣租我的房間。」
0x0482,Boris,Boris,,0x77d,0,1,False,「或許改天晚上吧。」
0x0482,Boris,Boris,,0x79c,0,1,False,「在整個不列顛尼亞，你找不到改變這麼少的地方。甚至連這裡的人似乎也總是一樣。」
0x0482,Boris,Boris,,0x816,0,1,False,「有商人、勞工，還有一些新來的人。」
0x0482,Boris,Boris,,0x868,0,1,False,「他們是造船匠 Russell 、小販 Henry ，還有賣花的 Sam 。」
0x0482,Boris,Boris,,0x8c6,0,1,False,「他們是牧羊女 Katrina ，和挑水工 Constance 。」
0x0482,Boris,Boris,,0x917,0,1,False,「除了那三個陌生人之外，島上唯一比較新來的人就是聖人 Alagner 。」
0x0482,Boris,Boris,,0x97d,0,1,False,「當然， Alagner 不是來自 New Magincia ，但他遊歷世界後在這裡定居，因為他深知我們這份和平與寧靜的價值。」
0x0482,Boris,Boris,,0xa10,0,1,False,「Russell 是位才華洋溢的藝術家兼工匠，他不太在乎財富或名聲。他只滿足於建造精美的船隻，並看著它們航行。」
0x0482,Boris,Boris,,0xaa9,0,1,False,「Katrina 不止一次對這個鎮上的人伸出援手。每當提到你的名字，她臉上總會浮現有趣的笑容。」
0x0482,Boris,Katrina,,0xb2a,0,1,False,「那是因為聖者是我最親密的朋友之一。」
0x0482,Boris,Boris,,0xb64,0,1,False,「我不是妳最親密的朋友之一嗎， Katrina ？」
0x0482,Boris,Katrina,,0xba1,0,1,False,「你真是個調情高手， Boris ！Magenta 知道你有多想和島上其他女人成為『最親密的朋友』嗎？」
0x0482,Boris,Boris,,0xc20,0,1,False,「妳這是在折磨我， Katrina ！」他笑著說。
0x0482,Boris,Boris,,0xc5a,0,1,False,「Henry 的父母非常窮，他沒餓死真是個奇蹟。我想是 Constance 支持他撐下去的。他從小就愛著她。」
0x0482,Boris,Boris,,0xcde,0,1,False,「Constance 是個孤兒，主要由 Katrina 撫養長大。她的純真只遜於她的美貌。大家都愛她。」Boris 兩眼發直地凝視著前方幾秒鐘才回過神來。
0x0482,Boris,Boris,,0xd94,0,1,False,Boris 笑了。「你得親自去見見 Sam 。他是個不可思議的人，正在鑽研享受生活的藝術。」
0x0482,Boris,Boris,,0xe09,0,1,False,「一場船難為我們的島帶來了三個陌生人。謠傳其中一個是來自海盜巢穴 (Buccaneer's Den)的有錢紳士，另外兩個是他雇用的劍客。他們有天晚上在這裡喝酒。他們不是我想在店裡接待的那種客人。」
0x0482,Boris,Boris,,0xf0c,0,1,False,「我再也不想聽到關於那個吊飾盒的事了！別跟我提它！」
0x0482,Boris,Boris,,0xf5b,0,1,False,「我很確定我從沒見過這樣的吊飾盒。不過，我很樂意幫你留意。」
0x0482,Boris,Boris,,0xfb6,0,1,False,你告訴 Boris 你從海盜 Battles 那裡聽到的事。他冒出一身冷汗。「你看穿了我的謊言。我這就把它交給你。」他打開吧檯後面的一個秘密暗格，往裡面看去。當他轉頭看你時，臉色蒼白。「吊飾盒不見了！我向你發誓，我不知道它在哪裡！」
0x0482,Boris,Boris,,0x10f3,0,1,False,「我還是找不到那個吊飾盒！」Boris 看起來像要抓狂了，「但我會繼續找，直到找到為止！」
0x0482,Boris,Boris,,0x116f,0,1,False,「祝你旅途愉快！」
0x0483,Magenta,Magenta,,0x29,0,1,False,你看到一位看起來很謙虛的年長婦女。她對你露出友好的微笑。
0x0483,Magenta,Magenta,,0x7e_0x9f,0,1,True,Magenta 笑了笑。「日安，<HONORIFIC>。我能幫你什麼忙嗎？」
0x0483,Magenta,Magenta,,0xc1,0,1,False,「我是 Magenta ，來自 New Magincia 。」
0x0483,Magenta,Magenta,,0xfe,0,1,False,「我是 New Magincia 的鎮長，也是 Boris 的妻子。」
0x0483,Magenta,Magenta,,0x14b,0,1,False,「這份工作其實不太需要實際的行政管理。我主要是確保大家都能和睦相處。除此之外，這個鎮幾乎是自行運作的。」
0x0483,Magenta,Magenta,,0x1ef,0,1,False,「甚至這裡的稅收也比不列顛尼亞的任何其他地方都輕。不列顛尼亞稅務委員會甚至有時會連續好幾年忘記來這裡收稅。」
0x0483,Magenta,Magenta,,0x292,0,1,False,「Boris 是當地的客棧老闆，說句實話，他有點像個無賴。但他很會倒酒，也很會說故事。雖然我得盯著他，但我愛他。」
0x0483,Magenta,Magenta,,0x332,0,1,False,「喔，就像這裡流傳的笑話說的， New Magincia 永遠沒有『新』鮮事。但我們就喜歡這樣。我們這裡很少有訪客。」
0x0483,Magenta,Magenta,,0x3cf,0,1,False,「我聽說還有三個新來的人在附近徘徊。我總是盡量把人往好處想，但你還是要小心他們。」
0x0483,Magenta,Magenta,,0x458,0,1,False,「鎮上的其他人現在肯定已經見過他們了。也許他們會有更多消息。」
0x0483,Magenta,Magenta,,0x4b6,0,1,False,你看到 Henry 描述的吊飾盒掛在 Magenta 的脖子上。「它不美嗎？這是我在我丈夫吧檯後面的祕密藏匿處找到的。」
0x0483,Magenta,Magenta,,0x552,0,1,False,「我從沒想過 Boris 會這麼浪漫。這個吊飾盒一定是給我的驚喜！」
0x0483,Magenta,Magenta,,0x5b9,0,1,False,「在被我抓到那麼多次尋歡作樂和狂歡之後，他一定是在想辦法重新討我歡心。」
0x0483,Magenta,Magenta,,0x626,0,1,False,「嗯，我『確實』認為他是想把它送給我，好彌補他被我抓到那麼多次尋歡作樂和狂歡的事。」
0x0483,Magenta,Magenta,,0x6ac,0,1,False,「說真的，你覺得 Boris 會不會是想把這個吊飾盒送給別人？」
0x0483,Magenta,Magenta,,0x6ff,0,1,False,Magenta 震驚地睜大眼睛。「誰？」
0x0483,Magenta,Magenta,,0x746,0,1,False,「我絕不可能戴著原本要送給別的女人的珠寶。作為鎮長，聖者，我將把它還給她（或者更確切地說，還給本來打算送她的人）的任務交給你。至於 Boris ……哼，我晚點再來收拾他！」
0x0483,Magenta,Magenta,,0x83b,0,1,False,「這是吊飾盒。拿去吧。」
0x0483,Magenta,Magenta,,0x860,0,1,False,「我不能把吊飾盒交給你。你帶太多東西了。放下一點東西後再來吧。」
0x0483,Magenta,Magenta,,0x8c1,0,1,False,Magenta 看起來很困惑。「我想知道那是誰？」
0x0483,Magenta,Magenta,,0x8fd,0,1,False,然後 Magenta 眼神中閃過一絲凶光。「那麼，我就去把他打到招認為止！」
0x0483,Magenta,Magenta,,0x95e,0,1,False,Magenta 鬆了一口氣。「我很高興你這麼說。現在我收下它就不會有罪惡感了。」
0x0483,Magenta,Magenta,,0x9c7,0,1,False,「Boris 願意買這麼昂貴的禮物給我，我受寵若驚。但他怎麼買得起？」
0x0483,Magenta,Magenta,,0xa45,0,1,False,雖然 Magenta 努力保持尊嚴，但她無法掩飾自己的失望。「作為鎮長，我將尋找這個吊飾盒的主人並物歸原主的任務交給你。」
0x0483,Magenta,Magenta,,0xaeb,0,1,False,「拿去吧。」
0x0483,Magenta,Magenta,,0xafe,0,1,False,「你連這麼小的東西都帶不下了！如果你能放下一些東西，我就把吊飾盒交給你。」
0x0483,Magenta,Magenta,,0xb6e,0,1,False,Magenta 看起來很困惑。然後她笑了。「喔，好吧。它真的很漂亮，不是嗎？如果他認為這樣能改善我們的夫妻關係，那他也沒完全錯！」
0x0483,Magenta,Magenta,,0xc22,0,1,False,「嗯，我起初還以為 Boris 買了這個吊飾盒要給我個驚喜！等我抓到那個沒用的……」Magenta 氣得滿臉通紅。
0x0483,Magenta,Magenta,,0xcb0,0,1,False,「我期待下次見到你。」
0x0484,Henry,Henry,,0x26,0,1,False,你看到一個衣衫襤褸的年輕人，顯然正在承受失戀之痛。
0x0484,Henry,Henry,,0x72_0xac,0,1,True,Henry 向你打招呼。「很高興再次和你說話，<HONORIFIC>！」
0x0484,Henry,Henry,,0xb3_0xd0,0,1,True,「我的名字是 Henry ，<HONORIFIC>。」
0x0484,Henry,Henry,,0xd7,0,1,False,「工作？！誰心碎了還有辦法工作？！」
0x0484,Henry,Henry,,0x115,0,1,False,「雖然我被稱為小販，但我擁有 New Magincia 裡最齊全的商品。」
0x0484,Henry,Henry,,0x176,0,1,False,「我一輩子都住在這裡，從沒去過其他地方。這裡基本上是個非常美好的地方，人們仍然堅持著古老的傳統和價值觀。世界上的其他人一定認為時代拋棄了我們，但其實是他們失去了曾經擁有的一切。」
0x0484,Henry,Henry,,0x282,0,1,False,「我被我愛的女人拒絕了。」
0x0484,Henry,Henry,,0x2b1,0,1,False,他的眼睛亮了起來。「她的名字是 Constance ，她是世界上最美麗的女人，我們曾經相愛過一段時間。」他神色黯然，深深嘆了口氣。「但那是在我犯下一個可怕的錯誤之前……」
0x0484,Henry,Henry,,0x3ac,0,1,False,「她是鎮上的挑水工。她將謙卑之井的水送到鎮上的每戶人家。」
0x0484,Henry,Henry,,0x404,0,1,False,「我答應送給她一個非常古老且珍貴的吊飾盒，作為我愛慕的信物。我兒時的朋友 Katrina 把那個吊飾盒送給了我。」
0x0484,Henry,Henry,,0x4b0,0,1,False,「我還來不及把吊飾盒交給她就弄丟了。我找遍了所有地方都找不到。現在， Constance 認為我是個無賴，拋棄了我。」
0x0484,Henry,Henry,,0x553,0,1,False,「Katrina 是 New Magincia 的牧羊女。她從我小時候就是我的朋友了。」
0x0484,Henry,Katrina,,0x5ac,0,1,False,「我們曾有過一些美好的回憶，不是嗎， Henry ？」
0x0484,Henry,Henry,,0x5f0,0,1,False,「喔，確實如此！但妳不願做我的愛人，所以我們很久以前就認命當『普通朋友』了，不是嗎？」
0x0484,Henry,Katrina,,0x672,0,1,False,「妳說什麼就是什麼，親愛的 Henry 。」
0x0484,Henry,Henry,,0x6a7,0,1,False,「我昨天和那三個陌生人說過話後，就發現我的吊飾盒不見了。你能幫我找到它嗎？」
0x0484,Henry,Henry,,0x71a_0x730,0,1,True,「喔，謝謝你，<HONORIFIC>！如果不是你，我真不知道該怎麼辦。」
0x0484,Henry,Henry,,0x767_0xd0,0,1,True,「喔，好吧……我知道你忙著自己的任務。謝謝你聽我訴苦，<HONORIFIC>。」
0x0484,Henry,Henry,,0x7b9,0,1,False,「New Magincia 還有三個陌生人。他們比你早幾天到。他們的船沉了，他們好不容易才保住性命來到這裡。」
0x0484,Henry,Henry,,0x845,0,1,False,「你找到吊飾盒了！」
0x0484,Henry,Henry,,0x864,0,1,False,你把吊飾盒交給 Henry 。「現在我可以把它交給 Constance ，並實現我對她的承諾了！我實在感激不盡，聖者！」
0x0484,Henry,Katrina,,0x8f5,0,1,False,「我很高興這件事對你有了好結果，親愛的 Henry 。」
0x0484,Henry,Henry,,0x93c,0,1,False,「謝謝妳， Katrina 。」
0x0484,Henry,Henry,,0x95b,0,1,False,當你沒有要把它交給他時，他看起來心急如焚。「它在哪裡？！我需要它來向我愛的女人證明我的心意！」
0x0484,Henry,Henry,,0x9e9,0,1,False,「祝你旅途平安，一切順利。」
0x0485,Constance,Constance,,0x36,0,1,False,你看到一位宛如天使般的年輕女子，她對你露出完全天真無邪的微笑。
0x0485,Constance,Constance,,0x94_0x98,0,1,True,「<HONORIFIC>！」Constance 睜大眼睛說，「我能為你做什麼嗎？」
0x0485,Constance,Constance,,0x94_0xdc,0,1,True,「<HONORIFIC>，我的名字是 Constance。」她害羞地垂下眼睛。
0x0485,Constance,Constance,,0x11a,0,1,False,「我將謙卑之井的水送到 New Magincia 的每戶人家。」
0x0485,Constance,Constance,,0x179,0,1,False,「井水純淨清涼。如果你願意，我倒一些給你。」
0x0485,Constance,Constance,,0x1bc,0,1,False,Constance 帶著大大的微笑，拿著水勺浸入水桶清涼的水中。她舀出水，把水勺遞給你。你喝了下去，覺得水很好喝，非常提神。
0x0485,Constance,Iolo,,0x263,0,1,False,「其實我也覺得很渴。我也能喝點嗎？」Constance 點點頭，遞給他一勺水。他大口大口地喝了起來，發出咕嚕咕嚕的聲音。
0x0485,Constance,Shamino,,0x305,0,1,False,「我也覺得口乾舌燥。女士，妳願意分一點水給我嗎？」Constance 為 Shamino 舀了一勺水，他喝得水都流到下巴了。
0x0485,Constance,Shamino,,0x39b,0,1,False,你看到 Shamino 碰了碰 Dupre 。「你不喝一點嗎？」
0x0485,Constance,Dupre,,0x3dc,0,1,False,「我還是等我們找到比水更『夠勁』的東西再來解渴吧。」
0x0485,Constance,Spark,,0x42c,0,1,False,Constance 遞給 Spark 一勺滿滿的水。他長長地啜了一口，一飲而盡。喝完後，他打了個嗝。他尷尬地咧嘴一笑，帶著歉意向 Constance 鞠躬，然後把水勺還給她。
0x0485,Constance,Constance,,0x4fa,0,1,False,「如果你改變主意，只要告訴我一聲就行了。」
0x0485,Constance,Constance,,0x53a,0,1,False,「島上有三個陌生人！他們在這裡遭遇了船難！我見過他們。他們的領袖名叫 Robin 。」
0x0485,Constance,Constance,,0x5b4,0,1,False,「我在 New Magincia 出生，一輩子都住在這裡。但現在我想離開，因為我的心碎了。」
0x0485,Constance,Constance,,0x627,0,1,False,「我曾經愛過小販 Henry ，但後來我得知他是個騙子，也是個無賴。也許很快我的心就會屬於別人。」
0x0485,Constance,Constance,,0x6b4,0,1,False,你告訴 Constance 關於 Robin 對她的計畫。她震驚地看著你。「非常感謝。我現在知道我真正的歸宿是和 Henry 在一起。」
0x0485,Constance,Constance,,0x74f,0,1,False,你告訴 Constance 你是如何歸還從 Henry 那裡被偷走的吊飾盒。「喔，我怎麼能懷疑我親愛的 Henry 呢？」她皺起眉頭。「謝謝你告訴我真相。」
0x0485,Constance,Henry,,0x808,0,1,False,「Constance ，我很抱歉事情變得這麼糟，但如果妳願意，我希望妳收下這個吊飾盒，作為我愛情的信物。」
0x0485,Constance,Constance,,0x895,0,1,False,「我親愛的 Henry ，我的心只屬於你。」
0x0485,Constance,Constance,,0x8cb,0,1,False,「島上有個迷人又神祕的陌生人，名叫 Robin 。他說有一天他會帶我去看世界，買很多好東西給我。」Constance 嘆了口氣。「他甚至送了我一些漂亮的花。」
0x0485,Constance,Constance,,0x997,0,1,False,「他是個有錢人，他的兩個朋友是高大強壯的男人。他們一直跟我說一個聽起來很棒的地方，叫海盜巢穴 (Buccaneer's Den)。」
0x0485,Constance,Constance,,0xa4e,0,1,False,「他們的名字是 Battles 和 Leavell 。他們兩人都像真正的紳士一樣對待我。」
0x0485,Constance,Constance,,0xac2,0,1,False,「海盜巢穴 (Buccaneer's Den) 一定是個仙境。那裡有一個會給你錢的紡車！你能想像嗎！還有富麗堂皇、奢華的浴池。」
0x0485,Constance,Constance,,0xb6b,0,1,False,「Battles 起初很安靜。我以為他看起來很兇，但一旦你認識他，會發現他人很好。他告訴我他對抗過各種怪物，還有他在南海劫掠船隻的刺激故事。」
0x0485,Constance,Constance,,0xc31,0,1,False,「Leavell 迷人又風趣。他總能讓我笑。」
0x0485,Constance,Constance,,0xc67,0,1,False,「嗯， New Magincia 絕對沒有那種東西。我以前甚至從沒聽說過那種事！」
0x0485,Constance,Constance,,0xcc7,0,1,False,「聽起來不是很棒嗎？」
0x0485,Constance,Constance,,0xce9,0,1,False,你溫和地向 Constance 解釋， Robin 、 Battles 和 Leavell 是無賴，意圖對她造成極大的傷害。她非常震驚。然後你解釋說他們不會再找她麻煩了。她向你道謝。
0x0485,Constance,Constance,,0xdb3_0xdd2,0,1,True,「很高興能和你說話，<HONORIFIC>。」
0x0486,Robin,Robin,,0x39,0,1,False,你看到一個流氓般的男人，穿著似乎是某個貴族破舊的二手衣服。
0x0486,Robin,Robin,,0x9b,0,1,False,「你好，有什麼我可以為你效勞的嗎？」Robin 問道。
0x0486,Robin,Robin,,0xe1_0xfd,0,1,True,「我的名字是 Robin，<HONORIFIC>。很高興見到你。我最近才來到 New Magincia。」
0x0486,Robin,Robin,,0x148,0,1,False,「我父親，一位受人尊敬的貴族——為了不玷污他的名聲，我就不提他的名字了——他不承認我是他的合法子嗣，並與我斷絕了關係。但他確實教會了我謀生的職業。」
0x0486,Robin,Robin,,0x227_0x26a,0,1,True,「哎呀，當然是那個最迷人、最受人尊敬的職業，<HONORIFIC>。那就是在賭局中贏錢。」
0x0486,Robin,Robin,,0x28f,0,1,False,「我不是本地人。在與賭場老闆發生爭執後，我和我的同僚們不得不迅速離開海盜巢穴 (Buccaneer's Den)。那也是一段艱辛的航程。」
0x0486,Robin,Robin,,0x35d,0,1,False,「我的朋友是 Battles 和 Leavell。他們的工作是保護我和我贏來的錢。作為交換，他們可以分享我的利潤。」
0x0486,Robin,Robin,,0x3fa,0,1,False,「我從他那準備逼他跳板的船長手中救了他。我用擲骰子跟那位船長賭這小子的命。後來，Battles 領導了一場叛變奪取了那艘船，還有……嗯，那是另一個故事了。」
0x0486,Robin,Robin,,0x4d5,0,1,False,「我從一群憤怒的貴族女兒手中救了他，她們剛剛發現他同時在追求她們所有人。如果不是我，他肯定已經沒命了！但我說得太遠了。」
0x0486,Robin,Robin,,0x58a,0,1,False,「那是我們大半輩子居住的地方。那裡有很多粗暴的傢伙，而且在那裡帶著大量金錢閒晃可不是什麼好主意。」
0x0486,Robin,Robin,,0x62e,0,1,False,「我贏了賭場一筆驚人的黃金，那裡的『先生』Gordy 指控我作弊。他派了他的打手 Sintag 來追捕我們。海盜可不喜歡輸！」
0x0486,Robin,Robin,,0x6dd,0,1,False,「別問我他為什麼叫那個名字！不過那裡的每個人都這麼叫他！」
0x0486,Robin,Robin,,0x735,0,1,False,「我們搭了第一艘出港的船，但在我們回到大陸之前，它就沉了。我們三個好不容易才死裡逃生來到 New Magincia。現在我們被困在這裡了。」
0x0486,Robin,Robin,,0x7fe,0,1,False,「我不知道有什麼陌生人。我自己也才剛到這裡。」
0x0486,Robin,Robin,,0x844,0,1,False,「特別要遠離的一個粗暴傢伙是一個名叫 Hook 的男人。他會為了一點小事就殺了你。你可以從他那隻鐵鉤手認出他。」
0x0486,Robin,Robin,,0x8e6,0,1,False,「我不知道更多了。如果你認為我會自願與那種人打交道，那你一定是認錯人了！」
0x0486,Robin,Robin,,0x956,0,1,False,「我們正試圖回到海盜巢穴 (Buccaneer's Den)。我本來希望能賣掉我手邊的一個金吊飾盒來買我們回去的船票，但我恐怕它已經遺失了。如果你有遇到它，一定要讓我知道。」
0x0486,Robin,Robin,,0xa38,0,1,False,「你是友誼會的成員！多年來，我一直看到友誼會的成員在賭坊 (House of Games)贏得大筆賭金。你能告訴我他們的祕密嗎？」
0x0486,Robin,Robin,,0xada,0,1,False,「你當然可以。但我猜你不會。」Robin 聳了聳肩。
0x0486,Robin,Robin,,0xb1d,0,1,False,「如果我不相信你，請見諒。」
0x0486,Robin,Robin,,0xb48,0,1,False,「沒錯。我們買不起造船匠賣的那艘破船。
0x0486,Robin,Robin,,0xb82,0,1,False,「不過話說回來，你一定是用某種方式來到這裡的！你有什麼船可以讓我們離開這座島嗎？」
0x0486,Robin,Robin,,0xbfe,0,1,False,「如果你願意載我們回海盜巢穴 (Buccaneer's Den)，我可以付給你豐厚的報酬。」
0x0486,Robin,Robin,,0xc6c,0,1,False,「如果你有找到離開這座島的方法，請允許我們與你同行。」
0x0486,Robin,Robin,,0xcbe,0,1,False,「當然，我現在此時此刻無法付錢給你。但當我們到達海盜巢穴 (Buccaneer's Den)時，我向你保證，我能拿到很多錢。」
0x0486,Robin,Robin,,0xd62,0,1,False,「是的，錢！因為我在 New Magincia 這裡找到了一樣東西，在海盜巢穴 (Buccaneer's Den)它的價值將超過黃金。」
0x0486,Robin,Robin,,0xdfc,0,1,False,「在我告訴你那是什麼之前，你願意答應帶我和我的夥伴回海盜巢穴 (Buccaneer's Den)嗎？」
0x0486,Robin,Robin,,0xe72,0,1,False,Robin 直視著你的眼睛。「你真是個好朋友。我想我該告訴你我們打算從 New Magincia 帶回什麼了。」
0x0486,Robin,Robin,,0xefd,0,1,False,「那麼我就無法信任你，不能告訴你我的計畫。走開。」
0x0486,Robin,Robin,,0xf49,0,1,False,「既然你真的是個朋友，那我知道我可以請你幫個忙。你何不把那個遺失的吊飾盒拿回來給我，我們再來多談談這些事。」他對你露出邪惡的笑容。
0x0486,Robin,Robin,,0x100d,0,1,False,「既然你把我的吊飾盒帶回來了，我想我可以信任你。我打算把 Constance 帶回去，把她賣給浴池的經營者。」
0x0486,Robin,Robin,,0x109d,0,1,False,「既然我知道我可以信任你，我就可以讓你知道我們的計畫。我打算用你的船多帶一個乘客跟我們一起回海盜巢穴 (Buccaneer's Den)。她的名字是 Constance，她應該能從浴池經營者 Glenno 那裡賣個好價錢。足以償還我的債務、付你船資，還有很多剩餘的錢可以讓我在遊戲廳再賭一把！」
0x0486,Robin,Robin,,0x1213,0,1,False,「你必須馬上準備好你的船，準備離開這個地方。我和我的手下會去把 Constance 抓來，然後我們就去跟你會合。但你能告訴我你的船在哪裡嗎？」
0x0486,Robin,Robin,,0x12d3,0,1,False,你告訴 Robin 你的船的位置。他慢慢地爆發出邪惡的笑聲。「謝謝你，朋友。我們剩下要做的就是消除最後一個未了結的問題。既然我們知道你的船在哪裡，我們只要殺了你並奪走它，就能從我們的投資中獲得更多回報。」
0x0486,Robin,Robin,,0x13f9,0,1,False,「你對我們的遊戲失去膽量了嗎，嗯？如果是這樣，那麼我和我的手下別無選擇，只能殺了你來保護我們的祕密！」
0x0486,Robin,Robin,,0x1494_0x14b0,0,1,True,「很高興與你交談，<HONORIFIC>。」
0x0487,Battles,Battles,,0x1f,0,1,False,你面前的男人用狡詐的眼神打量著你。他微微彎著腰，彷彿隨時準備對周圍的世界發動攻擊。
0x0487,Battles,Battles,,0xa5,0,1,False,「什麼事？」Battles 問道。
0x0487,Battles,Battles,,0xc9,0,1,False,「Battles。我自己對 New Magincia 來說也是個陌生人。」
0x0487,Battles,Battles,,0x11c,0,1,False,「我被僱來當 Robin 少爺的保鑣，我的夥伴 Leavell 也是。這份差事薪水很不錯。」
0x0487,Battles,Battles,,0x195,0,1,False,「Robin 是個玩大賭注的賭客，他在海盜巢穴 (Buccaneer's Den)的賭場裡討生活。」
0x0487,Battles,Robin,,0x1fc,0,1,False,「如果沒有你出色的工作，這份營生可就沒這麼賺錢了，Battles。」
0x0487,Battles,Battles,,0x256,0,1,False,「謝謝您，少爺。」
0x0487,Battles,Battles,,0x281,0,1,False,「Robin 靠賭博維生。我想他這輩子從來沒有過一份正經的工作！」
0x0487,Battles,Robin,,0x2d9,0,1,False,「哎呀，謝謝你的誇獎，Battles！」
0x0487,Battles,Battles,,0x309,0,1,False,「海盜巢穴 (Buccaneer's Den) 的賭坊 (House of Games)，那是我這輩子見過最棒的地方。我永遠不會忘記 Robin 第一次帶我去那裡的情景。他不到一個小時就帶著一百枚金幣離開了！」
0x0487,Battles,Battles,,0x3ef,0,1,False,「他是個萬人迷，真的。但別以為他不會打架。那會是你犯的最後一個錯誤。」
0x0487,Battles,Leavell,,0x459,0,1,False,「我幾乎能把你摔倒，Battles，你這老狗！」
0x0487,Battles,Battles,,0x495,0,1,False,「哈！哈！哈！哈！」
0x0487,Battles,Battles,,0x4c5,0,1,False,「哎呀，我估計 Leavell 傷透的心，跟我讓其停止跳動的心臟差不多一樣多！」
0x0487,Battles,Leavell,,0x52c,0,1,False,「這麼多！」
0x0487,Battles,Battles,,0x540,0,1,False,「光是 Leavell 在應付那些嫉妒的丈夫們時所受的訓練，就足以讓任何人成為戰鬥大師了！」
0x0487,Battles,Battles,,0x5b9,0,1,False,「陌生人？～～你說的肯定是我們！」Battles 大聲地哼了一聲。
0x0487,Battles,Battles,,0x60d,0,1,False,「我們正想離開這塊無聊的破石頭，New Magincia，回到海盜巢穴 (Buccaneer's Den)去。如果你有辦法帶我們去那裡，遠離這些鄉巴佬，Robin 少爺會付你豐厚的報酬的。」
0x0487,Battles,Battles,,0x700,0,1,False,「你能想像一輩子待在這裡，日復一日什麼事都沒發生嗎？這足以把人逼瘋！」
0x0487,Battles,Battles,,0x76a,0,1,False,「這裡的人太沒見識了，他們甚至從沒聽過賭博！沒聽過賭博？那可是人生的全部啊！」
0x0487,Battles,Battles,,0x7e0,0,1,False,「我看到 Robin 少爺手裡有一個就像你描述的那樣的吊飾盒。我最後一次看到它是在……讓我想想……就在我們三個去端莊少女(Modest Damsel)酒館喝酒之前。」
0x0487,Battles,Battles,,0x8ae,0,1,False,「回頭見。」
0x0488,Leavell,Leavell,,0x1f,0,1,False,你看到一個年輕人在指尖上平衡著一把匕首。他努力想忽視你。
0x0488,Leavell,Leavell,,0x7e,0,1,False,Leavell 在指尖上平衡著他的匕首。在一陣模糊的動作中，他從半空中抓住了它，並指向你。他直視著你的眼睛。
0x0488,Leavell,Leavell,,0x111,0,1,False,「我是 Leavell。」
0x0488,Leavell,Leavell,,0x129,0,1,False,「和 Battles 一起，我是 Robin 少爺的保鑣。要不是他，我早就進監獄了，而不是來到 New Magincia。」
0x0488,Leavell,Leavell,,0x1cc,0,1,False,「我不知道你在說什麼。」
0x0488,Leavell,Leavell,,0x1f1,0,1,False,「他有著像老鷹般銳利的眼睛，而且動作比貓還快。你最好放尊重點。」
0x0488,Leavell,Battles,,0x252,0,1,False,「哈！哈！你說得太對了，Leavell！」
0x0488,Leavell,Leavell,,0x29c,0,1,False,「如果 Battles 沒有發現那場逼近的風暴，我們肯定早就沒命了！」
0x0488,Leavell,Leavell,,0x2fb,0,1,False,「它對我們的船造成了嚴重的破壞，但老實說，我見過更糟的。」
0x0488,Leavell,Leavell,,0x353,0,1,False,「我見過 Battles 有著比蛇還快的反應速度。」
0x0488,Leavell,Leavell,,0x390,0,1,False,「是的，我做過一些足以讓我被關進監獄的事。但我對我的生活並不感到羞恥。我也不需要向你交代。」
0x0488,Leavell,Leavell,,0x41b,0,1,False,「既然說到這，你也應該對我放尊重點。」Leavell 冷笑著說。
0x0488,Leavell,Leavell,,0x46c,0,1,False,「他是一名職業賭徒，在海盜巢穴 (Buccaneer's Den)的遊戲廳賭桌上贏錢。」
0x0488,Leavell,Robin,,0x4cd,0,1,False,「很快我們就會回去，錢又會像甜酒一樣湧進來，是吧，Leavell？」
0x0488,Leavell,Leavell,,0x533,0,1,False,「賭博是 Robin 賺錢的方式。但他花了很多時間談論不列顛王，你甚至會以為他是皇室成員還是什麼的！」
0x0488,Leavell,Leavell,,0x5bf,0,1,False,Leavell 臉上突然露出尷尬的表情，並停止了說話。
0x0488,Leavell,Robin,,0x602,0,1,False,「說夠了，Leavell！」
0x0488,Leavell,Leavell,,0x620,0,1,False,「我們上次在那裡遇到了一些不幸。遊戲廳的『先生』得知了 Robin 少爺的作弊系統，讓他輸掉了很多黃金。」
0x0488,Leavell,Leavell,,0x6c0,0,1,False,「他設計了一個聰明的方法，可以在機會之屋(House of Chance)的所有各種遊戲中作弊。我敢肯定，這讓他賺到了好幾倍於他體重的金幣。」
0x0488,Leavell,Leavell,,0x774,0,1,False,「當 Robin 少爺無法償還債務時，『先生』派了他的打手 Sintag 和他的無賴們來追捕我們。我們不得不搭乘第一艘離開海盜巢穴 (Buccaneer's Den)的船。我不知道他為什麼被稱為『先生』。」
0x0488,Leavell,Leavell,,0x873,0,1,False,「Battles 和我絕對有能力對付 Sintag……」 
0x0488,Leavell,Battles,,0x8ac,0,1,False,「是啊，你說得他媽的太對了，我們能搞定他！我們會像宰羊一樣割斷他的喉嚨！哈！」 
0x0488,Leavell,Leavell,,0x924,0,1,False,「但 Gordy 雇了一群暴徒來追捕我們。真可惜。我本來想教訓他一兩頓的。事實上，我想總有一天我會的。」
0x0488,Leavell,Leavell,,0x9b3,0,1,False,「我們乘坐的船沉了，把我們困在這裡。我們能活著來到 New Magincia 真幸運！」
0x0488,Leavell,Leavell,,0xa2a,0,1,False,「船員們都不敢相信！那艘船幾乎是新的。它從 Minoc 一路航行過來都沒有問題。事實上，那是那艘船遇到的第一場風暴。船員沒有一個活下來，可憐的傢伙們。」
0x0488,Leavell,Leavell,,0xb01,0,1,False,「如果你有辦法讓我們回到海盜巢穴 (Buccaneer's Den)，Robin 少爺會豐厚地獎賞你。」
0x0488,Leavell,Leavell,,0xb6e,0,1,False,「全是些鄉巴佬蠢貨和羊群。這個鎮上唯一值得多看一眼的就只有 Constance。」
0x0488,Leavell,Leavell,,0xbf0,0,1,False,「這裡的人不是前者就是後者。這個地方太與世隔絕，所以很落後。更糟的是，他們還喜歡這樣！」
0x0488,Leavell,Leavell,,0xc75,0,1,False,「她確實能讓男人充滿活力！我們已經盯上她了，沒錯！」Leavell 迅速清了清嗓子，暫時把目光從你身上移開。
0x0488,Leavell,Leavell,,0xd08,0,1,False,「雖然我自己沒見過這樣的吊飾盒，也許你應該問問 Robin 少爺。」
0x0488,Leavell,Leavell,,0xd61,0,1,False,說完，Leavell 又回去玩他的匕首了。
0x0489,Sam,Sam,,0x46,0,1,False,你看到一位看起來很滿足的蓄鬍男子，臉上有著深深的笑紋和溫柔的雙眼。
0x0489,Sam,Sam,,0xaa,0,1,False,「嘿，你過得好嗎？」Sam 說。
0x0489,Sam,Sam,,0xd3,0,1,False,「我的名字是 Sam 。我是賣花人。你叫什麼名字？」
0x0489,Sam,Sam,,0x118,0,1,False,「很高興認識你。」
0x0489,Sam,Sam,,0x134,0,1,False,「好吧。如果你想當聖者，我不會爭辯。如果你想當的話，你就可以當聖者。」
0x0489,Sam,Sam,,0x19e,0,1,False,「在我看來，我並沒有真正的工作。我賣花給 New Magincia 的人們。雖然我有拿到錢，但這是我非常喜歡做的事。我想知道，這樣還能算是工作嗎？」他若有所思地抓了抓下巴。
0x0489,Sam,Sam,,0x296,0,1,False,「我把我賣的所有花都種在一個也是我家的溫室裡。我賣很多紅玫瑰，但我有很多品種。如果你有興趣買一些，請告訴我！」
0x0489,Sam,Sam,,0x34a,0,1,False,「我親手建造了我的溫室。當我不賣花時，我在那裡從事各種植物和自然的研究。我覺得這很迷人。你可能已經注意到了，我喜歡把它們種得很大！」
0x0489,Sam,Sam,,0x425,0,1,False,「目前我正在研究小麥草可能的用途和應用。很快地，總有一天我會開始整理我的筆記，但這需要漫長的努力，因為我學到了很多。我經營花車主要是為了支持我的工作。」
0x0489,Sam,Sam,,0x511,0,1,False,「正是因為我在研究中學到的東西，我才能把花種得如此巨大和健康。」
0x0489,Sam,Sam,,0x572,0,1,False,「實際上我的生意很好，我也喜歡我的花點亮整個地方的樣子。但反正誰在乎生意呢，你為什麼要問這個？只要說生活很美好就夠了！」
0x0489,Sam,Sam,,0x62e,0,1,False,「只要你有地方住、買得起食物，你就有足夠的錢，所以我認為自己是個富有的人。我每晚在謙遜少女酒館享受美酒和歌聲。我有著興隆的生意和刺激的工作。我把島上的每位居民都當作好朋友。我不對任何人感到憤怒，也不渴望更多。我從來沒有理由感到孤獨、擔憂或無聊。還有什麼比這更好的呢？生活很美好！」
0x0489,Sam,Sam,,0x7d3,0,1,False,「這島上有許多漂亮的女士，她們習慣從遇見的紳士那裡收到花。如果你沒有花，那會造成可怕的尷尬！」
0x0489,Sam,Sam,,0x861,0,1,False,「這島上的紳士對女人的品味有個怪癖。他們無法拒絕任何戴著花的女人。如果你沒有戴花，他們只會忽略你！」
0x0489,Sam,Sam,,0x8f8,0,1,False,「你肯定想買一些吧？」
0x0489,Sam,Sam,,0x91a,0,1,False,「一束花要 12 枚金幣。你還有興趣嗎？」
0x0489,Sam,Sam,,0x952,0,1,False,「這束花是你的了！」
0x0489,Sam,Sam,,0x971,0,1,False,「你的手太滿了，拿不下這束花！」
0x0489,Sam,Sam,,0x9a2,0,1,False,「你沒有錢買花。但別灰心，只要你買得起，我還是會賣的。」
0x0489,Sam,Sam,,0x9f7_0xa0d,0,1,True,「也許下次吧，<HONORIFIC>，」他笑著回答。
0x0489,Sam,Sam,,0xa26,0,1,False,「那也許下次吧。」
0x0489,Sam,Sam,,0xa42,0,1,False,「恐怕我的店現在關門了，但如果你在營業時間回來，我會為你明顯的花卉緊急情況提供解決方案。」
0x0489,Sam,Sam,,0xaca,0,1,False,「這島上有三個陌生人是在船難中被沖上岸的。也許你會遇見他們。」
0x0489,Sam,Sam,,0xb28,0,1,False,「是的，我看到 Henry 拿著那個吊飾盒走過我的店，在找 Constance 。那一定是在他從 Katrina 那裡收到它後沒多久。我記得這件事，因為我給了他一朵花讓他送給 Constance 。可憐的傢伙，等他找到她時，那是他唯一能給她的東西了。」
0x0489,Sam,Sam,,0xc57,0,1,False,「唉呀，他聽起來像是那三個陌生人之一！我見過他。他說話的樣子好像想買些花，但他卻直接走開了。後來我發現我的花車上少了一束花。那個無賴肯定把它們偷走了！」
0x0489,Sam,Sam,,0xd3c,0,1,False,「他一定是我們島上那些遇船難的訪客之一。是的，當他們三個走到我的花車前時，他瞪了我一眼，讓我背脊發涼。我盡力忽略他。我絕對痛恨暴力。」
0x0489,Sam,Sam,,0xe06,0,1,False,「原來那就是我們不速之客其中之一的名字！稍早他們三個來到我的花車時，他跟我說話時非常友善，但我看穿了他。他提到注意到了 Constance ，但其他人示意他安靜。」
0x0489,Sam,Sam,,0xee7,0,1,False,「我不是在這裡出生的。我年輕時來到這裡。我的父親是個貴族，他更感興趣的是我數金幣，而不是致力於學習。有一段時間我在世界各地旅行，直到我落腳在這裡。這是一個與不列顛尼亞其他地方都不同的特別之地。所以當你在這裡時，請幫我們好好照顧它。」
0x0489,Sam,Sam,,0x1044,0,1,False,「享受你的生活吧，朋友。」
0x048A,Gorn,Gorn,,0x7,0,1,False,你看到一張熟悉的臉，是個嚴肅的大鬍子戰士，你曾在上一次前往不列顛尼亞的旅途中見過他。
0x048A,Gorn,Gorn,,0x86,0,1,False,「嗨喲，聖者！」 Gorn 說道。「你想跟我說話嗎？」
0x048A,Gorn,Gorn,,0xcc,0,1,False,「 Brom 的聲音告訴我不能信任你，聖者，」 Gorn 說道。「我以為我們是朋友，我也不想傷害你。但我警告你，不要再跟我說話！」
0x048A,Gorn,Gorn,,0x18e,0,1,False,那戰士瞇起眼睛。「我是 Gorn ，好像你不記得了一樣！很高興再次見到你。」他大笑著拍了你的肩膀。
0x048A,Gorn,Gorn,,0x216,0,1,False,「我的職業是永無止境的壯闊冒險之旅。打從我還是個孩子，從我的家鄉 Balema 被帶走，我就用一生在追尋可以執行的英雄壯舉。」
0x048A,Gorn,Gorn,,0x2d8,0,1,False,「嗨， Balema 就是我的出生地。我小時候在那裡。那是個由白雪覆蓋的山脈和黑暗森林組成的奇妙之地。那不是輕鬆的生活，但那是個把男孩鍛造成強壯英雄的地方。那是我來到不列顛尼亞之前的事了。」
0x048A,Gorn,Gorn,,0x3f6,0,1,False,「嗨！我穿過一道月之門（Moongate）來到不列顛尼亞，就像你一樣。那是很多很多年前的事了。」
0x048A,Gorn,Gorn,,0x477,0,1,False,「我以 Brom 的名義執行英雄壯舉。我做的每一件事都是為了服侍他。」
0x048A,Gorn,Gorn,,0x4da,0,1,False,「他是我的主人，也是所有 Balema 人的主人。 Brom 無所不能，如果我夠強壯，他就會幫助我。有時候我能在腦海中聽到 Brom 的聲音。」
0x048A,Gorn,Gorn,,0x599,0,1,False,「嗨！ Brom 是我的主人。如果他希望我做某事，我就必須做！如果他不想讓我做某事，我就不能做！」
0x048A,Gorn,Gorn,,0x621,0,1,False,「嗨！最近我才開始在腦海中聽到他的聲音。他的聲音告訴我該怎麼做！當我走向這個洞穴時， Brom 的聲音變得更清晰了。」
0x048A,Gorn,Gorn,,0x6df,0,1,False,「當我第一次聽到 Brom 的聲音時，他告訴我應該跟隨他。但當聲音是從你腦海裡傳來時，要怎麼跟隨一個你看不見的人的聲音呢？」
0x048A,Gorn,Gorn,,0x795,0,1,False,「這對我來說非常、非常困難，但過了一段時間我找到了方法。當我越靠近這個洞穴周圍的營地，聲音就越大。當我遠離時，聲音就越小。」
0x048A,Gorn,Gorn,,0x857,0,1,False,「對像我這樣訓練有素的戰士來說，溜進那些關押 Brom 的人的營地非常簡單。他們根本不構成任何威脅。所以危險一定是在下面等著。但我找不到它！」
0x048A,Gorn,Gorn,,0x921,0,1,False,「我看到你戴著那個徽章，你是偽裝成他們其中之一潛入這裡的。非常聰明，聖者！」
0x048A,Gorn,Iolo,,0x994,0,1,False,Iolo 悄悄對你說：「這個人腦袋很靈光，是吧？」
0x048A,Gorn,Gorn,,0x9de,0,1,False,「迄今為止我在這裡找到的唯一危險，是一個女戰士。她很漂亮。當我去和她說話時，她用劍的劍柄打了我的頭。我醒來後她已經不見了。我打賭她以為已經殺了我，但我的頭比那個硬多了。我甚至沒有受傷。」
0x048A,Gorn,Shamino,,0xaf6,0,1,False,Shamino 悄聲對你說：「幸好 Gorn 是被打在他唯一沒有感覺的地方——他的腦袋！」
0x048A,Gorn,Gorn,,0xb63,0,1,False,「嗨，你們在那邊竊竊私語什麼？」
0x048A,Gorn,Shamino,,0xb95,0,1,False,「哦，沒什麼。完全沒什麼。」
0x048A,Gorn,Gorn,,0xbc1,0,1,False,「我知道 Brom 在這個洞穴的某處，在我找到他之前我不會離開這裡！」
0x048A,Gorn,Gorn,,0xc2a,0,1,False,「我越靠近這個洞穴，就越常聽到 Brom 的聲音。但最近他說的話對我來說非常、非常奇怪！」
0x048A,Gorn,Gorn,,0xcad,0,1,False,「他說的第一件奇怪的事是『致力合一（Strive For Unity）』。我說，嗨，這正是我在執行英雄壯舉的原因。然後 Brom 又說了另一件奇怪的事。」
0x048A,Gorn,Gorn,,0xd79,0,1,False,「接下來 Brom 的聲音對我說『信任我的兄弟們（Trust My Brothers）』。這很奇怪，因為我所有的兄弟都在 Balema ，而且我無論如何都不會信任他們。他們都比我大，而且老是欺負我。但就連那個都比不上下一件奇怪的事。」
0x048A,Gorn,Gorn,,0xeb1,0,1,False,「 Brom 的聲音告訴我『價值先行於報償（Worldliness Receives Award）』。我思考那句話很長時間了，還是沒想通。但我不會放棄，直到找到 Brom 。」
0x048A,Gorn,Dupre,,0xf6e_0xfdb,0,1,True,「一個神秘的聲音在某人的腦海中說話，宣揚友誼會的理念。聽起來是否很熟悉，<PLAYER_NAME>？」
0x048A,Gorn,Gorn,,0xfe3,0,1,False,「你願意幫我找到 Brom 嗎？」
0x048A,Gorn,Gorn,,0x100b,0,1,False,Gorn 若有所思地愣了一下。他把手放到耳邊，像是在聆聽什麼。他回過頭看著你，臉上露出震驚的表情。「我剛剛聽到了 Brom 的聲音，他告訴我不能信任你！你從我身邊走開，聖者！我以為你是我的朋友！我不想再和你說話了！」
0x048A,Gorn,Gorn,,0x113b,0,1,False,Gorn 臉上帶著困惑的表情。「你為什麼不幫我找 Brom ？你是覺得這全是某種把戲，還是說我應該繼續獨自尋找 Brom ？」
0x048A,Gorn,Gorn,,0x11fb,0,1,False,「如果你這樣想的話。那我就繼續獨自一人搜尋 Brom 了。祝你在你的任務上好運，聖者。再會！」
0x048A,Gorn,Gorn,,0x127e,0,1,False,Gorn 若有所思地愣了一下。他把手放到耳邊，像是在聆聽什麼。他帶著震驚的表情看著你。「我剛剛聽到了 Brom 的聲音，他說我不該信任你！我以為你是我的朋友，聖者！走開！我不想再和你說話了！」
0x048A,Gorn,Gorn,,0x138a,0,1,False,「那是一直守衛這個地方的那個女戰士的名字。我已經和她打了一仗。她是個強悍的戰士！我必須找到她，讓她告訴我 Brom 在哪裡！」
0x048A,Gorn,Gorn,,0x143c,0,1,False,「直到我們再次相遇，聖者。」
0x048C,Markham,Markham,,0x0,0,1,False,這名不死生物空洞的目光，望向了你。顯然它察覺到了你的存在，但是你非常確定它並未看見你。
0x048C,Markham,Markham,,0xb3,0,1,False,你試著與那肥胖的鬼魂攀談，但他似乎對你、以及周遭的一切都顯得極為疏離。
0x048C,Markham,Markham,,0x11e,0,2,False,這位發福的幽靈看起來有些不安，他說話有點含糊不清，「不好意思，大人。但我頭痛得厲害。你介意我們晚點，再繼續這個小小的談話嗎？」
0x048C,Markham,Markham,,0x11e,1,2,False,他開始用雙手揉著太陽穴。
0x048C,Markham,Markham,,0x203,0,1,False,「喔，你好，Rowena 女士。很高興再次見到妳。看到妳美麗的容顏，讓我這老頭子的心裡照進了一縷陽光。」他微笑著說。
0x048C,Markham,Rowena,,0x2a5,0,2,False,她優雅地屈膝行禮並報以微笑。
0x048C,Markham,Rowena,,0x2a5,1,2,False,「你好， Markham 。很高興看到這些可怕的事情都無法阻止你對一位女士的讚美。」
0x048C,Markham,Markham,,0x33f,0,1,False,「喔，呃，你好啊，鎮長。我還以為你一直躲在鎮政廳裡呢。嗯，呃，很高興再次見到你。」
0x048C,Markham,Forsythe,,0x3bc,0,1,False,「是的，嗯，也很高興再次見到你。」
0x048C,Markham,Markham,,0x3f1,0,1,False,這名肥胖的不死酒保帶著一個寬闊、可怕的笑容向你打招呼。「來吧，陌生人。坐在老 Markham 旁邊，告訴我你的旅行見聞。我這裡已經很少有訪客了。」
0x048C,Markham,Markham,,0x4bb,0,1,False,Markham 向你打招呼，喝下了一大杯店裡的烈酒。「歡迎，我的朋友。跟我坐一會兒，用你那奇妙的機智來點綴我永恆的時光吧。」他帶著只有半腐爛的人才能擁有的迷人笑容微笑著。
0x048C,Markham,Markham,,0x5c0,0,1,False,這位發福的殭屍用手背擦了擦嘴。「我是 Markham 。酒桶的 Markham 。」他拍了拍自己帶著的一大桶酒。
0x048C,Markham,Paulette,,0x645_0x650,0,1,True,可愛的 <VAR> 走了過來，拍了拍 Markham 相當大的肚子。「是的，他就是酒桶的 Markham ，沒錯。」她對著這位老先生甜甜地微笑。
0x048C,Markham,Markham,,0x6e9,0,2,False,「夠了！」 Markham 拍了拍這位漂亮年輕女子的幽靈臀部。
0x048C,Markham,Markham,,0x6e9,1,2,False, 「做點有用的事，給我拿條鹿腿來。」她轉身，咯咯地笑著。他用一種歡樂的表情看著你，「我真不知道該拿那女孩怎麼辦。」
0x048C,Markham,Markham,,0x7e0,0,1,False,「我負責經營有名的『魂靈烈酒桶酒館』。」有那麼一瞬間他變得嚴肅起來。「這個地方曾經吸引了來自不列顛尼亞各地的客人，石像鬼和人類都有。直到那場大火為止。」
0x048C,Markham,Markham,,0x8e2,0,1,False,他看起來很不自在，「 Caine 把鎮上炸得七零八落，現在我們都被困在這裡，成了那個混蛋 Horance 的奴隸。」他呆滯的瞳孔中出現了微小的藍色火焰，當他恢復鎮定時又熄滅了。
0x048C,Markham,Quenton,,0x9d9,0,1,False,「拜託， Markham 。對 Caine 有點同情心吧。當他犯下那個致命的錯誤時，他正試圖創造一些東西來拯救這個鎮。」這個蒼白的幽靈看起來深受困擾。
0x048C,Markham,Markham,,0xab3_0xac3,0,1,True,「喔，我想<VAR>當他把傳說中的地獄之火召喚到我們頭上時，他其實是想幫我們。但年紀輕輕就死掉，真的讓我感到很氣憤。」他流氓般的微笑再次照亮了他那幽靈般的面孔。
0x048C,Markham,Markham,,0xb96,0,1,False,他那毀容的面孔上露出了厭惡的神情。「那個受折磨的人在他愚蠢錯誤造成的坑洞裡遊蕩。不過我不會靠近他，他有點瘋瘋癲癲的，你知道的。」他從身邊的酒桶裡重新倒滿了他的馬克杯，並一口氣喝下了大部分的酒。
0x048C,Markham,Markham,,0xcc7,0,1,False,「這只是我們其他在 Skara Brae 的人對他的稱呼——受折磨的人。」他尷尬地笑了笑。
0x048C,Markham,Markham,,0xd42,0,1,False,「這就是你所在的島嶼的名字。」他搖了搖頭。
0x048C,Markham,Markham,,0xd82,0,2,False,「我在 Skara Brae 的這些年裡，他一直都是個瘋子。伴隨著他那些愚蠢的押韻詩和他瘋狂的笑聲。
0x048C,Markham,Markham,,0xd82,1,2,False,「有一天晚上，我們所有人都聽到了雷聲，儘管星空中連一朵雲都沒有，我似乎還記得有滿月……」他的臉上露出深思的表情。「但我剛才說到，先是一陣雷聲，然後從北面岬角的那座塔裡傳來低沉、黑暗的笑聲—— Horance 的黑暗塔。」說完這段話後，他沉默了片刻。
0x048C,Markham,Quenton,,0xf65,0,1,False,這個蒼白的幽靈向前移動，並低聲說道：「當這些事件發生時，我已經生活在死者的半世界裡了，從那以後，我感覺到有一股奇怪的拉力從塔裡傳來。*」
0x048C,Markham,Markham,,0x1030,0,2,False,稍微喝了一口後，他繼續說：「然後，更糟的是……我出去查看母牛時，聽到了一種類似呻吟的聲音。聲音從東邊傳來，所以我朝那邊看，你知道的，那裡是墓地，你猜我看到了什麼？
0x048C,Markham,Markham,,0x1030,1,2,False,「我來告訴你我看到了什麼。墳墓裂開了，就像裡面的人有地方要去一樣。」他睜大眼睛，又喝了一口酒。
0x048C,Markham,Markham,,0x11b3,0,1,False,他看起來真的很傷心地說：「這個地方曾經是我的驕傲和喜悅。這酒桶在不列顛尼亞各地都很出名，甚至在其他一些地方也是。嗯，現在它看起來不怎麼樣了，但在它的全盛時期，它接待過貴族、騎士、吟遊詩人和商人。當然，也少不了一些流氓地痞。」他對你眨了眨眼。他的精神似乎是不屈不撓的。
0x048C,Markham,Markham,,0x1343,0,3,False,你敘述了進入靈魂之井需要一個犧牲者。聽完後， Markham 似乎陷入了長時間的沉思。
0x048C,Markham,Markham,,0x1343,1,3,False,「所以，你是想讓我像隻三月兔一樣發瘋，直接跳進那個……靈魂之井？」他難以置信地看著你。
0x048C,Markham,Markham,,0x1343,2,3,False,「聽著。自從我還是個小夥子以來，我就沒有過那種勇氣了。從那以後我也長了點腦子。你得去別處尋找你的犧牲者了。」
0x048C,Markham,Markham,,0x14da,0,1,False,「好了。我已經告訴過你了。我不感興趣。」他對你的堅持看起來有點不高興。
0x048C,Markham,Markham,,0x1545,0,1,False,「喔，你這就要走了嗎？那好吧，保重。小心那些行走的死者。他們中有些人對自己的狀態不太滿意，而且對於向誰抱怨也不太挑剔。」
0x048D,Horance,Horance,,0x0,0,1,False,你試圖與這不死生物說話，但它沒有任何反應。
0x048D,Horance,Horance,,0x41,0,1,False,巫妖幾乎在發光，力量明顯在它不死的血管中湧動。
0x048D,Horance,Horance,,0x87_0x138,0,2,True,你走上前去面對這個看起來很邪惡的生物，他慢慢地轉向你。當他那強烈的目光鎖定你的身形時，你幾乎希望自己沒有這麼大膽。
0x048D,Horance,Horance,,0x87_0x138,1,2,True,「<PLAYER_NAME>。」一個諷刺的表情出現在他不死的特徵上。「我能幫你什麼忙嗎？」你有一種明確的感覺，幫忙是你最不可能從巫妖那裡得到的東西。
0x048D,Horance,Shamino,,0x1ed_0x234,0,2,True,Shamino 走到你身邊，低聲說道。
0x048D,Horance,Shamino,,0x1ed_0x234,1,2,True,「不要相信這傢伙，<HONORIFIC>。我想他只會帶來邪惡。」
0x048D,Horance,Iolo,,0x259_0x234,0,2,True,Iolo 走到你身邊，低聲說道。
0x048D,Horance,Iolo,,0x259_0x234,1,2,True,「不要相信這傢伙，<HONORIFIC>。我想他只會帶來邪惡。」
0x048D,Horance,Spark,,0x29d_0x2a7,0,1,True,「呃，<HONORIFIC>？我準備好要走了，」他對你說，畏縮地躲避著這個不死生物。
0x048D,Horance,Horance,,0x2fd,0,2,False,巫妖露出一個近乎微笑的表情，並帶著諷刺的口吻說道。
0x048D,Horance,Horance,,0x2fd,1,2,False,「啊，奇妙的聖者回來了。我做了什麼事值得這般榮幸？」『榮幸』這個詞在這個生物的舌尖上變了味。
0x048D,Horance,Horance,,0x3ea,0,2,False,巫妖乾燥的面容呈現出一種傲慢的神情。「你可以叫我 Lord Horance。這樣做是明智的，因為我總有一天會統治整個不列顛尼亞。
0x048D,Horance,Horance,,0x3ea,1,2,False,「驚訝嗎，聖者？拜託。你當然不會認為不列顛王會阻礙我。我知道該怎麼對付他那種人。」
0x048D,Horance,Horance,,0x528,0,1,False,「啊，很高興能從聖者那裡聽到這樣的敬意。或許你在我的新秩序中會有一席之地。」巫妖用一種介於惡意與幽默之間的表情看著你。
0x048D,Horance,Horance,,0x5eb,0,1,False,「怎麼，不然你會怎麼稱呼它？你肯定是真的被我『莊嚴的』存在給折服了。」
0x048D,Horance,Horance,,0x655_0x69a,0,2,True,一種狂熱的表情點亮了巫妖死寂的面龐。
0x048D,Horance,Horance,,0x655_0x69a,1,2,True,「是的，<PLAYER_NAME>。死者將會統治！我將成為他們的領袖，而你可以成為一個聖者……為我服務！」
0x048D,Horance,Horance,,0x71b_0x728,0,1,True,「哎呀，<PLAYER_NAME>。我以為這是理所當然的。我很樂意幫助你進入死者的領域。」
0x048D,Horance,Horance,,0x77d,0,1,False,「是的，我就知道你會看出我願景中的智慧。」他看著你，就像貓在玩弄老鼠一樣。
0x048D,Horance,Horance,,0x7ed,0,2,False,『邪惡』都不足以形容巫妖乾裂嘴唇上出現的冷笑。「我最近注意到，在不列顛尼亞地表發現的某種礦石，如果經過適當的鍛造，可以成為那備受推崇的不列顛王的剋星。
0x048D,Horance,Horance,,0x7ed,1,2,False,「我了解這種礦石，並且以前曾將它用於其他用途。我將再次利用它來毀滅那個所謂的君王。」
0x048D,Horance,Horance,,0x963,0,1,False,他指著塔牆。「不然你以為我的塔是怎麼抵擋住以太對我魔法造成的破壞性影響的？」
0x048D,Horance,Horance,,0x9d6,0,1,False,他指著塔牆。「它成了抵擋被干擾的以太所造成的破壞性影響的有效屏障。」
0x048D,Horance,Horance,,0xa3d,0,4,False,一陣刺耳的笑聲從他乾燥的喉嚨中逸出。「我是赫赫有名的死者之王，很快就會成為整個不列顛尼亞之王。你知道這裡有多少死人和生物嗎？我想你不知道。
0x048D,Horance,Horance,,0xa3d,1,4,False,「歷代的死者都任我召喚和控制。敬愛祖先的墳墓將會噴吐出它們的內容物，組成一支軍隊。這將是我給生者的特別款待，我的不死怪物們。想像一條殺不死的骷髏龍。考慮一個永遠受我奴役的永生法師集團。
0x048D,Horance,Horance,,0xa3d,2,4,False,「而我這項計畫最美妙的部分是，當生者在這些戰鬥中死去時——他們一定會死的——他們將會壯大不死大軍的行列。我將擁有至高無上的統治權——一個死者的世界！」這對他病態且扭曲的未來的一瞥，讓你不禁微微發抖。
0x048D,Horance,Horance,,0xa3d,3,4,False,「而且我會有一位女王，美麗的 Rowena 。」
0x048D,Horance,Rowena,,0xd8f,0,1,False,「是的，我的大人。我一定是全大陸最幸福的女士。」她的目光從未離開過巫妖那張可怕的臉。
0x048D,Horance,Horance,,0xe0e,0,2,False,「她難道不是你見過最美麗的女士嗎？
0x048D,Horance,Horance,,0xe0e,1,2,False,「她將在我的身邊擁有永恆的美麗，我們將共同統治。」
0x048D,Horance,Horance,,0xe8f,0,1,False,「她是我見過最美麗的女士。她將在我的身邊擁有永恆的美麗，我們將共同統治。」在聽他說完他對未來的計畫後，你覺得這是一句非常不可靠的陳述。
0x048D,Horance,Horance,,0xf59,0,1,False,「好了，好了，聖者，那樣就洩露機密了。那樣的話我就對你沒有秘密了，不是嗎？」
0x048D,Horance,Horance,,0xfcc,0,1,False,「看著你離開真的很令人難過。」他帶著諷刺的微笑說道。
0x048D,Horance,Dupre,,0x101c,0,1,False,「是啊，當然。」
0x048D,Horance,Iolo,,0x101c,0,1,False,「是啊，當然。」
0x048D,Horance,Horance,,0x1036,0,1,False,「請隨意探索我簡陋的居所。不過，要小心。我的守衛們不太聰明，很可能會攻擊任何活著的東西。」他帶著骷髏般的笑容微笑著。
0x048E,Trent,Trent,,0x0,0,2,False,Trent 瞪著你，他的眼神中透露出一種強烈的情感，讓你對他的態度毫不懷疑。「如果我認為你會在接到通知的那一刻就跑掉，我就不會請求你幫我救出我的摯愛了。
0x048E,Trent,Trent,,0x0,1,2,False,「現在，請拿著這個籠子去找 Mordra 。她會教你如何使用它。」他的態度變得溫和起來，「我已經把與 Rowena 重聚的唯一機會交到你可靠的手中了。」
0x048E,Trent,Trent,,0x1a0,0,1,False,「拜託，當我建造這個籠子時不要打擾我，因為我滿腦子想的都是要摧毀那個邪惡的 Horance ！」他繼續建造著靈魂籠。
0x048E,Trent,Trent,,0x23e,0,1,False,這個憤怒的高大幽靈無視你的存在，繼續在一個奇怪的鐵籠上敲打著。
0x048E,Trent,Trent,,0x29d,0,1,False,這個憤怒的高大幽靈無視你的存在，顯然正在尋找某樣東西。
0x048E,Trent,Trent,,0x2fe,0,1,False,你在幽靈鍛造爐的火光中看到一個肌肉發達、留著大鬍子的高大幽靈。他沒有注意到你的靠近。
0x048E,Trent,Trent,,0x37d,0,1,False,Trent 繼續在那個形狀奇怪的鐵籠上工作著。
0x048E,Trent,Trent,,0x3be,0,1,False,Trent 似乎在尋找某樣東西。
0x048E,Trent,Trent,,0x405,0,1,False,一道由濃密眉毛突顯的深深皺紋，刻畫在幽靈疲憊的額頭上。他沒有從工作中移開視線。「我是 Trent 。現在，請讓我繼續工作。」
0x048E,Trent,Trent,,0x4b2,0,1,False,他繼續在一個形狀奇怪的鐵籠上敲打著。
0x048E,Trent,Trent,,0x4e9,0,1,False,「我找不到那個鐵籠了！」他大喊著。「一定是哪個笨蛋把它拿走了！當我查出是誰做的，還有它在哪裡時，那個笨蛋一定會為了把它從我的店裡拿走而後悔莫及！」
0x048E,Trent,Trent,,0x5c6,0,1,False,「你瞎了嗎！你看不出我是個鐵匠嗎？」他似乎不是那種喜歡閒聊的人。
0x048E,Trent,Trent,,0x627,0,2,False,憤怒幾乎以實體的形式從這個高大的幽靈身上散發出來。他從籠子上抬起頭，你看到火光不是從鍛造爐裡發出的，而是從他的眼睛裡發出的。「我造這個籠子是為了摧毀那個混蛋 Horance ，他從我身邊奪走了我的妻子。」
0x048E,Trent,Trent,,0x627,1,2,False,有一瞬間，你以為他要向你撲過來，然後他伴隨著一聲沉重的嘆息鬆開了拳頭，又回到了他的工作中。
0x048E,Trent,Trent,,0x7e0,0,2,False,當你說話時，他全身都繃緊了。
0x048E,Trent,Trent,,0x7e0,1,2,False,「 Horance ……」這個詞聽起來就像一句詛咒。「我會親眼看著他那邪惡的靈魂燃燒。然後當他可憐地哭喊著求饒時，我會大笑。」出於某種原因，你覺得你寧願不要聽到那種笑聲。
0x048E,Trent,Trent,,0x8fa,0,2,False,一滴滾燙的眼淚從幽靈的眼角滑落，掉在鐵籠一塊燒紅的鐵上。它發出嘶嘶聲，然後就消失了。
0x048E,Trent,Trent,,0x8fa,1,2,False,「 Rowena 是我的生命，我在這個世界上唯一的快樂。」他的聲音幾乎是溫柔的，但他隨後又恢復了粗啞的語調。「他殺了她，從我這裡奪走了那份快樂。現在我只是一個空殼，燃燒著仇恨。」
0x048E,Trent,Trent,,0xa84,0,2,False,「為了試圖將她從我身邊偷走，那個邪惡的惡魔派出了他的不死僕從，將她帶到黑暗塔。當她掙扎時，那些沒有大腦的生物殺害了她。」幽靈痛苦地轉向你，「我無能為力……當她失去生命時，數量龐大的骷髏戰士將我壓倒在地。」
0x048E,Trent,Trent,,0xa84,1,2,False,瘋狂的決心在這位高大幽靈的眼中閃爍，「為此，我永遠不會原諒，也永遠不會忘記。
0x048E,Trent,Trent,,0xc2b,0,3,False,當你說出他已故妻子的名字時，他舉起了一隻手。「請不要說那個名字。那會帶走我的一點點仇恨，而這也是我現在僅有的東西了。你難道想奪走唯一能讓我活下去的東西嗎？」他似乎沒有意識到自己其實已經不在人世了。一個奇怪的表情閃過他的臉龐。
0x048E,Trent,Trent,,0xc2b,1,3,False,「我送了一個音樂盒給她作為我們的結婚禮物，現在它是我用來懷念她的唯一東西了。」他的語氣變了。
0x048E,Trent,Trent,,0xc2b,2,3,False,「你看到你做了什麼嗎？！當我想起她時，我就無法工作了！」他帶著更新的熱情回到了他的工作中。
0x048E,Trent,Trent,,0xe91,0,1,False,你注意到他提到的那個音樂盒就放在附近。
0x048E,Trent,Trent,,0xecb,0,2,False,你把戒指遞給 Trent 。一開始他沒理你。接著，認出這枚戒指後，他從你手中接過它，並將它舉在面前。他體內的某種東西崩潰了，他龐大的身軀向前癱倒。
0x048E,Trent,Trent,,0xecb,1,2,False,你讓幽靈哭了一會兒，當他結束時，你看到他的外表發生了顯著的變化。
0x048E,Trent,Trent,,0xffb_0x10b5,0,3,True,曾經在他眼中燃燒的火焰現在已經消失，取而代之的是深沉的藍色。他看起來像個全新的人，或者說，一個全新的幽靈。
0x048E,Trent,Trent,,0xffb_0x10b5,1,3,True,「原諒我的行為，<HONORIFIC>。我不知道我是怎麼了。我記得有火焰，但它們沒有我自己的仇恨來得猛烈。」他對這段記憶感到痛苦。
0x048E,Trent,Trent,,0xffb_0x10b5,2,3,True, 「你見過她了？你見過 Rowena 了？她還在乎我。好吧，這更是完成這個靈魂籠的理由了。我們必須將她從 Horance 邪惡的魔法中解救出來。」
0x048E,Trent,Trent,,0x11f9,0,1,False,如果他聽到了你的話，當你告辭時他忽略了這個事實。你真的對這個受了重傷的靈魂感到憐憫。
0x048F,Mordra,Mordra,,0x0,0,2,False,這位年老的幽靈婦女哼著一首古老民謠的曲調，並抬起頭對你微笑。這位老婦人會讓你想起你見過的每一位祖母。
0x048F,Mordra,Mordra,,0x0,1,2,False,顯然，她並沒有完全忽視你的存在。然而，當你跟她說話時，你的話似乎都成了耳邊風。她疑惑了片刻，然後揮動著雙臂施展魔法。你認出那些話語是降神術的變體。
0x048F,Mordra,Mordra,,0x174,0,1,False,這位年老的幽靈婦女看起來很奇怪。她的眼睛是睜開的，但她似乎沒有醒著，或者至少對周遭環境沒有意識。
0x048F,Mordra,Mordra,,0x206_0x219,0,1,True,「我很抱歉，<HONORIFIC>。請不要見怪，但在我們進一步交談之前，我必須先休息。感謝你的耐心，年輕人。」她轉身時看起來非常疲憊。
0x048F,Mordra,Mordra,,0x2bf_0x2cc_0x322,0,2,True,「你好，<HONORIFIC>。你可以叫我 Mordra 女士。」她仔細地端詳著你。
0x048F,Mordra,Mordra,,0x2bf_0x2cc_0x322,1,2,True,「而你一定是<PLAYER_NAME>，聖者。」她從頭到腳打量著你。
0x048F,Mordra,Mordra,,0x350_0x369,0,1,True,「再次向你問好，<PLAYER_NAME>。」
0x048F,Mordra,Mordra,,0x370,0,1,False,她舉起雙臂，你看到她其中一隻手上拿著一個生命護符。一些你隱約覺得熟悉的話語從她唇間流瀉而出，生命護符閃爍著明亮的光芒。她停止詠唱，安卡的光芒也隨之黯淡。在她完成對你身體狀況的分析後，「啊，很高興看到這個世界對你還不錯。我能為你服務什麼，『美德之尊』？」
0x048F,Mordra,Mordra,,0x510_0x535,0,1,True,她對你微笑。「你真健忘，<PLAYER_NAME>。就像我告訴過你的，我被稱為 Mordra 。」
0x048F,Mordra,Mordra,,0x56e,0,1,False,「在大火爆發、粉碎這裡人們的生活之前，我是這個鎮上的治療師。我也曾涉獵過一陣子的秘密魔法技藝。」她狡黠地對你眨了眨眼。
0x048F,Mordra,Mordra,,0x63b,0,2,False,「如果我告訴你，你必須確保把它們弄對。否則，我告訴那個該死的鎮長時發生的事就會重演。而且，雖然我們在 Skara Brae 已經沒有更多的生命可以失去了，但你還有一條相當寶貴的生命！
0x048F,Mordra,Mordra,,0x63b,1,2,False,「能溶解巫妖的混合物所需的材料是：一瓶隱身藥水、一劑解毒藥水，以及一瓶曼陀羅根精華——我在我的房子裡存放了一組。記住，只要『一瓶』曼陀羅根精華！」
0x048F,Mordra,Mordra,,0x812,0,5,False,「這靈魂籠必須被賦予死者的力量。達成這個目標的方法是前往黑暗塔的後方，靈魂之井的所在地。你必須將籠子降入井中，被困在那裡的靈魂會失去自己的一部分，以為它注入所需的力量。
0x048F,Mordra,Mordra,,0x812,1,5,False,「我知道這聽起來很殘酷，但如果你想看到他們獲得自由，這就是必要之惡。」她嚴厲地看著你。
0x048F,Mordra,Mordra,,0x812,2,5,False,「下一步是等到午夜，然後將籠子罩在巫妖橫躺的身軀上。這正是他為了他的黑暗儀式而吸取鎮民靈魂的時段。」
0x048F,Mordra,Mordra,,0x812,3,5,False,片刻後，她繼續說道。「最後，你必須將一種魔法配方倒在籠子裡的巫妖身上。這配方與摧毀這個城鎮的物質相同。
0x048F,Mordra,Mordra,,0x812,4,5,False,「在向煉金術士 Caine 取得它時，務必小心。」
0x048F,Mordra,Mordra,,0xb2f,0,1,False,「你必須要有 Caine 的協助才能調製配方，但我可以把材料給你。」
0x048F,Mordra,Mordra,,0xb88,0,2,False,「黑暗塔位於 Skara Brae 西北方的岬角上。它的建築有些古怪，因為我發現很難用我的魔法感知穿透它。
0x048F,Mordra,Mordra,,0xb88,1,2,False,在裡面，」她說，「你會找到靈魂之井。」
0x048F,Mordra,Mordra,,0xc4a,0,1,False,「靈魂之井是一件強大的神器，位於黑暗塔下方，巫妖就是從那裡汲取力量的。死者的靈魂被囚禁在那裡，註定要承受 Horance 貪得無厭的胃口所帶來的折磨。」痛苦的表情出現在她的臉上。
0x048F,Mordra,Mordra,,0xd44,0,1,False,Mordra 憤怒地說：「每天晚上，在午夜鐘聲敲響時， Skara Brae 的靈魂都會前往黑暗塔，並被用來為 Horance 注入力量，以維持他黑暗的存在。其他人都沒有意識到這件事的發生，但我能感覺到，卻無法阻止自己。」
0x048F,Mordra,Mordra,,0xe5a,0,1,False,「即使巫妖已經不在了，我們仍然會被吸引到他進行黑暗儀式的地方。他一定是用某種誓約束縛了我們，並將其與靈魂之井的力量聯繫在一起。喔，他真是個狡猾的惡棍。」 Mordra 的表情中混合了對一位熟練法師的勉強敬意以及厭惡。
0x048F,Mordra,Mordra,,0xf8f,0,1,False,「你想了解 Skara Brae 的鎮民嗎？」
0x048F,Mordra,Mordra,,0xfbd,0,1,False,「我也許有一些關於我鎮民同胞的新情報，可能會對你有用，」她說著，並補充了一個微笑。
0x048F,Mordra,Mordra,,0x1039_0x1046,0,1,True,「很好，<HONORIFIC>。你想知道關於什麼的事？」
0x048F,Mordra,Mordra,,0x106e,0,1,False,「那是這個鎮的劫數，雖然我不責怪煉金術士 Caine 。因為是我告訴他那個我確信能幫我們除掉巫妖 Horance 的配方的。」
0x048F,Mordra,Mordra,,0x1112,0,2,False,「那只是幾種材料的簡單混合。它本來應該會起作用的。」她瞇起了眼睛。
0x048F,Mordra,Mordra,,0x1112,1,2,False,「我想是我們那位鎮長， Forsythe ，把事情搞砸了！」
0x048F,Mordra,Mordra,,0x11c5,0,2,False,「那個人是個笨手笨腳的白痴。這座島被毀滅都是他的錯。我給了他魔法配方中應該使用的精確藥材比例，而他向煉金術士 Caine 轉述了它。從火勢的大小來看，我敢肯定他把曼陀羅根的用量報錯了十倍。該死愚蠢的傢伙！」
0x048F,Mordra,Mordra,,0x11c5,1,2,False,她皺起眉頭，你可以看出這是一個她想避免談論的話題。
0x048F,Mordra,Mordra,,0x133a,0,2,False,「現在住在這裡的人叫他『受折磨的人』。那是因為他處於永恆的痛苦之中，被灼熱的火焰舔舐著他的肉體所引起的。
0x048F,Mordra,Mordra,,0x133a,1,2,False,這痛苦是想像出來的，但對他來說，這就像你或我一樣真實……或者，至少像『你』一樣真實！」
0x048F,Mordra,Mordra,,0x145a,0,1,False,她的眼睛調皮地閃爍著。「如果我向你揭露了它們，它們就不再是秘密了，不是嗎？」
0x048F,Mordra,Mordra,,0x14cd,0,1,False,她一開始微笑著，然後變得嚴肅起來。「我已經將我的靈魂與超越這個凡人領域的力量聯繫在一起。如果我進入靈魂之井，這整個島嶼和很大一部分大陸都將在魔法釋放中被摧毀。你想讓 Skara Brae 鎮永遠消失嗎？」
0x048F,Mordra,Mordra,,0x15e8,0,1,False,「你很清楚我做不到。如果你想看到大規模的毀滅，你只能自己去造成它。」以她這把年紀來說，她轉身得非常快。
0x048F,Mordra,Mordra,,0x1683_0x169c,0,1,True,「再見了，年輕的<PLAYER_NAME>。好好照顧自己，但如果發生了不幸，我希望你能回到這裡，讓我來治療你的病痛。」你離開時，她慈祥地微笑著。
0x0490,Rowena,Rowena,,0x0,0,1,False,美麗的鬼魂眼神空洞地看著你。你做的任何事似乎都無法引起她的注意。
0x0490,Rowena,Rowena,,0x69_0xf1,0,1,True,你看到一位穿著黑色長袍的幽靈女士。她的樣子有點奇怪，但你說不上來。頓了一下，她說：「你好，<HONORIFIC>。我是 Rowena，這座奇妙高塔的女主人。」她在房間裡比劃著，指著發霉的牆壁和佈滿蜘蛛網的屋頂。
0x0490,Rowena,Rowena,,0x177_0x1cb,0,1,True,當你走近時， Rowena 露出了一種抽離的微笑。「啊，你回來了，<HONORIFIC>。高塔的女士能為你提供什麼協助嗎？」
0x0490,Rowena,Rowena,,0x21e,0,1,False,「我叫做…… Rowena 」
0x0490,Rowena,Rowena,,0x23c,0,1,False,她茫然地盯著看了一秒鐘，然後，彷彿照著劇本一樣，「我是高塔的女主人。我照顧 Horance 領主的需求，並保持我們的地方看起來體面。」看來她在後一項職責上已經落後了。
0x0490,Rowena,Rowena,,0x32c,0,2,False,過了一會兒，「這是一座可愛的高塔，你不覺得嗎？」在你回答之前，她繼續說道。
0x0490,Rowena,Rowena,,0x32c,1,2,False,「你看到那美麗的光芒在地板的石板上閃爍嗎？噴泉裡的水閃閃發光。這真是一個適合居住的美麗地方。」她的眼睛盯著地板。
0x0490,Rowena,Rowena,,0x446,0,1,False,她眨了一次眼，然後說，「Horance ……多麼美好的名字。他發現了迷失又孤獨的我，並把我帶到這裡當一位女士。難道他不是最宏偉的領主嗎？」
0x0490,Rowena,Rowena,,0x506_0x528,0,1,True,她停頓了一下。「再見，<HONORIFIC>。我希望你喜歡你對我們輝煌高塔的訪問。請隨時回來。」你覺得自己彷彿在跟一尊雕像說話。
0x0491,Paulette,Paulette,,0x25,0,1,False,美麗的幻影繼續她的工作，沒有提供任何回應。
0x0491,Paulette,Paulette,,0x66,0,1,False,美麗的酒館女侍凝視著虛無，完全沒有意識到她的位置和狀態。
0x0491,Paulette,Paulette,,0xbc,0,1,False,美麗的酒館女侍看起來好像快要倒下了一會兒，然後迅速地站穩了。「哦，我覺得有點……頭暈。」她轉過身，心神不寧。
0x0491,Paulette,Paulette,,0x160,0,1,False,「走開！你殘酷又冷酷。」她轉過身，但在那之前你看到了她眼中的淚水。
0x0491,Paulette,Paulette,,0x1c5,0,2,False,Paulette 看到 Rowena 時精神一振。
0x0491,Paulette,Paulette,,0x1c5,1,2,False,「妳好，女士。很高興再次見到妳。妳好嗎？」
0x0491,Paulette,Rowena,,0x231,0,1,False,「我很好， Paulette 。謝謝妳的關心。」
0x0491,Paulette,Paulette,,0x267,0,1,False,「那真是個好消息，女士。」
0x0491,Paulette,Paulette,,0x28f,0,1,False,「你好，市長。我們已經有很長一段時間沒在酒館裡看到你了。我記得曾經有一段時間，我們根本無法讓你離開這裡。」
0x0491,Paulette,Forsythe,,0x330,0,2,False,市長很快變得尷尬，試圖讓相當友善的 Paulette 安靜下來。
0x0491,Paulette,Forsythe,,0x330,1,2,False,「我，呃，曾經算是個品酒專家，」他對你說。
0x0491,Paulette,Paulette,,0x3bf,0,1,False,「你可不只是這方面的專家，」Paulette 補充道，眼睛閃爍著。「我似乎記得你對紅髮女郎很有品味。」
0x0491,Paulette,Paulette,,0x44e_0x497,0,1,True,你看到一個留著黑色長髮、漂亮的幽靈女孩。「你好，<HONORIFIC>。我叫做 Paulette 。有什麼我可以幫你的嗎？」
0x0491,Paulette,Paulette,,0x4d5_0x548,0,3,True,站在你面前，一手插腰的，是一位留著黑色長髮的可愛年輕女子。「哦……你真高大，<HONORIFIC>。」她描摹著你二頭肌的線條。
0x0491,Paulette,Paulette,,0x4d5_0x548,1,3,True,「我敢打賭你能把我舉過頭頂。」她迷人地笑著。不過，你懷疑在她這種幽靈狀態下，你甚至無法觸摸到她。
0x0491,Paulette,Paulette,,0x4d5_0x548,2,3,True,「你可以叫我 Paulette ，帥哥。我能為你做什麼？」她對你眨了眨眼。
0x0491,Paulette,Paulette,,0x662_0x66f,0,1,True,「是的，<HONORIFIC>？」她甜甜地問。
0x0491,Paulette,Paulette,,0x688,0,1,False,Paulette 轉向你，賣弄風情地笑著，「我就知道你可能會回來。」她的眼睛淘氣地對著你閃爍。
0x0491,Paulette,Paulette,,0x704_0x711,0,1,True,「哎呀，<HONORIFIC>，你已經忘了嗎？我是 Paulette 。」
0x0491,Paulette,Paulette,,0x740_0x74a,0,1,True,「嗯，<HONORIFIC>，在火災之前，」她發抖著說，「我以前是這裡的酒館女侍。」
0x0491,Paulette,Paulette,,0x740_0x79f,0,3,True,「嗯，<HONORIFIC>。我以前在這裡清理桌子……」她說著，彎下腰假裝在擦桌子。你注意到她的馬甲領口開得有多低。
0x0491,Paulette,Paulette,,0x740_0x79f,1,3,True,「……並為像你這樣的人服務。當然，沒有像你這麼帥的。」她幽靈般的臉龐泛起美麗的紅暈。
0x0491,Paulette,Paulette,,0x740_0x79f,2,3,True,「但那是在……」她發抖著說，「火災之前。」
0x0491,Paulette,Paulette,,0x8f7,0,1,False,「你想買點什麼嗎？」
0x0491,Paulette,Paulette,,0x916_0x926,0,1,True,「很抱歉，<HONORIFIC>，」她咯咯笑著，「但我們這裡只供應……靈魂！」
0x0491,Paulette,Markham,,0x96d,0,1,False,「這笑話不錯，丫頭，」胖幽靈笑著說。
0x0491,Paulette,Paulette,,0x9a5_0x9b2,0,1,True,「很好，<HONORIFIC>。」
0x0491,Paulette,Paulette,,0x9b9,0,2,False,她困惑了一瞬間，但隨後點了點頭。
0x0491,Paulette,Paulette,,0x9b9,1,2,False,「哦，你一定是指 Caine 。他是對這場火災負有責任的鍊金術士。」
0x0491,Paulette,Paulette,,0xa44,0,2,False,「哦，是的。太可怕了！酒館起火了。我跑到我的房間，希望能逃離火焰。但後來我開始咳嗽。我無法呼吸。」她的胸口快速起伏，彷彿正在重溫那段經歷。
0x0491,Paulette,Paulette,,0xa44,1,2,False,「最後，我再也受不了了。」她戲劇性地將手背放在額頭上。「我暈倒了。然後我又在這裡了，就像你現在看到我這樣。」她的笑容像個孩子一樣。
0x0491,Paulette,Paulette,,0xbed,0,1,False,「是的，這很奇怪。當我醒來時，就好像火災開始時我從未離開過一樣。事實上，如果不是到處都有燒焦的痕跡，我會懷疑火災是否真的發生過。」
0x0491,Paulette,Paulette,,0xcbc_0xd24,0,1,True,「哎呀，這裡叫做『魂靈烈酒桶』 。對一家酒館來說，這名字很不錯吧？」她<VAR>笑著說。
0x0491,Paulette,Paulette,,0xd31,0,1,False,「你要我……跳進井裡？」她驚訝地瞪大了眼睛。
0x0491,Paulette,Paulette,,0xd74,0,1,False,「哼，你怎麼不自己去跳湖！」她將雙臂交叉在豐滿的胸前，生氣地轉過身去。
0x0491,Paulette,Paulette,,0xddf,0,1,False,她恢復了鎮定，「哦。有一瞬間，我以為你要我成為你的……祭品。」
0x0491,Paulette,Paulette,,0xe3d,0,1,False,「拜託，別管我！」她看起來好像快哭了。
0x0491,Paulette,Paulette,,0xe78_0xe85,0,1,True,「再見，<HONORIFIC>。」美麗的幽靈轉過身去。
0x0491,Paulette,Paulette,,0xeab,0,1,False,當你說再見時， Paulette 衝上前來，在你的臉頰上輕輕吻了一下。她慢慢退後，「再見，帥哥。」
0x0492,Quenton,Quenton,,0x0,0,1,False,蒼白的幽靈似乎看到了你，但出於某種原因無法對你說話。幽靈沮喪地轉過身去。
0x0492,Quenton,Quenton,,0x8a,0,1,False,當你開始與蒼白的幽靈說話時，你注意到他似乎看穿了你，彷彿你根本不存在。你在他面前揮手，但沒有任何反應。
0x0492,Quenton,Quenton,,0x125_0x189,0,1,True,「拜託，拜託。我……現在無法和你說話。我不知道我怎麼了。請原諒我，<HONORIFIC>。」蒼白的幽靈看起來比平常更蒼白。
0x0492,Quenton,Rowena,,0x1be,0,1,False,「你好，Quenton。我希望你過得好。」Rowena 給了蒼白的幽靈一個迷人的微笑。
0x0492,Quenton,Quenton,,0x225,0,1,False,「是的，女士。我過得還算可以。看到妳再次自由，我心裡很高興。妳去見過 Trent 了嗎？」
0x0492,Quenton,Rowena,,0x2a0,0,1,False,「唉，還沒。這位好心人正要帶我去見他。」她指著你。
0x0492,Quenton,Quenton,,0x2ed,0,1,False,「這真是個好消息，因為他太想念妳了。」
0x0492,Quenton,Forsythe,,0x328,0,1,False,「幸會， Quenton 。」市長微笑時，他的鬍子也跟著展開。
0x0492,Quenton,Quenton,,0x375,0,1,False,「你好，市長。你過得好嗎，大人？」
0x0492,Quenton,Forsythe,,0x3aa,0,1,False,Forsythe 似乎對 Quenton 聽起來很真誠的詢問感到驚訝。「哎呀，我過得很好， Quenton 。謝謝你的關心。」
0x0492,Quenton,Quenton,,0x433,0,1,False,他微笑著承認了市長的感謝。
0x0492,Quenton,Quenton,,0x45c_0x4d5,0,2,True,臉色蒼白的幽靈轉向你，給了你一個蒼白的微笑。「你好，我們以前是不是在哪裡見過面，<HONORIFIC>？」你看到他眼中有著認得你的神情，但隨後就消失了。
0x0492,Quenton,Quenton,,0x45c_0x4d5,1,2,True,「原諒我。」他搖搖頭，然後笑了笑。「我是 Quenton，但現在只是個幽影了…」
0x0492,Quenton,Quenton,,0x58b_0x5ac,0,1,True,Quenton 轉向你。「你好，<HONORIFIC>。來吧，在旅途中歇息一下，和我坐一會兒。我只是一個普通的幽影，但我可能有對你有用的情報。」
0x0492,Quenton,Quenton,,0x667_0x680,0,1,True,「我叫做 Quenton ，<HONORIFIC>。」
0x0492,Quenton,Quenton,,0x687,0,1,False,他對你的問題笑了笑，「我曾經在海上漫遊，一次好幾天，收穫我的魚獲。」
0x0492,Quenton,Quenton,,0x6ee,0,1,False,「我已經在這裡很多很多年了。而且，」他笑著說，「這段時間我看過很多很多事情。」
0x0492,Quenton,Quenton,,0x764,0,1,False,「Caine ？他是 Skara Brae 這裡的一名鍊金術士。現在他每天都處在無盡的痛苦中，因為他對引起摧毀這座城鎮的大火感到內疚。」
0x0492,Quenton,Quenton,,0x80d,0,2,False,「我的故事很長也很悲傷。我希望你有時間。」他似乎沉思了一會兒，然後開始說。
0x0492,Quenton,Quenton,,0x80d,1,2,False,「當我還是個年輕人的時候，我遇到了一位名叫 Gwen 的可愛女人。我娶了她為妻，我們有一段時間過著快樂無憂的生活。她為這世界帶來了一道光，我們叫她 Marney ，意思是風暴後的涼風。」他對著某些回憶笑了笑，然後皺著眉頭繼續說道。
0x0492,Quenton,Quenton,,0x9bc,0,2,False,「然後，有一天，我的妻子被從我身邊帶走了。我不知道去哪裡，也不知道被誰帶走，只知道他們是邪惡的人。不久之後，我可愛的 Marney 傷心欲絕，我擔心她的健康。我無法放下捕魚的工作來照顧她，但我需要金幣。所以我跟一個不好惹的男人做了一筆交易。這就是我毀滅的開始，因為當我無法償還他的貸款時，他在某個晚上來找我並殺了我。我沒有機會還手或求救。」他陷入沉默。
0x0492,Quenton,Quenton,,0x9bc,1,2,False,「然而……那皆是發生在將整座島嶼……付之一炬並化為死者之地的大火之前，極其遙遠的事了。」
0x0492,Quenton,Quenton,,0xc51,0,1,False,「我被謀殺後，我的好朋友 Yorl 把她當作自己的孩子一樣照顧。他盡了最大努力，但她的病情只會惡化。幾個月後她變得虛弱，然後就死了。」他停在這裡，幽靈般的眼中充滿了淚水，然後他生氣地說：「現在她的靈魂被巫妖 Horance 囚禁著。你必須從那個邪惡的野獸手中救出她！」他試圖抓住你，但他的手毫無阻力地穿了過去。
0x0492,Quenton,Markham,,0xe06_0xe34_0xe5f,0,2,True,「好了，好了， Quen 。冷靜點。」<VAR>向你靠近並低聲說：「原諒他，<HONORIFIC>。
0x0492,Quenton,Markham,,0xe06_0xe34_0xe5f,1,2,True,「他談到他女兒時，偶爾會像那樣失去控制。不過我相信你能理解。」
0x0492,Quenton,Quenton,,0xec3_0xeed,0,1,True,Quenton 恢復了控制。「原諒我，<HONORIFIC>。我沒權利把我的痛苦強加在你身上。想到我可愛的 Marney 在那個……生物的掌控之下，我就心痛。」
0x0492,Quenton,Quenton,,0xf74,0,1,False,「看來鎮上的治療師 Mordra 女士認為她有一個阻止巫妖 Horance 的計畫，她把這計畫告訴了市長。我不確定她究竟計畫了什麼，但這牽涉到鎮上的鐵匠 Trent 和鍊金術士 Caine 。在 Caine 開始他的工作後沒多久，一場火風暴席捲了這座島，摧毀了一切。 Skara Brae 燒了好幾天。」
0x0492,Quenton,Quenton,,0x1101,0,3,False,「曾經，兩個多世紀前，我認識一位名叫 Horance 的天賦異稟的法師。他一生中的兩個最愛是研究魔法，以及寫優美的詩。 Skara Brae 的人們知道有這樣的法師保護著城鎮，感到很安全。然後他開始改變。
0x0492,Quenton,Quenton,,0x1101,1,3,False,「首先，他美麗的十四行詩變成了押韻的打油詩。那成為他唯一說話的方式。他在鎮民面前展示的法術變得具有破壞性和暴力。人們開始害怕他。我的死大約就發生在這個時候。那之後沒多久，他變得隱居。他在北端建了一座塔，並且再也沒有離開過那裡。
0x0492,Quenton,Quenton,,0x1101,2,3,False,「然後，某個晚上，墓地裡的墳墓打開了，死人開始行走。」
0x0492,Quenton,Markham,,0x13b3,0,1,True,<VAR>用力地點頭，「沒錯，我看到了，我真的看到了。」
0x0492,Quenton,Quenton,,0x13fa,0,1,False,「他們向他的塔遊行，現在他們在島上到處遊蕩，執行他的命令。」
0x0492,Quenton,Markham,,0x1456_0x1496,0,1,True,「現在搞得連鬼都不能安分地過日子了。哼。」<VAR> 看起來有點不高興。
0x0492,Quenton,Quenton,,0x14b4,0,1,False,Quenton 看起來充滿希望，「如果你願意協助我們，她是最好說話的對象。至少，她似乎知道如何讓我們擺脫巫妖。」
0x0492,Quenton,Quenton,,0x154d,0,1,False,「市長……」Quenton 謹慎地選擇他的措辭。「……嗯，他認為謹慎是勇氣中更好的一部分。所以，他或許能提供你一些幫助，但你可能首先得說服他你不是來傷害他的。」
0x0492,Quenton,Quenton,,0x162e,0,1,False,「啊，這個可憐的男人幾乎和我一樣了解那種撕心裂肺的失落感。他的妻子 Rowena 被行屍走肉殺死了。而 Mordra 女士聲稱她看到她坐在巫妖旁邊的王座上。我相信這讓 Trent 有點發瘋了。他日以繼夜地製作某種形狀奇特的籠子。不過奇怪的是，他似乎永遠都做不完。他似乎也不記得自己死於大火，但對 Horance 的強烈仇恨仍然在他心中燃燒。」
0x0492,Quenton,Quenton,,0x17f0,0,1,False,他看起來好像預料到了你的問題。「唉， Caine 試圖將我們從巫妖手中解救出來，反而讓我們注定成為同一個巫妖的奴隸。」
0x0492,Quenton,Quenton,,0x189b,0,1,False,「是的，我們是他的奴隸。每天午夜，我們必須前往黑塔 (Dark Tower) 並成為他黑彌撒的僕人。我只知道這些，因為 Mordra 告訴我們這是真的。我完全不記得曾經去過黑塔。」他的表情流露出他的恐懼。
0x0492,Quenton,Quenton,,0x19a2_0x1a39,0,1,True,你向他解釋，需要一個靈魂自願進入靈魂之井，以帶來它的毀滅。 Quenton 考慮了一會兒，然後回答說：「請理解，<HONORIFIC>。我真心希望我有那種勇氣。但我不能冒險做任何可能毀掉 Marney 的事。記住，她的靈魂被關在那個井裡，和墓地裡所有的死者一起。」
0x0492,Quenton,Quenton,,0x1aed,0,1,False,「不，我很抱歉。我不能冒這個險。」他看起來非常疲憊。
0x0492,Quenton,Quenton,,0x1b3c_0x1b49,0,1,True,「再見，<HONORIFIC>。」
0x0492,Quenton,Quenton,,0x1b51_0x1b61,0,1,True,他轉回去找<VAR>。
0x0493,Forsythe,Forsythe,,0x0,0,1,False,你看到一個幽靈般的男人蜷縮在角落裡。他以防禦的姿勢舉著生命護符，瘋狂地環顧房間，但沒有注意到你。
0x0493,Forsythe,Forsythe,,0x99,0,6,False,他看著井裡那些被困靈魂旋轉的漩渦，他新建立的決心似乎減弱了。「也許這不是個好主意。你確定我必須這樣做嗎？」
0x0493,Forsythe,Forsythe,,0x99,1,6,False,你點點頭。他的決心再次堅定起來。
0x0493,Forsythe,Forsythe,,0x99,2,6,False,「是的，你說得很對。沒時間演講了。沒時間動搖意志了。沒時間……」他看到你並不買帳他試圖拖延的行為。
0x0493,Forsythe,Forsythe,,0x99,3,6,False,「那麼，就是這樣了。」他走向井。「我想我生前並不是個很好的市長。」Forsythe 下垂的面頰垮了下來。
0x0493,Forsythe,Forsythe,,0x99,4,6,False,「好吧，至少在死後，我會為自己留名，把事情做對。」說完，他消失了。
0x0493,Forsythe,Forsythe,,0x99,5,6,False,井裡的靈魂衝出了他們的禁錮，留下了這件強大神器的焦黑殘骸。
0x0493,Forsythe,Forsythe,,0x34b,0,1,False,「你只要帶我到井邊，我就會履行我的職責。」他似乎對自己的命運相當順從。
0x0493,Forsythe,Forsythe,,0x42c,0,1,False,這個男人看起來異常放鬆，幾乎太放鬆了。他也忽略了你與他交談的嘗試。看來他無法控制自己的行動。
0x0493,Forsythe,Forsythe,,0x4b8,0,1,False,「不！退後！拜託，別管我！」市長看起來很害怕。看來你暫時必須放棄從他那裡得到任何有用的東西。
0x0493,Forsythe,Forsythe,,0x544,0,3,False,你看到一個中年幽靈蜷縮在這個被燒毀的房間角落裡。他從頭到腳都在發抖，當你靠近時，他跳了出來，在你面前揮舞著生命護符。
0x0493,Forsythe,Forsythe,,0x544,1,3,False,「你不會抓到我的，邪惡的野獸！退後，我說退後！以美德之名，退後！」他慢慢注意到這除了讓你驚訝之外沒有任何效果，並更仔細地看著你的方向。他看了看你，又看了看牆上你的畫像。他來回看著，瞇著眼睛，直到他如釋重負地睜大了眼睛。
0x0493,Forsythe,Forsythe,,0x544,2,3,False,「哦，謝謝你來了。 British 國王終於叫你來幫助我們了。」他顯然正遭受某種幻覺。「我是 Forsythe 市長。你覺得你需要很長時間才能打敗巫妖嗎？」
0x0493,Forsythe,Forsythe,,0x802_0x815,0,1,True,「啊，你好，<HONORIFIC>。我能為你效勞嗎？」
0x0493,Forsythe,Forsythe,,0x834_0x841,0,1,True,「你好，<HONORIFIC>。」市長敷衍地對你笑了笑。
0x0493,Forsythe,Forsythe,,0x883_0x8c3,0,1,True,「啊，是的，善良的聖者。很高興再次見到你。<VAR>我能為像你這麼偉大的人提供什麼服務嗎？」他鞠躬。
0x0493,Forsythe,Forsythe,,0x930,0,1,False,「如我所說，我的名字是 Forsythe。」
0x0493,Forsythe,Forsythe,,0x961,0,1,False,他似乎對你的問題感到困惑。「我不是已經說過了嗎？我是市長。」
0x0493,Forsythe,Forsythe,,0x9cc,0,1,False,「哎呀，是的，巫妖對我可憐的城鎮來說是一場可怕的災難。首先他透過喚醒死者趕走了所有的遊客。然後，在試圖阻止他的過程中，這座城鎮在一場可怕的大火中被摧毀。嗯，我想這嚴格來說不是他的錯，但是，嗯，必須對他做點什麼。」Forsythe 看起來有點慌亂。
0x0493,Forsythe,Forsythe,,0xb3d,0,1,False,「嗯，鍊金術士才是引發那場大火的人！」
0x0493,Forsythe,Forsythe,,0xb77,0,1,False,「我們都這樣叫 Caine 。他就是製造那場大火的鍊金術士。」
0x0493,Forsythe,Forsythe,,0xbc7,0,3,False,他把手搭在你的肩膀上低聲說：「我們的治療師 Mordra 女士認為她找到了一勞永逸擺脫 Horance 的方法。我們所要做的就是做一個金籠子 (gold cage) ，還是一個舊籠子 (old cage) 。嗯，沒關係。
0x0493,Forsythe,Forsythe,,0xbc7,1,3,False,「我們做了這個籠子，然後某人……」他對著你微笑，「……把它放進靈魂之井去做些什麼。完成之後，你必須在深夜趁巫妖不備時抓住他，並把籠子緊緊鎖在他身上。到目前為止聽起來很容易，對吧？
0x0493,Forsythe,Forsythe,,0xbc7,2,3,False,「嗯，現在。在那之後，你只需要把鍊金術士製作的魔法液體倒在他身上。」他在這裡停頓了一下，似乎有點尷尬。
0x0493,Forsythe,Forsythe,,0xe68,0,1,False,「我告訴鍊金術士配方時，顯然把比例弄錯了一點。無論如何，對你來說，這應該就像從原木上掉下來一樣簡單。我想你現在最好趕快去吧， Mordra 女士能告訴你的事比我能告訴你的多得多。不過要小心，她是個危險的老太婆。」
0x0493,Forsythe,Forsythe,,0xf97,0,1,False,「當然，現在你已經處理好這一切了！」他優雅地微笑。
0x0493,Forsythe,Forsythe,,0xff2,0,1,False,「那是很久以前的事了，我幾乎不記得了。少許治療藥水、一點隱形藥水，還有……沒錯，『大量』的曼陀羅根精華！」
0x0493,Forsythe,Forsythe,,0x1092,0,1,False,「嗯，如果我對巫妖的傳說沒有弄錯的話，那麼曾經是一個善良仁慈的法師 Horance ，已經變成了一個討厭、可怕的不死法師。」他以一種自以為是的態度笑著。「現在快去吧。如果你需要更多情報，可以去問 Mordra 。」
0x0493,Forsythe,Forsythe,,0x11b2,0,1,False,「她就住在對面，可以幫助你解決擺脫巫妖可能需要的一切。非常感謝你。很高興能和你談話。再見。」他急忙跑回他的角落，以一種保護的姿勢拿著他的生命護符。
0x0493,Forsythe,Forsythe,,0x128f,0,1,False,「哦，天哪，不。我不認為我是你想要做那份工作的人。不，我可不這麼想。也許你應該先問問所有的鎮民。如果他們都不願意做，我也許可以考慮一下。是的，沒錯，你應該去問問其他人，然後再回來告訴我哪個可憐蟲會去。」他為自己的聰明感到好笑。
0x0493,Forsythe,Forsythe,,0x13e3_0x145c,0,1,True,當你要求市長為了他的人民犧牲自己時，他的眼睛來回轉動。「還有一個人你忘了問。去找<VAR>。然後再回來，我們再看看。」幽靈般的汗水從他幽靈的額頭上滴下來。
0x0493,Forsythe,Forsythe,,0x14bd,0,1,False,「只要尋找東北海岸附近的坑洞。你可以在那裡找到他。」
0x0493,Forsythe,Forsythe,,0x150c,0,1,False,「鎮上的治療師說了一些關於 Rowena 坐在西北角黑塔的王座上的事。」
0x0493,Forsythe,Forsythe,,0x1569,0,1,False,「如你所願！」
0x0493,Forsythe,Forsythe,,0x157f,0,1,False,「Trent 在鐵匠鋪裡，離這裡不遠，就在馬路對面。」
0x0493,Forsythe,Forsythe,,0x15c5,0,1,False,「你可以在她的房子裡找到她，就在馬路對面。」
0x0493,Forsythe,Forsythe,,0x1608,0,1,False,「Quen 幾乎把所有的時間都花在渡輪碼頭附近的烈酒桶酒館裡。」
0x0493,Forsythe,Forsythe,,0x165f,0,1,False,「啊，那個可愛的女孩是烈酒桶酒館的女侍，就在渡輪碼頭那邊。」
0x0493,Forsythe,Forsythe,,0x16ba,0,1,False,「那個脾氣暴躁的男人經營著那家名叫烈酒桶的酒館。你可以在渡輪碼頭附近找到它。」
0x0493,Forsythe,Forsythe,,0x1730,0,1,False,「嗯，現在。你是怎麼來到這個島的？沒錯，就是『那個』擺渡人。他在 Skara Brae 東南方的渡輪上。」
0x0493,Forsythe,Forsythe,,0x17b8,0,1,False,「哦，是的，對了。如果我忘了告訴你什麼事，你可以回來問我，好嗎。」當你準備離開時，他重重地嘆了口氣，然後回到他在角落的守望。
0x0495,Hydra,Shandu,,0x15,0,2,False,你看到一隻三頭水怪 (hydra) 。左邊的頭說話了。
0x0495,Hydra,Shandu,,0x15,1,2,False,「醒醒，這裡有東西。」
0x0495,Hydra,Shanda,,0x78,0,2,False,右邊的頭抬起頭看著你。
0x0495,Hydra,Shanda,,0x78,1,2,False,「不知道好不好吃。」
0x0495,Hydra,Shando,,0xbb,0,1,False,中間的頭驚醒，看到你，變得警惕，並開始興奮地噴氣。
0x0495,Hydra,Shandu,,0x108,0,1,False,「別怕，兄弟；我們知道它在那裡。」
0x0495,Hydra,Shanda,,0x13d,0,1,False,「不知道它會不會說話？」
0x0495,Hydra,Shandu,,0x163,0,1,False,「我們沒有在跟你說話！我們是想吃掉你！」
0x0495,Hydra,Shandu,,0x1a1,0,1,False,「我的名字是 Shandu 。我旁邊的兄弟是 Shanda 。他旁邊的兄弟是 Shando 。」
0x0495,Hydra,Shanda,,0x203,0,1,False,「我們的名字是什麼並不重要！」
0x0495,Hydra,Shando,,0x232,0,1,False,Shanda 搖搖頭，怒視著你。
0x0495,Hydra,Shandu,,0x26b,0,3,False,「那就是我。」
0x0495,Hydra,Shandu,,0x26b,1,3,False,Shandu 微笑著舔了舔嘴唇。
0x0495,Hydra,Shandu,,0x26b,2,3,False,「我喜歡我的食物叫我的名字！」
0x0495,Hydra,Shando,,0x2d4,0,1,False,Shanda 翻了翻白眼，從鼻孔噴出一縷煙。
0x0495,Hydra,Shanda,,0x30a,0,1,False,「Shanda 說你應該避免叫他的名字。他不喜歡他的食物叫他的名字。」
0x0495,Hydra,Shanda,,0x367,0,1,False,「那就是我。我是最年長的兄弟。」
0x0495,Hydra,Shandu,,0x399,0,1,False,「我們都是連在一起的， Shando ！你不可能比較老！」
0x0495,Hydra,Shanda,,0x3e2,0,1,False,「我的頭是第一個呼吸到空氣的。」
0x0495,Hydra,Shandu,,0x414,0,2,False,Shandu 吐了口口水。
0x0495,Hydra,Shandu,,0x414,1,2,False,「那有什麼關係？我們的食物才不在乎我們之中誰最年長！」
0x0495,Hydra,Shandu,,0x482,0,1,False,「職業？」
0x0495,Hydra,Shando,,0x492,0,1,False,Shanda 張大嘴巴，噴出一陣火焰。
0x0495,Hydra,Shanda,,0x4bf,0,1,False,「他認為這是個笑話。職業！哈！我也覺得這很有趣。我從來沒聽過我的食物講笑話。」
0x0495,Hydra,Shandu,,0x536,0,1,False,「啊，但是兄弟們，我們『確實』有份工作。」
0x0495,Hydra,Shanda,,0x577,0,1,False,「我們有嗎？」
0x0495,Hydra,Shandu,,0x58e,0,1,False,「我們不是守護著凱德石 (Caddellite) 嗎？我們人生的目標就是守護凱德石！」
0x0495,Hydra,Shando,,0x60b,0,1,False,Shanda 變得興奮並噴著氣，彷彿說了好幾句話。
0x0495,Hydra,Shandu,,0x65c,0,3,False,「你想知道關於凱德石的事？很好，我會告訴你關於凱德石的事。」
0x0495,Hydra,Shandu,,0x65c,1,3,False,水怪稍微轉移了重心，然後邪惡地笑著。
0x0495,Hydra,Shandu,,0x65c,2,3,False,「我們正在看守它。」
0x0495,Hydra,Shandu,,0x716,0,1,False,「他沒有在跟你說話！」
0x0495,Hydra,Shanda,,0x738,0,1,False,「這個生物似乎在回音我們說的每一句話， Shandu 。」
0x0495,Hydra,Shando,,0x781,0,1,False,Shanda 發出可怕的咆哮聲。
0x0495,Hydra,Shandu,,0x7a5,0,1,False,「Shanda 說他餓了！」
0x0495,Hydra,Shanda,,0x7c3,0,1,False,「我也是！」
0x0495,Hydra,Shandu,,0x7d7,0,1,False,「既然你提到了，我自己也感到一陣飢餓。如果我們不需要保護凱德石，我會一口吞下這個生物！」
0x0495,Hydra,Shandu,,0x86a,0,1,False,「聽到這個生物重複我們說的話讓我感到飢餓！」
0x0495,Hydra,Shanda,,0x8ae,0,1,False,「這讓我覺得很有趣！顯然這是一個智力極度有限的生物！」
0x0495,Hydra,Shando,,0x901,0,1,False,Shanda 發出低沉的咆哮。
0x0495,Hydra,Shandu,,0x922,0,1,False,「Shanda 說他想吃點東西！」
0x0495,Hydra,Shandu,,0x948,0,1,False,「我想我們必須保護凱德石，以免像你這樣大約每 1000 年才出現一次並想拿走它的生物靠近。」
0x0495,Hydra,Shando,,0x9c8,0,1,False,Shanda 發出比以前更大的低吼聲，然後噴出一點火焰。
0x0495,Hydra,Shanda,,0xa10,0,1,False,「生物！你讓 Shanda 生氣了！他認為你企圖偷走凱德石！當心點！」
0x0495,Hydra,Shandu,,0xa6f,0,4,False,Shandu 變得暴怒。
0x0495,Hydra,Shandu,,0xa6f,1,4,False,「我就知道！它想偷走我們的凱德石！」
0x0495,Hydra,Shandu,,0xa6f,2,4,False,Shandu 對他的兄弟們說。
0x0495,Hydra,Shandu,,0xa6f,3,4,False,「我們不能再拖延了。」
0x0495,Hydra,Shando,,0xb03,0,1,False,Shanda 憤怒地咆哮！
0x0495,Hydra,Shandu,,0xb1e,0,3,False,「真是個好主意，我的兄弟！」
0x0495,Hydra,Shandu,,0xb1e,1,3,False,Shandu 轉向你。
0x0495,Hydra,Shandu,,0xb1e,2,3,False,「這個生物長得有點像巨魔 (troll) ，只是聞起來稍微好一點。你覺得它會不會比巨魔更好吃， Shando ？」
0x0495,Hydra,Shanda,,0xbea,0,1,False,「試了才知道！」
0x0495,Hydra,Shando,,0xc04,0,1,False,Shanda 猛烈地點頭，舔著嘴唇。
0x0495,Hydra,Shandu,,0xc2e,0,1,False,「很好！我們把它吃了吧！」
0x0495,Hydra,Shandu,,0xc57,0,1,False,「你不能對我們說『告辭』！真沒禮貌！」
0x0495,Hydra,Shandu,,0xc91,0,1,False,「這麼快就走了？」
0x0496,Penumbra,Penumbra,,0x23,0,2,False,這位沉睡了 200 年的法師看起來就像你上次造訪不列顛尼亞時一樣。
0x0496,Penumbra,Penumbra,,0x23,1,2,False,「聖者！真不敢相信是你！你來喚醒我了！我就知道你會來！」
0x0496,Penumbra,Penumbra,,0xd3_0x1c2,0,1,True,突然， Penumbra 痛苦地抱住頭。「哦！」她喊道。「我的頭！好痛！發生了什麼事？你對我做了什麼？」她閉上眼睛集中精神。「以太有擾動！我能感覺到我的魔力在消退！幫幫我，<PLAYER_NAME>！幫幫我！！」
0x0496,Penumbra,Penumbra,,0x1df_0x210,0,1,True,Penumbra 痛得幾乎無法說話。「是的，<PLAYER_NAME>？」
0x0496,Penumbra,Penumbra,,0x217,0,1,False,「哦！我感覺好多了！疼痛正在消退。現在我們可以更輕鬆地交談了。」
0x0496,Penumbra,Penumbra,,0x278_0x210,0,1,True,「是的，<PLAYER_NAME>？」
0x0496,Penumbra,Penumbra,,0x285,0,1,False,「我是 Penumbra 。你一定還記得我吧？」
0x0496,Penumbra,Penumbra,,0x2ba,0,1,False,Penumbra 很痛苦。「以太受到干擾時我無法正常思考。在它再次順暢流動之前我什麼都做不了！」
0x0496,Penumbra,Penumbra,,0x339,0,1,False,「我是一名執業法師。一旦我的生意重新開張，我應該就能賣法術和法藥了。畢竟，我已經沉睡了 200 年！」
0x0496,Penumbra,Penumbra,,0x3c9,0,1,False,「以太控制著世界上所有的魔法。當以太受到干擾時，沒有法師能成功施展法術。經過很長一段時間後，法師甚至可能會失去理智！你必須找到保護我免受扭曲以太波影響的方法！」
0x0496,Penumbra,Penumbra,,0x4c1,0,1,False,「我感覺好多了。受損的以太波沒有再衝擊我的大腦。但現在我們必須摧毀造成這個問題的根源！」
0x0496,Penumbra,Penumbra,,0x546,0,1,False,Penumbra 想了一會兒。「我感覺受損的以太波來自離這裡非常近的地方。我懷疑這些島嶼上的某個地城裡有某種東西正在製造浩劫。去欺瞞地城 (Dungeon Deceit) 試試看。我強烈感覺到你的目標就在那裡。
0x0496,Penumbra,Penumbra,,0x64c,0,1,False,她閉上了眼睛一會兒。
0x0496,Penumbra,Penumbra,,0x66b,0,1,False,「在我的腦海中，我看到一個形狀像四面體 (tetrahedron) 的巨大物體。我開始明白這是什麼了。」
0x0496,Penumbra,Penumbra,,0x6ea,0,1,False,「在我的腦海中，我看到北邊某個地城裡有一個巨大的物體。你知道我在說什麼，對吧？」
0x0496,Penumbra,Penumbra,,0x77b_0x7ac,0,1,True,「現在以太流動順暢了。我感謝你，<PLAYER_NAME>。你拯救了各地的所有法師！」
0x0496,Penumbra,Penumbra,,0x7e2,0,1,False,「你可以在 Terfin 島上找到他。向他詢問關於戒指的事。」
0x0496,Penumbra,Penumbra,,0x830,0,1,False,「拜託！在我受到保護免於受損以太的影響之前，我無法幫助你！」
0x0496,Penumbra,Penumbra,,0x88b,0,1,False,「是的，那就是我在腦海中看到的物體的形狀。它似乎是某種會破壞以太流動的魔法產生器。」
0x0496,Penumbra,Penumbra,,0x90a,0,1,False,Penumbra 想了一會兒。「這個產生器正在產生危險的以太波。你必須找到以太戒指 (Ethereal Ring) 並戴上它，以打破產生器的防禦。現在，那枚戒指在哪裡……？」
0x0496,Penumbra,Penumbra,,0x9dc,0,1,False,Penumbra 查閱了一些書籍並將它們與地圖交叉比對。「我相信以太戒指最後是在石像鬼國王 Draxinusom 手中。一旦你找到了戒指，你必須把它帶回來給我。我必須對它進行附魔，這樣它才能為你所用。」
0x0496,Penumbra,Penumbra,,0xae2,0,1,False,「附魔戒指將會保護你。」
0x0496,Penumbra,Penumbra,,0xb07,0,1,False,「以太戒指必須被附魔。」
0x0496,Penumbra,Penumbra,,0xb2c,0,1,False,「你已經摧毀它了！所有的法師都感謝你！」
0x0496,Penumbra,Penumbra,,0xb69,0,2,False,「我需要某種屏障來保護我免受以太波的傷害。一定有我們可以使用的材料！」
0x0496,Penumbra,Penumbra,,0xb69,1,2,False, Penumbra 緊抓著她的太陽穴。她顯然非常痛苦。
0x0496,Penumbra,Penumbra,,0xc12,0,1,False,「你知道有什麼無法穿透的材料嗎？」
0x0496,Penumbra,Penumbra,,0xc46,0,1,False,「那是什麼？」
0x0496,Penumbra,Penumbra,,0xc6b,0,1,False,「是的！這就是我們需要的！
0x0496,Penumbra,Penumbra,,0xc93,0,1,False,「不，我不認為那行得通。哦，我沒法思考，實在太痛了！
0x0496,Penumbra,Penumbra,,0xce2,0,1,False,「一定有什麼東西！哦，我沒法思考，實在太痛了！
0x0496,Penumbra,Penumbra,,0xd28,0,1,False,「拜託——你能找到幾塊黑石放在我的房間周圍嗎？我需要四塊！但要快！我想我撐不了多久了！請快去！」
0x0496,Penumbra,Penumbra,,0xdb9,0,1,False,「你帶來了黑石！我以為我快撐不下去了！快點！把這些石塊放在房間東、西、南、北四個角落的基座上！我會在這裡等！」
0x0496,Penumbra,Penumbra,,0xe60,0,1,False,「但你沒有黑石！你必須找到四塊來幫助我！你需要把石塊放在房間東、西、南、北四個角落的基座上！快點！」
0x0496,Penumbra,Penumbra,,0xef8,0,1,False,「黑石起作用了！我不再感覺到痛苦的以太了！」
0x0496,Penumbra,Penumbra,,0xf3b,0,1,False,「這是種很棒的材料，不是嗎？我想它可以用在很多魔法物品上。」
0x0496,Penumbra,Penumbra,,0xf96,0,2,False,「你拿到了以太戒指？太好了！我必須為它附魔！快點！」
0x0496,Penumbra,Penumbra,,0xf96,1,2,False,Penumbra 從你手中接過戒指，對著它吟唱了幾句咒語。過了一會兒，她把戒指還給了你。
0x0496,Penumbra,Penumbra,,0x1059,0,1,False,「現在你必須前往產生器。確保你戴著這枚戒指！它現在應該可以保護你免受以太攻擊。請注意，它只有在四面體附近才有效。並告訴你的同伴在範圍外等待。你必須獨自進入產生器！」
0x0496,Penumbra,Penumbra,,0x1150,0,1,False,Penumbra 想了一會兒。「順便問一下。你是怎麼知道為這個問題來找我的？」
0x0496,Penumbra,Penumbra,,0x11d7,0,1,False,你告訴 Penumbra 關於你需要給沙漏附魔的故事。
0x0496,Penumbra,Penumbra,,0x1215,0,1,False,「我明白了。嗯，你最好趕快上路，這樣你才能真正讓你的沙漏被附魔！」
0x0496,Penumbra,Penumbra,,0x1279,0,1,False,「戒指在哪裡？你沒有拿到嗎？沒有戒指我們什麼都做不了！快去找！拜託！」
0x0496,Penumbra,Penumbra,,0x12e4,0,1,False,「你想要什麼？我已經給戒指附魔了！」
0x0496,Penumbra,Penumbra,,0x131b,0,1,False,「你想要什麼？我已經為戒指附魔了。它不能再為你做什麼了！」
0x0496,Penumbra,Penumbra,,0x1373,0,1,False,Penumbra 對你揮手，然後痛苦地閉上眼睛。
0x0496,Penumbra,Penumbra,,0x13ab_0x13b8,0,1,True,「再會，<PLAYER_NAME>！祝你好運！」
0x0497,Kissme,Kissme,,0x15,0,2,False,這個活潑的小仙子 (fairy) 在你周圍飛舞，咯咯笑著在你的頭上撒下某種閃閃發光的粉末。
0x0497,Kissme,Kissme,,0x15,1,2,False,「我愛你！是的，我愛你！我愛你！」
0x0497,Kissme,Kissme,,0xc0,0,1,False,「是的，我的愛人？」Kissme 問道。
0x0497,Kissme,Kissme,,0xef,0,1,False,「Kissme！ Kissme！」她咯咯地笑。
0x0497,Kissme,Iolo,,0x11b_0x12e,0,1,True,「別這麼做，<HONORIFIC>！誰知道這個奇怪的生物可能擁有什麼邪惡的力量！」他更仔細地檢查了這個小妖精 。「也許我應該先試試看，以確保它是安全的……」
0x0497,Kissme,Spark,,0x1e5,0,1,False,「嘿，『我來』吻她！她嚇不倒我！」
0x0497,Kissme,Shamino,,0x21a,0,1,False,「她『確實』看起來很誘人，不是嗎？」
0x0497,Kissme,Dupre,,0x252,0,1,False,「我的君主問了你的『名字』，邪惡的生物！」
0x0497,Kissme,Kissme,,0x293,0,1,False,「但那『就是』我的名字！ Kissme ！ Kissme ！這是真的！」
0x0497,Kissme,Kissme,,0x2e0,0,1,False,「我的目的是到處散播愛情粉末 (love dust) ，並歡迎你來到 Ambrosia ！我愛你！是的，我愛你！」
0x0497,Kissme,Kissme,,0x35e,0,2,False,她在 Shamino 的頭頂上飛舞。
0x0497,Kissme,Kissme,,0x35e,1,2,False,「我也愛『你』！」
0x0497,Kissme,Shamino,,0x3a1,0,1,False,「如果你能再大一點就好了……」
0x0497,Kissme,Kissme,,0x3d0,0,2,False,然後她圍繞著 Spark 飛舞。
0x0497,Kissme,Kissme,,0x3d0,1,2,False,「哦，我也愛『你』！」
0x0497,Kissme,Spark,,0x417,0,1,False,Spark 臉紅了。「喔，別鬧了！」
0x0497,Kissme,Kissme,,0x443,0,2,False,Kissme 然後飛近 Dupre 。
0x0497,Kissme,Kissme,,0x443,1,2,False,「英俊的男人！英俊的男人！我愛你！這是真的！這是真的！」
0x0497,Kissme,Dupre,,0x4b8,0,1,False,Dupre 拍打著仙子。「走開！你不愛我！你甚至不『認識』我！」
0x0497,Kissme,Kissme,,0x50e,0,2,False,Kissme 滑翔到 Iolo 身邊，在他的臉頰上留下一個大大的吻。
0x0497,Kissme,Kissme,,0x50e,1,2,False,「是的！我愛你！是的，我愛你！」
0x0497,Kissme,Iolo,,0x58e,0,2,False,Iolo 做了個苦瓜臉，擦了擦臉頰。
0x0497,Kissme,Iolo,,0x58e,1,2,False,「聖者，那是我感覺過最草率、最濕、最……『噁心』的吻！」
0x0497,Kissme,Kissme,,0x628,0,1,False,「那就是你所在的地方！這是真的！哦，是的！ Ambrosia ！」
0x0497,Kissme,Iolo,,0x678,0,1,False,「Ambrosia ！那麼它真的存在！」
0x0497,Kissme,Kissme,,0x6a4,0,1,False,「Ambrosia ，不列顛尼亞 (不列顛尼亞) 失落的島嶼！你真的在這裡！」
0x0497,Kissme,Kissme,,0x710,0,1,False,「就我所知它什麼用也沒有！但它很漂亮！」Kissme 像個孩子一樣咯咯笑。「這是我向你表達我愛你的方式！這是真的！」
0x0497,Kissme,Kissme,,0x7b1,0,1,False,「Ambrosia 在幾百年前被從天而降的石頭擊中了！哦，是的！整個島嶼都被砸成碎片了！這是真的！」
0x0497,Kissme,Kissme,,0x84a,0,2,False,「我相信它叫做凱德石 (Caddellite) 。是的，我相信這是真的！
0x0497,Kissme,Kissme,,0x84a,1,2,False,「而且我『確實』愛你，這是千真萬確的！」
0x0497,Kissme,Kissme,,0x8e3,0,1,False,「大部分的石頭都收集在水怪所在的坑裡。你得去問問水怪。這是真的！」
0x0497,Kissme,Kissme,,0x951,0,1,False,「那隻水怪是由三個兄弟組成的——全是龍！這是真的！你要小心別惹他們生氣，因為他們脾氣很壞！哦，是的，確實如此！他們非常保護他們的凱德石，所以你得先和他們談談！」
0x0497,Kissme,Kissme,,0xa42,0,2,False,「Ambrosia 曾經非常美麗！是的！我所有的祖先那時都住在這裡！到處都是愛情粉末，每天都像寶石一樣！是的，這是真的！是的，你會的！
0x0497,Kissme,Kissme,,0xa42,1,2,False,「哦，我必須再吻你一次！」
0x0497,Kissme,Kissme,,0xb23,0,1,False,「不管你是男是女都沒關係！不，沒關係！反正我就是要吻你！」
0x0497,Kissme,Iolo,,0xb7f_0xb98,0,1,True,「不！別這麼做，<HONORIFIC>。」
0x0497,Kissme,Spark,,0xba0,0,1,False,「天哪，又來了！」
0x0497,Kissme,Shamino,,0xbbd,0,1,False,「嘿，我覺得她很可愛！」
0x0497,Kissme,Dupre,,0xbe3_0xbff,0,1,True,「如果你要這麼做，<HONORIFIC>，就快點。我們沒時間浪費在這種蠢事上。」Dupre 對整件事看起來明顯感到反感。
0x0497,Kissme,Kissme,,0xc6d,0,1,False,你允許 Kissme 吻你嗎？
0x0497,Kissme,Kissme,,0xc8b,0,2,False,Kissme 在你的嘴上留下了一個你感覺過最濕、最草率、最黏膩且最軟爛的吻。
0x0497,Kissme,Kissme,,0xc8b,1,2,False,「哦，是的！那真有趣！我愛你！是的，這是真的！」
0x0497,Kissme,Kissme,,0xd3a,0,1,False,「反正我愛你！這是真的！」Kissme 咯咯笑著，在你的頭髮上撒了更多的愛情粉末。
0x0497,Kissme,Kissme,,0xda8,0,1,False,「再見，我的愛！哦，是的！我愛你！這是真的！」
0x0498,Zelda,Zelda,,0x15,0,1,False,你看到一位用冰冷目光迎接你視線的女人。
0x0498,Zelda,Zelda,,0x4f,0,1,False,「你現在需要什麼？」
0x0498,Zelda,Zelda,,0x8f,0,1,False,「我是 Zelda 。」
0x0498,Zelda,Zelda,,0xa6,0,1,False,「我是露加翁 (Lycaeum) 的顧問。」
0x0498,Zelda,Zelda,,0xec,0,1,False,她翻了個白眼。「露加翁就是你現在站的這棟建築。它是一座偉大的圖書館，旨在收藏豐富的知識。雖然在過去的兩百年間建築結構有些改變，但學習的本質並沒有變。」
0x0498,Zelda,Zelda,,0x1ce,0,1,False,「是的，」她說。「我的工作是管理和規範露加翁的活動。而且，」她補充道，「為月光城 (Moonglow) 的人們提供協助——當他們需要的時候！」
0x0498,Zelda,Zelda,,0x29a,0,1,False,「我負責維護閱讀區並引進新書。此外，我還幫忙為 Jillian 的輔導課程組織特殊的小組活動，並設立教育娛樂項目。」
0x0498,Zelda,Zelda,,0x33f,0,1,False,「我沒時間回答這些瑣碎的地理問題。去查地圖集！」
0x0498,Zelda,Zelda,,0x388,0,2,False,「我沒什麼時間處理這個，」她嘆了口氣。「我只跟露加翁的負責人 (Lycaeum head) 和他的雙胞胎兄弟 Brion 比較熟。訓練師 (trainer) 也在這間露加翁裡學習。」她抬頭看著天花板，彷彿在讀一份隱形懸在半空中的清單。
0x0498,Zelda,Zelda,,0x388,1,2,False,「你已經知道 Penumbra 了。 Mariah 也在這裡。如果你想了解友誼會 的成員，去問那邊的書記員。否則，」她冷冷地看著你，「讓我回到我的工作上。」她事後又補充了一句：「還有，降低你的音量。大家正在努力閱讀。」
0x0498,Zelda,Zelda,,0x5f9,0,1,False,「嗯，他們說她曾經是個熟練的法師，但我看到的只是一個到處遊蕩、稱讚傢俱的女人。如果你想的話可以和她說話，但我懷疑你能聽懂她在說什麼。還有，找她的時候別把書架弄亂了！」
0x0498,Zelda,Zelda,,0x6f3,0,1,False,「Jillian ？她非常守規矩。而且安靜又整潔。我相信她是一位優秀的學者。如果你要去找她，盡量不要弄翻任何書架。剛到了一些新書，我還沒把它們全部擺好。」
0x0498,Zelda,Zelda,,0x7d2,0,1,False,「是的，它們是不久前到達的，其中包括最近重新發現的 DeMaria 和 Spector 的著作《聖者歷險記 (The Avatar Adventures) 》。如果你能避免製造太多干擾，我推薦你閱讀。」
0x0498,Zelda,Zelda,,0x8d0,0,1,False,「如果我告訴你這最後一件事，你會離開好讓我回去工作嗎？」
0x0498,Zelda,Zelda,,0x92d_0xa47,0,4,True,「我們在地下室的深處發現了這本巨著。我們無法證實其內容的準確性，但已經注意到這部作品中的事件與不列顛尼亞最近歷史中的事件有許多相似之處。
0x0498,Zelda,Zelda,,0x92d_0xa47,1,4,True,「這本書是聖者日記的副本，大約寫於兩百年前，也就是<VAR>最近一次造訪不列顛尼亞的期間。當然，」她諷刺地笑著，「它已經被其他人加上了註解。
0x0498,Zelda,Zelda,,0x92d_0xa47,2,4,True,「最近出版是為了給予大眾更多的勇氣和信心。
0x0498,Zelda,Zelda,,0x92d_0xa47,3,4,True,「現在，再見了。」
0x0498,Zelda,Zelda,,0xb1e,0,1,False,「很好。」
0x0498,Zelda,Zelda,,0xb2e_0xb59,0,1,True,她搖了搖頭，咕噥著：「為什麼<VAR>要這樣浪費我的時間？」她重新抬頭看著你說：「Penumbra 是那位在兩個世紀前讓自己沉睡的聖人。傳聞只有聖者才能喚醒她。」
0x0498,Zelda,Zelda,,0xc02,0,1,False,「Nelson 非常能幹，雖然有點古怪。我真希望他能克制一下，不要向每個進入這棟建築的人炫耀他收集的小玩意。這總是會引起一陣騷動。」
0x0498,Zelda,Zelda,,0xcbb_0xdf8_0xe44,0,2,True,她冰冷的表情融化了。「Brion ，」她笑著說，「非常開明且理想主義。他對天文學 (heavens) 非常了解。」她抬起頭來強調『天文學』。「我覺得他非常有吸引力。但是，我不知道該如何傳達我的心意。」她害羞地轉過頭去。
0x0498,Zelda,Zelda,,0xcbb_0xdf8_0xe44,1,2,True,「除非，或許，<HONORIFIC>願意幫我？」她滿懷希望地問。「你同意替我告訴他嗎，<HONORIFIC>？」
0x0498,Zelda,Zelda,,0xe4b_0xe5b,0,1,True,「謝謝你，<HONORIFIC>。謝謝你。」她臉紅了。
0x0498,Zelda,Zelda,,0xe7d,0,1,False,「為了報答你的好意，我給你這瓶白色的藥水，這是我有一次在整理地下室時發現的。」
0x0498,Zelda,Zelda,,0xef3,0,1,False,她冰冷的目光又回來了。「很好。」
0x0498,Zelda,Zelda,,0xf25,0,1,False,她低頭看了一會兒。「我就知道。」當她抬起頭時，眼裡閃爍著淚光。「我感謝你的嘗試。」
0x0498,Zelda,Zelda,,0xfa2,0,1,False,「Nelson ？我從來沒真正想過他。」她聳了聳肩。「嗯，我想他也不失為一個次佳的選擇。我會試試看的，」她笑著說。
0x0498,Zelda,Zelda,,0x1050,0,1,False,「嗯，我覺得他的兄弟 Brion 相當有吸引力。」
0x0498,Zelda,Zelda,,0x108e,0,1,False,「祝你有個美好的一天。」
0x0499,Mariah,Mariah,,0x15,0,1,False,你看到你的老朋友 Mariah 。
0x0499,Mariah,Mariah,,0x39_0x46,0,1,True,「是的，<PLAYER_NAME>？我能幫你什麼忙？」Mariah 向你打招呼。
0x0499,Mariah,Mariah,,0x39_0x7e,0,1,True,「是的，<HONORIFIC>？」Mariah 笑了，笑得有點太甜了。
0x0499,Mariah,Iolo,,0xad,0,1,False,「你肯定認得你的老同伴 Mariah 吧？」
0x0499,Mariah,Mariah,,0xe1_0x100,0,1,True,「你已經忘記我了嗎，<PLAYER_NAME>？我是 Mariah 。」
0x0499,Mariah,Mariah,,0x118_0x17c,0,1,True,「我在 Lycaeum 賣法術、魔法藥材，有時還賣一些藥水。你想買這些東西嗎，<PLAYER_NAME>？」
0x0499,Mariah,Mariah,,0x1a9_0x1b6,0,1,True,「恐怕，<PLAYER_NAME>，我的選擇非常少。」
0x0499,Mariah,Mariah,,0x1dd,0,4,False,她悲傷地搖了搖頭。「我已經很久沒有做『我自己』了，以至於我都不認得這個城鎮了。」她睜大了眼睛。
0x0499,Mariah,Mariah,,0x1dd,1,4,False,「現在 Lycaeum 周圍有這麼多建築，你看到了嗎？」
0x0499,Mariah,Mariah,,0x1dd,2,4,False,她停頓了一下，看著你。
0x0499,Mariah,Mariah,,0x1dd,3,4,False,「順便說一句，老朋友。我猜是你讓以太恢復正常狀態的。謝謝你。」
0x0499,Mariah,Mariah,,0x331_0x35a,0,1,True,「未來的日子會很好的，朋友 <PLAYER_NAME>。」
0x0499,Mariah,Iolo,,0xad,0,1,False,「你肯定認得你的老同伴 Mariah 吧？」
0x0499,Mariah,Mariah,,0x362,0,1,False,「是的，你不認得我嗎？」她停頓了一下，怒視著你。「但你是誰，我的糕點呢？」
0x0499,Mariah,Mariah,,0x3d2,0,1,False,「是的，你可以告訴我你的名字，」她說，環顧著建築物。「這些書難道不漂亮嗎？」
0x0499,Mariah,Mariah,,0x445,0,2,False,她笑了。「我有一份非常重要的工作，我真的有。天哪，那些書架難道不可愛嗎？多麼整齊有序。」她轉頭看著你。
0x0499,Mariah,Mariah,,0x445,1,2,False,「小心！墨水瓶都是滿的，羽毛筆也很鋒利。」她咯咯地笑。
0x0499,Mariah,Mariah,,0x54d,0,1,False,「難道它們不是你見過最整潔、最有秩序、保養得最好的書架嗎？他們維護得非常好！」
0x0499,Mariah,Mariah,,0x5ca,0,1,False,「它們總是裝得滿滿的，隨時可以使用。他們非常擅長保持它們充滿並乾淨！」
0x0499,Mariah,Mariah,,0x634,0,1,False,「哦，是的，它們非常鋒利！當你需要寫信時，它們總是在那裡。他們做得很好，隨時準備了很多！」
0x0499,Mariah,Mariah,,0x6bc,0,1,False,「是的，他們是！」她的臉變得悲傷。「但我只負責販售 。」
0x0499,Mariah,Mariah,,0x713,0,2,False,「是的，」她同意道，「我確實有在賣。我甚至會拼字。事實上，我甚至在賣法術！但是，如果你想要魔法藥材，那你運氣不佳，因為我只在一週的七天中的某一天賣這些。你想知道是哪一天嗎？
0x0499,Mariah,Mariah,,0x713,1,2,False,「你一定有一套很棒的書！我剛好有一件可以搭配你書架的物品——一瓶藥水。如果你向我買一個法術或魔法藥材，我會以原價賣給你一瓶藥水！」
0x0499,Mariah,Mariah,,0x8e5,0,1,False,「哎呀，就是今天。你運氣真好。買個法術吧。」
0x0499,Mariah,Mariah,,0x928,0,1,False,「當然，隨時回來買吧。」
0x049A,Grod,Grod,,0x1f,0,1,False,食人妖對著你咆哮，顯然對你的出現感到不悅。
0x049A,Grod,Grod,,0x5f,0,1,False,「你要什麼？」Grod 問。
0x049A,Grod,Grod,,0x80,0,1,False,「我 Grod。你為什麼想知道？聲音不高興嗎？」
0x049A,Grod,Grod,,0xbf,0,2,False,他似乎真的在擔心。
0x049A,Grod,Grod,,0xbf,1,2,False,「我會把工作做好。我保證！我會打得更用力、更頻繁！」
0x049A,Grod,Anton,,0x146_0x15c_0x163,0,1,True,「非常感謝你，<HONORIFIC>，」<VAR>諷刺地說。
0x049A,Grod,Sullivan,,0x174,0,1,False,「好啦，好啦，Anton，這位好心人只是在回答問題。」
0x049A,Grod,Grod,,0x1bd,0,1,False,「很好。我工作做得很好！」
0x049A,Grod,Grod,,0x1e5,0,1,False,「我 Grod。你誰？」
0x049A,Grod,Grod,,0x207,0,1,False,「我不認識你。」他聳了聳肩。
0x049A,Grod,Grod,,0x232,0,1,False,「好笑的名字。不過，所有人類的名字都很好笑。」他聳了聳肩。
0x049A,Grod,Grod,,0x28a,0,2,False,「聖者？」他開始大笑。「聖者已經有……」他開始掰著手指數。試了幾次後，他放棄了，說：「有好多年沒來了！
0x049A,Grod,Grod,,0x28a,1,2,False,你不是聖者。」
0x049A,Grod,Grod,,0x33b,0,1,False,「我折磨囚犯，」他驕傲地捶著胸口說。
0x049A,Grod,Spark,,0x373,0,3,False,Spark 眼睛一亮。
0x049A,Grod,Spark,,0x373,1,3,False,「折磨？哇！」他迅速看了你一眼並改變表情。
0x049A,Grod,Spark,,0x373,2,3,False,「我、呃、我是說，那真是太糟糕了。」
0x049A,Grod,Grod,,0x402,0,1,False,「想幫忙嗎？」
0x049A,Grod,Grod,,0x418,0,2,False,他指著其中一名囚犯。
0x049A,Grod,Grod,,0x418,1,2,False,「他不像另一個那麼有趣。先折磨另一個。」
0x049A,Grod,Sullivan,,0x476_0x495,0,1,True,「什麼？不，沒關係，<HONORIFIC>。先折磨我。」
0x049A,Grod,Anton,,0x4ac_0x4b6,0,1,True,「對，<HONORIFIC>。先折磨他。」
0x049A,Grod,Sullivan,,0x4cd,0,1,False,「我感謝你，」他對另一個人說。
0x049A,Grod,Grod,,0x4fc,0,1,False,「動手吧，」Grod 說。
0x049A,Grod,Grod,,0x51b,0,1,False,他遞給你一條鞭子。
0x049A,Grod,Grod,,0x537,0,1,False,「你太懦弱了，用不了鞭子！」
0x049A,Grod,Grod,,0x562,0,1,False,「這裡沒有人可以虐待。」他顯得很失望。
0x049A,Grod,Grod,,0x59c,0,1,False,「你開了個好笑的玩笑。去吧，折磨他們。」
0x049A,Grod,Grod,,0x5e8,0,2,False,「是的，」他點點頭。「我也是一員。我致力合一。我價值先行於報償。而且我信賴我的兄弟。」
0x049A,Grod,Grod,,0x5e8,1,2,False,他笑了，顯然對自己很滿意。
0x049A,Grod,Grod,,0x6ae,0,1,False,「大團體，很多人。你應該加入！」
0x049A,Grod,Grod,,0x6e6,0,2,False,「你不知道？」他皺起眉頭。
0x049A,Grod,Grod,,0x6e6,1,2,False,「你應該在聲音生氣之前學會！」
0x049A,Grod,Grod,,0x73d,0,1,False,「好，加入。去找 Abraham 或 Danag 加入。」
0x049A,Grod,Grod,,0x775,0,1,False,「現在這裡沒有……」他顯得有些不安。
0x049A,Grod,Grod,,0x7ac,0,1,False,「那裡有一個！」他指著一個男人說。
0x049A,Grod,Grod,,0x7e1,0,1,False,「那裡還有一個！」他指著另一個男人說。
0x049A,Grod,Sullivan,,0x81b_0x837,0,1,True,「你今天過得好嗎，<HONORIFIC>？」他微笑著說。
0x049A,Grod,Grod,,0x850,0,1,False,「很好玩！囚犯會大聲尖叫。」
0x049A,Grod,Grod,,0x87c,0,1,False,「除了那個。他不尖叫。他只會說話。說個不停。我無聊到快瘋了。所以我折磨得更多。結果，」他攤開雙手，「他說得更多了！我不知道該怎麼辦。」
0x049A,Grod,Iolo,,0x947_0x95d,0,1,True,「那太糟糕了，<PLAYER_NAME>。我們必須命令他停止！」
0x049A,Grod,Grod,,0x983,0,1,False,「我試著讓他停下來。但他一直說。你來試試？也許他會停下來。」
0x049A,Grod,Grod,,0x9eb,0,1,False,「喔，不！Grod 喜歡工作！Grod 永遠不會停。你現在走開。」
0x049A,Grod,Grod,,0xa3c,0,1,False,「回來看看 Grod 吧。聽聽受害者的尖叫聲！」
0x049B,Cubolt,Cubolt,,0x15_0x17,0,1,True,"""<HONORIFIC>？你，也加入了這個邪惡組織？但這怎麼可能？你難道看不出他們的教義與美德本身背道而馳嗎？你難道不覺得自己更像一隻羊而不是一個人嗎？我真的很遺憾，因為如果連不列顛尼亞最偉大的英雄之一都與這種污穢同流合污，那麼我們這片偉大的土地就沒有希望了！」他厭惡地轉過身去。"
0x049B,Cubolt,Cubolt,,0x199,0,1,False,你看到一個臉上帶著不悅表情的男人。
0x049B,Cubolt,Cubolt,,0x1cd_0x1ed,0,1,True,Cubolt 抬起頭。「是的，<HONORIFIC>？」
0x049B,Cubolt,Cubolt,,0x1f4,0,1,False,「我是 Moonglow 的 Cubolt。」
0x049B,Cubolt,Cubolt,,0x221_0x23a,0,1,True,「我是一名農夫，<HONORIFIC>。我在弟弟 Tolemac 和家庭友人 Morz 的幫助下管理我的農場。」
0x049B,Cubolt,Cubolt,,0x299,0,1,False,「現在這座城市佔據了整個島嶼，包括 Lycaeum。不過，大多數居民仍然住在南部。我們在不列顛城本島的正東方。」
0x049B,Cubolt,Cubolt,,0x339,0,1,False,「我和弟弟認識 Morz 大半輩子了。當他不忙著為自己的口吃煩惱時，他非常友善。不幸的是，他太常聽 Tolemac 的話了。」
0x049B,Cubolt,Cubolt,,0x3e0,0,1,False,Cubolt 低下頭看著地面，悲傷地搖搖頭。「他五歲時就開始口吃了。他和弟弟在他父母駕駛的馬車後面摔跤。他們撞到一個顛簸，他掉了出去——頭部著地。從那時起，他就有了口吃。」他抬頭看著你。「奇怪的是，他和 Tolemac 都不記得那場意外了。或者至少，Tolemac 不記得。我無法說服 Morz 談論這件事。」
0x049B,Cubolt,Cubolt,,0x576,0,1,False,「Lycaeum 的辦事員 Zelda 應該是談論 Moonglow 居民的最佳人選。或者是酒保，雖然我不知道他的名字。我知道天文台台長和 Lycaeum 負責人是雙胞胎，但我從未見過他們任何一個。我確實知道你不想和友誼會的 Rankin 或 Balayna 說話。他們對我們曾經宜人的城市來說是個壞消息。」
0x049B,Cubolt,Cubolt,,0x6e9,0,1,False,「他是我的弟弟。我還需要多說什麼嗎？不過我有點擔心他。我已經習慣他叛逆的行為了，但他最近加入了友誼會。那讓我感到害怕。他們讓我感到害怕。我試著讓他清醒過來，但他太忙於享受讓我擔心的過程而聽不進去。而且，他還試圖讓 Morz 也加入。我希望我能讓他重新考慮。」
0x049B,Cubolt,Cubolt,,0x86e,0,1,False,他朝地上吐了口口水。「友誼會根本就是不列顛尼亞的毒瘤。他們有一種奇怪的理念，教導你忘記自己是誰並跟隨他們。這個過程使人失去人性，而且我認為這與八大美德背道而馳。不僅如此，他們在 Moonglow 的領導人還說服了 Tolemac 加入。」
0x049B,Cubolt,Cubolt,,0x9ae_0xa23,0,1,True,「不幸的是，Tolemac 不會聽我的。不過，」他開始滿懷希望地微笑，「他或許會聽你的，<HONORIFIC>。也許你能說服他回心轉意。我會非常感激的！或許，」他補充道，「你也可以要求 Morz 不要加入。」
0x049B,Cubolt,Cubolt,,0xaab_0xab8,0,1,True,「保重，<HONORIFIC>。」
0x049C,Balayna,Balayna,,0x1f,0,1,False,她瞪著眼，將一根手指放在唇邊，示意你安靜。
0x049C,Balayna,Balayna,,0x60,0,1,False,「我現在不能說話，我必須趕去參加友誼會的會議。」
0x049C,Balayna,Balayna,,0xaa,0,1,False,你看到一位表情非常嚴肅的女人。
0x049C,Balayna,Balayna,,0xd8_0xf4,0,1,True,「我能幫你什麼忙，<PLAYER_NAME>？」
0x049C,Balayna,Balayna,,0x105,0,1,False,她懷疑地看著你。「我的名字是 Balayna。」
0x049C,Balayna,Balayna,,0x13e,0,1,False,「我是友誼會 Moonglow 分會的書記。」
0x049C,Balayna,Balayna,,0x180,0,1,False,「我的工作是在會議期間做記錄，並管理這個分會的決策。」
0x049C,Balayna,Balayna,,0x1d9,0,1,False,「這是什麼？」她問著，從你手中接過小瓶。她打開並聞了聞。「品質非常好。我納悶為什麼他……」她抓住自己的喉嚨喘息著。你注意到一縷輕煙從現在已從她手中掉落的小瓶頂端升起。她窒息著倒在地上，死了。
0x049C,Balayna,Balayna,,0x2f8,0,1,False,「恐怕我必須先看看你指的是什麼，才能回答你的問題。」
0x049C,Balayna,Balayna,,0x347,0,1,False,她懷疑地盯著你。
0x049C,Balayna,Balayna,,0x360,0,1,False,「我們在晚上 9 點開會——這是慣例時間。在 Rankin 講道之後，我們都會討論友誼會讓我們生活中變得多麼美好的方方面面。」
0x049C,Balayna,Balayna,,0x40f,0,1,False,「這裡似乎是個……建立分會的合適地點。Moonglow 這裡有許多好市民。」
0x049C,Balayna,Balayna,,0x47b,0,1,False,她對這句話似乎感到驚訝。「好吧，我相信許多人都擁有堅強的意志和性格。他們正是友誼會所需要的那種人，能走出去並在整個不列顛尼亞傳播指導與繁榮。」
0x049C,Balayna,Balayna,,0x55f,0,1,False,「許多人缺乏達到最高潛力所需的紀律。」
0x049C,Balayna,Balayna,,0x599,0,1,False,「友誼會的宗旨是豐富所有居住在這片美麗土地上的人們的生活。」
0x049C,Balayna,Balayna,,0x5f4,0,2,False,「我忙於職責，在這裡認識的人很少。酒保 Phearcy 是社區的傑出成員，農夫 Tolemac 也是。Tolemac 的朋友 Morz 雖然害羞，但口碑很好。還有，Morz 有個兄弟。」她抬起頭若有所思。「或者他是 Tolemac 的兄弟？
0x049C,Balayna,Balayna,,0x5f4,1,2,False,「我不確定他是誰的兄弟，但我確實知道我對他了解不多，」她哼了一聲。
0x049C,Balayna,Balayna,,0x766,0,1,False,「我們的分會在 Moonglow 這裡已經開設大約五年了。Rankin 一直都在這裡，但我幾個月前才開始在這個分會工作。」
0x049C,Balayna,Balayna,,0x7fc,0,2,False,「友誼會是一個追求精神層面的社會，致力於達到人類潛力的最高境界。我們透過內在力量的三位一體 (Triad of Inner Strength) 來支持新現實主義。此外，我們管理和組織許多節慶，還經營著一個為有需要的人提供庇護的場所。
0x049C,Balayna,Balayna,,0x7fc,1,2,False,「Rankin 是 Moonglow 分會的負責人。他可以回答你的問題。」
0x049C,Balayna,Balayna,,0x986,0,1,False,「三位一體 (Triad) 基本上是三個原則，當它們被統一起來運用時，能使個人更好地達到生活中的創造力、滿足感和成功。」
0x049C,Balayna,Balayna,,0xa30,0,1,False,「三個原則是：致力合一 (Strive For Unity)、信賴你的兄弟 (Trust Thy Brother)——與姐妹——以及價值先行於報償 (Worthiness Precedes Reward)。」
0x049C,Balayna,Balayna,,0xafc,0,1,False,「本質上，這意味著人與人之間的合作不僅本身是達到人類潛力的理想手段，它還能促進整個過程。」
0x049C,Balayna,Balayna,,0xb84,0,1,False,「這個信條說明了，身為人我們都是一樣的，對彼此的仇恨或恐懼都沒有建設性。事實上，那是具有破壞性的。」
0x049C,Balayna,Balayna,,0xc1b,0,1,False,「這基本上意味著個人應該努力讓自己配得上他們生活中想要的事物。這常被誤引為『你得到你應得的』，但這往往帶有負面意涵。」
0x049C,Balayna,Balayna,,0xccd,0,3,False,「他是 Moonglow 這裡的分會負責人。」
0x049C,Balayna,Balayna,,0xccd,1,3,False,她謹慎地環顧四周。「你在城市裡旅行，對吧？最後或許還會去另一座城市——不列顛城？」她又看了一眼，顯然在檢查什麼。最後，她傾身向前，小聲地說。
0x049C,Balayna,Balayna,,0xccd,2,3,False,「我不確定 Rankin 是否配得上他的職位。就在 Rankin 說服新成員 Tolemac 加入之前，我聽到他和 Tolemac 的談話。他承認自己對友誼會抱有懷疑。他告訴 Tolemac 他認為，或許，友誼會只是在鼓勵其成員成為綿羊，而那些真正『掌權』的人都是騙子，只是為了錢。你對這件事有什麼看法？」她靠向椅背。
0x049C,Balayna,Balayna,,0xf5a_0xf67,0,1,True,「再見，<PLAYER_NAME>。記住我告訴你的話。」
0x049C,Balayna,Balayna,,0xf5a_0xf8a,0,1,True,「再見，<PLAYER_NAME>。」
0x049D,Tolemac,Tolemac,,0x1f,0,1,False,「走開！我不想再聽你的謊言了！」
0x049D,Tolemac,Tolemac,,0x51,0,1,False,「我正試著專心聽！」他瞪著你說。
0x049D,Tolemac,Tolemac,,0x82_0x8f,0,1,True,「抱歉，<HONORIFIC>，我現在不能說話。我必須趕去參加友誼會的會議！」
0x049D,Tolemac,Tolemac,,0xd8,0,1,False,你看到一位看起來很友善的農夫。
0x049D,Tolemac,Tolemac,,0x106_0x113,0,1,True,「你好，<HONORIFIC>。」
0x049D,Tolemac,Tolemac,,0x127_0x113,0,1,True,「我叫 Tolemac，<HONORIFIC>。」
0x049D,Tolemac,Tolemac,,0x13c,0,1,False,「我在 Moonglow 這裡幫我哥哥照顧我們的農場。」
0x049D,Tolemac,Tolemac,,0x18d,0,1,False,「我哥哥是 Cubolt。」他皺了一會兒眉。「他有時會有點專橫，試著要『照顧』我。不過，」他聳聳肩，「他或許是出於好意。我知道我不時會給他惹點麻煩，」他咧嘴笑著說，「但他活該。」
0x049D,Tolemac,Tolemac,,0x28b_0x298,0,1,True,「是的，<HONORIFIC>。這就是你所在的城鎮的名字。你對鎮民有什麼問題嗎？」
0x049D,Tolemac,Tolemac,,0x2ee_0x313,0,1,True,「我在這裡只認識幾個人，<HONORIFIC>。我哥哥 Cubolt 和我一起經營農場。Morz 也會幫我們——我們認識他很多年了。現在我加入了友誼會，我又認識了幾個人。Rankin 是 Moonglow 這裡的分會負責人，Balayna 是他的助手。如果你想知道其他人的事，你或許可以問問酒保。他的名字是 Phearcy。」
0x049D,Tolemac,Tolemac,,0x470,0,1,False,「Rankin 非常聰明。就是他說服我加入友誼會的。我非常尊敬他。」
0x049D,Tolemac,Tolemac,,0x4c9,0,1,False,「她是分會的書記。大多數時候，她都很友善。不過，有時她似乎有點冷淡。」
0x049D,Tolemac,Tolemac,,0x533,0,1,False,「Morz 和我一起長大。不過，他對自己的口吃非常敏感，所以我不會提起這件事。」
0x049D,Tolemac,Tolemac,,0x5a9,0,1,False,「很難讓他談論這件事。我認為這是他在小時候發生的一場意外造成的。我幾乎不記得那起事件了。我哥哥或許會記得更多。」
0x049D,Tolemac,Tolemac,,0x652_0x67f_0x7a6,0,4,True,「問 Rankin 或 Balayna 是最合適的，<HONORIFIC>，但我可以告訴你我們的主要信條。
0x049D,Tolemac,Tolemac,,0x652_0x67f_0x7a6,1,4,True,「我們堅信新現實主義，這是一種樂觀的人生觀，可以透過內在力量的三位一體 (Triad of Inner Strength) 來達到。
0x049D,Tolemac,Tolemac,,0x652_0x67f_0x7a6,2,4,True,「我希望很快我就能聽到伴隨著達到個人更高潛力而來的聲音。
0x049D,Tolemac,Tolemac,,0x652_0x67f_0x7a6,3,4,True,「還有，<HONORIFIC>，友誼會贊助了許多盛宴和節慶。我強烈建議你向 Rankin 詢問關於加入的事。」
0x049D,Tolemac,Tolemac,,0x80f_0x885,0,1,True,「回心轉意？我為什麼要那麼做？是我哥哥要求的嗎？他總是不願讓我自己做決定。不，<HONORIFIC>。我不會放棄我的信仰。友誼會為我的生活付出了太多。」
0x049D,Tolemac,Tolemac,,0x8d4,0,1,False,「虧你還是個同伴。你的話語裡毫無團結可言！」
0x049D,Tolemac,Tolemac,,0x919_0x929,0,1,True,「下次見，<HONORIFIC>。」
0x049E,Morz,Morz,,0x15,0,1,False,你面前的男人害羞地移開視線。
0x049E,Morz,Morz,,0x40_0x71,0,1,True,「我、我、我能幫、幫、幫你什麼，<HONORIFIC>？」
0x049E,Morz,Morz,,0x7f,0,1,False,「什、什、什麼口吃？」他轉身準備離開。
0x049E,Morz,Morz,,0xc3,0,1,False,他指著地面。「就是這裡！」
0x049E,Morz,Morz,,0xeb,0,1,False,「M、M、Morz。」
0x049E,Morz,Morz,,0x101,0,1,False,「我和 C、C、Cubolt 一起工作，在、在、在這裡務農。」
0x049E,Morz,Morz,,0x164,0,1,False,「M、M、Moonglow。」
0x049E,Morz,Morz,,0x18a,0,1,False,「這、這、這一點都不好、好、好笑！」他臉紅了，生氣地轉過身去。
0x049E,Morz,Morz,,0x1e9,0,1,False,「他是 T、T、Tolemac 的哥、哥、哥哥。我相、相、相信他。」
0x049E,Morz,Morz,,0x242,0,1,False,「T、T、Tolemac 是我、我、我的朋、朋、朋友。我認、認、認識他很、很、很久了。他剛加入兄、兄、友誼會。他也想讓、讓、讓我加入。」
0x049E,Morz,Morz,,0x305,0,1,False,「T、T、Tolemac 說他們做、做、做很多好、好、好事，而且他們能幫、幫、幫助我更容、容、容易交到朋、朋、朋友。C、C、Cubolt 認為他們很壞、壞、壞。我不、不、不知道該怎、怎、怎麼辦。」
0x049E,Morz,Morz,,0x413,0,1,False,「你覺、覺、覺得我不應該加入嗎？C、C、Cubolt 也不想讓、讓、讓我加入。我想我是不、不、不會了。我謝謝你。」
0x049E,Morz,Morz,,0x4ad,0,1,False,「再、再、再見。」
0x049F,Jillian,Jillian,,0x15,0,1,False,你看到一位舉止知性的年輕女子。
0x049F,Jillian,Jillian,,0x43_0x50,0,1,True,「你好，<PLAYER_NAME>。像往常一樣，我有很多事要做。不過，如果有必要的話，我可以為你騰出一點時間。」
0x049F,Jillian,Jillian,,0xc6_0xdb,0,1,True,「我是 Jillian，<HONORIFIC>。」
0x049F,Jillian,Jillian,,0xe2_0xfb,0,1,True,「我是一名學者，<HONORIFIC>。我也在這裡輔導並訓練那些在 Moonglow 尋求知識的人。」
0x049F,Jillian,Jillian,,0x165,0,1,False,「這座城鎮幾乎佔據了同名的整座島嶼。這座島位於不列顛城城的正東方，稍微偏南幾度。」
0x049F,Jillian,Jillian,,0x1e1,0,1,False,「很久以前，有一塊小大陸——其實是一座島——叫做 Ambrosia。然而，隕石擊中了它，摧毀了它的主要城市。這座島就位於東北海域。我想，它的遺跡應該還深埋在廢墟之下。」
0x049F,Jillian,Jillian,,0x2cc,0,1,False,「我的收費是每次訓練 35 枚金幣。你願意支付嗎？」
0x049F,Jillian,Jillian,,0x313,0,1,False,「那麼我真的該回去繼續我的研究了。」
0x049F,Jillian,Jillian,,0x34a,0,1,False,「比較好的訓練時間是我在書房裡的時候。」
0x049F,Jillian,Jillian,,0x387_0x394,0,1,True,「保重，<PLAYER_NAME>，」她說著，回到了之前的活動中。
0x04A0,Effrem,Effrem,,0x32,0,1,False,「你看到一個臉上帶著苦瓜臉的男人正抱著一個男嬰。當他看到你時，他的臉色亮了起來。」
0x04A0,Effrem,Effrem,,0xae_0xc1,0,1,True,「又見面了，<PLAYER_NAME>。我像往常一樣在這裡照顧小 Mikhail。」Effrem 皺了皺眉頭。
0x04A0,Effrem,Effrem,,0x110_0x124,0,1,True,「我是 Effrem，<HONORIFIC>。我只是 Moonglow 的一個普通居民。」
0x04A0,Effrem,Effrem,,0x156,0,1,False,「你叫什麼名字？」
0x04A0,Effrem,Effrem,,0x172_0x17f_0x1a1,0,2,True,「你好，<PLAYER_NAME>。」他轉向嬰兒。
0x04A0,Effrem,Effrem,,0x172_0x17f_0x1a1,1,2,True,「跟 <PLAYER_NAME> 說『你好』，Mikhail。」
0x04A0,Effrem,Effrem,,0x1c2_0x1cf_0x215,0,1,True,「好吧，<HONORIFIC>，如果你想被這樣稱呼的話。」他看著嬰兒。「這個<VAR>真是個勢利眼，不是嗎，Mikhail？」
0x04A0,Effrem,Effrem,,0x244,0,2,False,「啊哈，聖者，你是這麼說的。隨你怎麼想……」他轉向嬰兒。
0x04A0,Effrem,Effrem,,0x244,1,2,False,「這個可憐人想當聖者。可惜聖者只有一個，對吧 Mikhail？」
0x04A0,Effrem,Effrem,,0x2fc,0,2,False,「我？我沒有職業。沒有像我妻子那樣真正的職業。我整天做的就是照顧我的小 Mikhail。」他轉過頭看著嬰兒，用一種居高臨下的語氣說。「是的，我在照顧你，不是嗎？是的，沒錯。我當然在照顧你。」他親了親男孩，然後抬頭看著你，感到有些尷尬。
0x04A0,Effrem,Effrem,,0x2fc,1,2,False,「我剛說到哪了？哦，對了。我整天都在照顧這孩子。我應該出去工作，而不是待在家裡。那應該是 Jillian 的工作。她才屬於家裡，而不是我。」
0x04A0,Effrem,Effrem,,0x516,0,1,False,"""That is the name of my son. 'Tis a good name, yes?"""
0x04A0,Effrem,Effrem,,0x552_0x65c,0,2,True,「我妻子？Jillian？她是個學者。而且是個非常優秀的學者。雖然我也不差。我可以做得更好，事實上。但現在爭論這個沒有意義。她有她的職業，即使我沒有。不過，我應該找份工作的。你不同意嗎，<HONORIFIC>？這不是一個男人該做的事。像這樣待在家裡帶孩子。簡直是恥辱！」
0x04A0,Effrem,Effrem,,0x552_0x65c,1,2,True,他開始撫摸嬰兒頭上的一小撮頭髮。
0x04A0,Effrem,Jillian,,0x6ed,0,1,False,「好了，Effrem！你很清楚小 Mikhail 出生時我們是怎麼約定的。你應該感到羞恥，說這種胡話。」
0x04A0,Effrem,Effrem,,0x76d,0,1,False,「他聳了聳肩，看起來相當難為情。」
0x04A0,Effrem,Effrem,,0x7a1,0,2,False,「Moonglow 怎麼了？」他聳了聳肩，「這是一個美麗的城鎮，但最近有點太擁擠了。我聽說在 Moonglow 和 Lycaeum 分開之前，這裡曾經是個好得多、也小得多的地方。
0x04A0,Effrem,Effrem,,0x7a1,1,2,False,「這個地方太大了，根本無法真正認識任何人。不過我也沒有太多機會，因為我得待在家裡照顧兒子。」他低頭看著男孩，笑了笑，並搔了搔嬰兒的鼻子。
0x04A0,Effrem,Effrem,,0x943,0,1,False,「這不是男人該做的工作。我妻子應該在家陪孩子，而不是我。我應該出去賺錢養家。那才是我想做的事！」
0x04A0,Effrem,Effrem,,0x9d4,0,1,False,「這麼快就要走了？好吧，留下我跟寶寶。走吧，離開我。就像我妻子一樣！」
0x04A0,Effrem,Effrem,,0xa3f_0xa6d,0,1,True,「這麼快就要走了？啊，沒關係，<HONORIFIC>。我理解，你還有『真正的男人』該做的事。」
0x04A1,Chad,Chad,,0x1c,0,1,False,「你看到一個看起來很靈活的戰士朝你微笑。」
0x04A1,Chad,Chad,,0x5c_0x7a,0,1,True,Chad 微笑著。「你好，<PLAYER_NAME>。希望你過得好。」
0x04A1,Chad,Chad,,0x96_0xb0,0,1,True,「Chad，為您效勞，<HONORIFIC>。請問您是～？」
0x04A1,Chad,Chad,,0xc9_0xd6,0,1,True,「你好，<PLAYER_NAME>。我隨時為你效勞。」
0x04A1,Chad,Chad,,0xc9_0xf5,0,1,True,「你好，<HONORIFIC>。」他聳了聳肩。
0x04A1,Chad,Chad,,0x10e,0,1,False,「當然，當然，」他笑著說。「我早該意識到你就是聖者。天哪，距離你上次來，喔，至少有兩個星期了吧！」他眨了眨眼。
0x04A1,Chad,Shamino,,0x1b5,0,1,False,「你這個白痴！難道你這雙瞎眼看不出來這就是聖者嗎？」
0x04A1,Chad,Chad,,0x205,0,1,False,「是的，是的！我看出來了，」他笑著說。「那我一定是 Iolo！」
0x04A1,Chad,Shamino,,0x25d,0,1,False,「不，流氓！他才是 Iolo！」他對著 Iolo 點點頭。「你……真是個瞎眼的白痴！」
0x04A1,Chad,Shamino,,0x2ca,0,1,False,「不，流氓，你才是個瞎眼的白痴！」
0x04A1,Chad,Chad,,0x306,0,1,False,「我在 Moonglow 教授輕型武器的技巧。」
0x04A1,Chad,Chad,,0x34b,0,1,False,「你想知道這座城市的位置，還是想了解鎮上的居民？」
0x04A1,Chad,Chad,,0x3a5,0,1,False,「Moonglow 位於不列顛城和 Paws 交界處正東方的一個島嶼上。」
0x04A1,Chad,Chad,,0x3f7,0,1,False,「要打聽這個情報，你該去問酒保 Phearcy。我認識的只有其他酒客：Tolemac 和 Morz，兩位農夫。」
0x04A1,Chad,Chad,,0x476,0,1,False,「是的，我提供訓練。但只在白天。現在，是喝酒的時間了！」
0x04A1,Chad,Chad,,0x4cb,0,1,False,「你願意支付 45 枚金幣作為訓練費用嗎？」
0x04A1,Chad,Chad,,0x506,0,1,False,「好吧，也許下次你會願意的。」
0x04A1,Chad,Chad,,0x534,0,1,False,「記住，永遠保持警惕，準備好你的劍。」
0x04A2,Elad,Elad,,0x15,0,1,False,「這個男人用微笑的眼睛看著你。」
0x04A2,Elad,Elad,,0x46,0,2,False,Elad 朝你鞠了個躬。
0x04A2,Elad,Elad,,0x46,1,2,False,「很高興再次見到你。」
0x04A2,Elad,Elad,,0x83_0x95,0,1,True,「我叫 Elad，<HONORIFIC>。」
0x04A2,Elad,Elad,,0x9c,0,1,False,「我是這個社區居民的治療師。」
0x04A2,Elad,Elad,,0xdf,0,2,False,「Moonglow 是我的家。我一輩子都住這個城鎮。但我對這裡的生活感到厭倦。我想，是時候離開了。要是我在這裡沒有這麼深的羈絆就好了。」
0x04A2,Elad,Elad,,0xdf,1,2,False,他悲傷地嘆了口氣。
0x04A2,Elad,Elad,,0x1b6,0,1,False,「有一位從 Yew 來拜訪的旅行者。他在不列顛尼亞見過許多令人興奮的事物。我很喜歡聽他講述許多冒險的故事。」
0x04A2,Elad,Elad,,0x260,0,1,False,「他的名字是 Addom。他在鎮上的時候，我讓他在我的一張床上休息。」
0x04A2,Elad,Elad,,0x2be,0,1,False,「是的，我向需要的人出售我的治療服務。」
0x04A2,Elad,Elad,,0x302,0,1,False,「也許等我在店裡工作的時候，你可以過來治療。」
0x04A2,Elad,Elad,,0x348,0,1,False,「我在 Moonglow 的病人們。如果不是我，誰來幫助他們呢？」
0x04A2,Elad,Elad,,0x398,0,2,False,「Moonglow 有很多人。我父親曾經告訴我，在他那個年代，這個城鎮要小得多。事實上，他說 Moonglow 以前和 Lycaeum 是分開的！
0x04A2,Elad,Elad,,0x398,1,2,False,「不過，我扯遠了。你問起了這裡的人。我認識這裡的大多數居民。你想了解 Lycaeum、天文台、友誼會、農夫們、訓練師，還是酒館？」
0x04A2,Elad,Elad,,0x528,0,2,False,「Lycaeum 由一位名叫 Nelson 的好心人管理。他的顧問是 Zelda。不要在她面前違反任何規定，否則你會受到嚴厲的斥責！
0x04A2,Elad,Elad,,0x528,1,2,False,「Jillian 也在那裡學習。她可以教你很多東西。不用擔心 Mariah。如果你不去惹她，她是無害的。」
0x04A2,Elad,Elad,,0x645,0,1,False,「那裡的負責人是 Brion。他是 Lycaeum 負責人的雙胞胎兄弟。我很喜歡他，儘管他和他的兄弟都有點古怪。」
0x04A2,Elad,Elad,,0x6d3,0,1,False,「我最不了解這些人。這個分會大約在五年前在一個名叫 Rankin 的男人的領導下開設。幾個月前，一名書記加入了他的行列。她的名字叫 Balayna。」
0x04A2,Elad,Elad,,0x795,0,1,False,「Cubolt 擁有那個農場。他和他的弟弟 Tolemac 以及他們的朋友 Morz 一起管理它。我不是很確定，但我相信 Tolemac 最近加入了友誼會。」
0x04A2,Elad,Elad,,0x845,0,1,False,「Phearcy 在那裡當酒保。他是另一個你可以去打聽鎮民消息的好人。不過，他喜歡八卦，而且可能有點死腦筋。」
0x04A2,Elad,Elad,,0x8db,0,1,False,「訓練師叫 Chad。我相信他專精於敏捷、技巧性的戰鬥，使用刀劍之類的武器。如果你想提高你的技能，去見見他。」
0x04A2,Elad,Elad,,0x977_0x993_0xb14,0,7,True,「這麼快就要走了，<HONORIFIC>？很好，祝你的旅程充滿繁榮。」
0x04A2,Elad,Elad,,0x977_0x993_0xb14,1,7,True,他嘆了口氣。突然，他的臉色亮了起來。
0x04A2,Elad,Elad,,0x977_0x993_0xb14,2,7,True,「等等！也許我可以加入你？」
0x04A2,Elad,Elad,,0x977_0x993_0xb14,3,7,True,他迅速站起來，面帶微笑。然後，同樣突然地，他的笑容消失了。
0x04A2,Elad,Elad,,0x977_0x993_0xb14,4,7,True,「不。我不能。我有太多事情要做，有太多人要照顧。也許以後吧？」
0x04A2,Elad,Elad,,0x977_0x993_0xb14,5,7,True,他勉強擠出一絲笑容。
0x04A2,Elad,Elad,,0x977_0x993_0xb14,6,7,True,「希望下次見面時，<HONORIFIC>，我能有機會加入你。旅途愉快，我的朋友。」
0x04A3,Phearcy,Phearcy,,0x0_0xd,0,1,True,「抱歉，<HONORIFIC>，我晚點再跟你聊。但我現在想專心開會。」
0x04A3,Phearcy,Phearcy,,0x0_0x4a,0,1,True,「抱歉，<HONORIFIC>，我得去參加友誼會的集會！」
0x04A3,Phearcy,Phearcy,,0x94,0,1,False,「哎呀，你好，Dupre 爵士。一切都好吧？」
0x04A3,Phearcy,Dupre,,0xce,0,1,False,「你好，親愛的 Phearcy。是的，謝謝你，一切都好。」
0x04A3,Phearcy,Phearcy,,0x116,0,1,False,「你看到一個對你友善微笑的男人。」
0x04A3,Phearcy,Phearcy,,0x14a_0x166,0,1,True,「我能為您效勞嗎，<HONORIFIC>？」Phearcy 問道。
0x04A3,Phearcy,Phearcy,,0x17e,0,1,False,「你找到 Zelda 情緒波動的原因了嗎？」
0x04A3,Phearcy,Phearcy,,0x1b3,0,1,False,「太好了。在我去拿你的點心時告訴我吧。」當他為你準備餐點時，你告訴他你所知道關於 Zelda 和 Brion 的事。
0x04A3,Phearcy,Phearcy,,0x246_0x259,0,1,True,「太糟糕了，<HONORIFIC>。等你的行囊輕一點時，我再把肉乾給你。」
0x04A3,Phearcy,Phearcy,,0x296,0,1,False,「等你的負重輕一點時，我才能把飲料給你。」
0x04A3,Phearcy,Phearcy,,0x2d6_0x2e6,0,1,True,「真可惜，<HONORIFIC>。也許你下次就會知道了。」
0x04A3,Phearcy,Phearcy,,0x30e,0,1,False,「我是 Phearcy，為您效勞。」他微微鞠了個躬。
0x04A3,Phearcy,Phearcy,,0x34d,0,1,False,「我是 Moonglow 這裡的酒保。」
0x04A3,Phearcy,Phearcy,,0x389,0,1,False,「哦，你是指這個？」他指著他的徽章問道。「你沒聽說過友誼會嗎？我強烈建議你去分會辦公室和 Rankin 或 Balayna 談談。友誼會為我們鎮上，甚至整個不列顛尼亞做了許多事。我是一個堅定的新現實主義信徒。」
0x04A3,Phearcy,Phearcy,,0x4b3,0,1,False,「這是友誼會的基本原則。它由內在力量的三位一體組成，也就是努力團結、信任你的兄弟，還有……另一個是……喔，對了，善有善報，諸如此類的。」
0x04A3,Phearcy,Phearcy,,0x580,0,1,False,「你想打聽鎮上的某個人？你問對人了。我對 Moonglow 這裡的居民瞭如指掌。我很樂意告訴你住在這裡的任何店主、學者或農夫。還是你對訓練師、治療師、法師或友誼會領袖感興趣？」
0x04A3,Phearcy,Phearcy,,0x6b9,0,1,False,「啊，博學的學者們。我可以告訴你關於 Brion、Nelson、Zelda 和 Jillian 的事。」
0x04A3,Phearcy,Phearcy,,0x73b,0,1,False,「你想知道關於負責人還是他的書記的事？」
0x04A3,Phearcy,Phearcy,,0x789,0,1,False,「啊，對了，Mariah 人很好。」
0x04A3,Phearcy,Phearcy,,0x7b2,0,1,False,「她可以賣給你很多法術。」
0x04A3,Phearcy,Phearcy,,0x7da,0,1,False,「但我更想討論 Zelda。」
0x04A3,Phearcy,Phearcy,,0x7fc,0,1,False,「她是一位裁縫。可愛的女人，那個 Carlyn。晚上我去參加友誼會集會時，她會幫忙看管酒吧。」
0x04A3,Phearcy,Phearcy,,0x87c,0,1,False,「但我寧願討論 Zelda。」
0x04A3,Phearcy,Phearcy,,0x89e,0,1,False,「很棒的學者。非常好的人。與 Effrem 結了婚。」
0x04A3,Phearcy,Phearcy,,0x7da,0,1,False,「但我更想討論 Zelda。」
0x04A3,Phearcy,Phearcy,,0x8e7,0,1,False,「友善的傢伙——我喜歡他。」
0x04A3,Phearcy,Phearcy,,0x912,0,1,False,「他待在家裡照顧他們的兒子。」
0x04A3,Phearcy,Phearcy,,0x940,0,1,False,「但我更想討論 Brion。」
0x04A3,Phearcy,Phearcy,,0x962,0,1,False,「Chad 是個友善的傢伙——我喜歡他。」
0x04A3,Phearcy,Phearcy,,0x998,0,1,False,「但我寧願討論 Brion。」
0x04A3,Phearcy,Phearcy,,0x9ba,0,1,False,「Tolemac 和 Cubolt 是兄弟。在 Morz 的幫助下，他們經營著一個農場。」
0x04A3,Phearcy,Phearcy,,0xa16,0,1,False,「但我更想談談 Brion。」
0x04A3,Phearcy,Phearcy,,0xa38,0,1,False,「友善的傢伙——我喜歡他。他的名字是 Elad。」
0x04A3,Phearcy,Phearcy,,0xa7a,0,2,False,「可悲的是，他真正的願望是離開 Moonglow 去尋找冒險。但他不會離開，因為他覺得對他的病人有太多的責任。」Phearcy 聳了聳肩。
0x04A3,Phearcy,Phearcy,,0xa7a,1,2,False,「也許這並非沒有道理。」
0x04A3,Phearcy,Phearcy,,0xb4b,0,1,False,「但 Brion 對我來說更有趣。」
0x04A3,Phearcy,Phearcy,,0xb74,0,1,False,「他是 Brion 的雙胞胎兄弟。」
0x04A3,Phearcy,Phearcy,,0xb9d,0,1,False,「說到這個，我想討論一下 Brion。」
0x04A3,Phearcy,Phearcy,,0xbce,0,1,False,「Rankin 負責整個當地分會。如果你對友誼會有任何疑問，他都能為你解答。」
0x04A3,Phearcy,Phearcy,,0xc36,0,1,False,「如果你對友誼會有任何疑問，Balayna 都能為你解答。」
0x04A3,Phearcy,Phearcy,,0xc81,0,1,False,「嗯，如你所知，Brion 是天文台的負責人，而 Lyceaum 的顧問 Zelda 愛上了他。」
0x04A3,Phearcy,Phearcy,,0xce9,0,2,False,「啊，原來你也很好奇。我只知道每次有人對 Zelda 提起 Brion 的名字時，她嚴肅的表情就會變成微笑。
0x04A3,Phearcy,Phearcy,,0xce9,1,2,False,「我們來做個交易吧。找出他們的故事，我就請你和你的朋友們免費吃喝一頓。你可以在天文台找到 Brion，在 Lyceaum 找到 Zelda。」
0x04A3,Phearcy,Phearcy,,0xe1d_0xe36,0,1,True,「食物還是飲料，<HONORIFIC>？」
0x04A3,Phearcy,Phearcy,,0xe4b,0,1,False,「記住！告訴他們你是在『親切惡棍酒館』吃的！」
0x04A4,Addom,Addom,,0x15,0,1,False,「你看到一個英俊、堅毅、肌肉發達的男人，令人驚訝的是，他的臉上帶著友善的微笑。」
0x04A4,Addom,Addom,,0x8e_0x98,0,1,True,「請，<HONORIFIC>。來陪我作伴吧。」
0x04A4,Addom,Addom,,0xbb_0xce,0,1,True,「我叫 Addom，<HONORIFIC>。
0x04A4,Addom,Addom,,0xd2,0,1,False,「我周遊世界，尋找稀有獨特的物品賣給博物館。我不是 Moonglow 的居民。」
0x04A4,Addom,Addom,,0x14e_0x176,0,2,True,「我走遍了整個不列顛尼亞，<HONORIFIC>。這片土地上已經沒有什麼能讓我害怕的了。」
0x04A4,Addom,Addom,,0x14e_0x176,1,2,True,他咧嘴一笑。「但這裡的一些居民就不是這樣了。」
0x04A4,Addom,Addom,,0x204_0x21d,0,1,True,「這只是個玩笑，<HONORIFIC>。」
0x04A4,Addom,Addom,,0x224,0,1,False,「我發現了許多奇特的文物。你在音樂廳和 Lycaeum 看到的許多東西都是我帶給他們的。」
0x04A4,Addom,Addom,,0x29a_0x2aa,0,3,True,「事實上，<HONORIFIC>，我有一塊在 Jhelom 附近的大陸上找到的獨特水晶，我希望 Nelson 能出個好價錢。」
0x04A4,Addom,Addom,,0x29a_0x2aa,1,3,True,他拿出一塊透明的小水晶給你看。
0x04A4,Addom,Addom,,0x29a_0x2aa,2,3,True,水晶的切面在光線下閃閃發光。
0x04A4,Addom,Addom,,0x37a,0,1,False,「他是 Lycaeum 的負責人。他喜歡些小玩意兒和稀有物品。」
0x04A4,Addom,Addom,,0x3c9_0x3d6_0x450,0,2,True,「恐怕，<HONORIFIC>，我對這座美麗的城市一無所知。我和我妻子 Penni 住在 Yew，她在那裡當訓練師。
0x04A4,Addom,Addom,,0x3c9_0x3d6_0x450,1,2,True,「其實，<HONORIFIC>，除了 Nelson 之外，我在這裡還認識兩個人。」
0x04A4,Addom,Addom,,0x49c,0,1,False,「我認識了酒保和治療師。」
0x04A4,Addom,Addom,,0x4d5,0,1,False,「Phearcy 很友善。但他確實很喜歡八卦。他向我提出了一個交易，如果我能發現為什麼 Nelson 的助手對某個男人有不同的反應，或者是類似的事情，我就能贏得免費的餐點。我不打算去管閒事，但拜託，千萬別告訴 Phearcy！」
0x04A4,Addom,Addom,,0x5fc,0,2,False,「Elad 非常慷慨。事實上，我在鎮上時，他讓我睡在他的一張空床上。他唯一的收費，」他笑著說，「就是我給他講我的冒險故事。
0x04A4,Addom,Addom,,0x5fc,1,2,False,「這交易還不錯。」他聳了聳肩。
0x04A4,Addom,Addom,,0x6d9,0,1,False,「她教近戰格鬥。我在旅途中生存所需知道的一切都是從她那裡學來的。」
0x04A4,Addom,Addom,,0x73d,0,1,False,「你是指這個嗎？」他從斗篷下的一個小袋子裡拿出一顆透明的、多面的小寶石。「我最近剛找到這個。我本來希望能把它賣給 Lycaeum，但是，唉，他們用不著。或許你想要嗎？」他滿懷希望地問。「我以 20 枚金幣賣給你。」
0x04A4,Addom,Addom,,0x867,0,1,False,「謝謝你。」
0x04A4,Addom,Addom,,0x87a_0x893,0,1,True,「我真的很抱歉，<HONORIFIC>，但你的空間不夠了。」
0x04A4,Addom,Addom,,0x87a_0x8b5,0,1,True,「我真的很抱歉，<HONORIFIC>，但你的金幣不夠了。」
0x04A4,Addom,Addom,,0x8d7,0,1,False,「好吧。」他失望地嘆了口氣。
0x04A4,Addom,Addom,,0x902_0x924,0,1,True,「願你的每一天都愉快，<HONORIFIC>。」
0x04A5,Frank,Frank,,0x15,0,1,False,「我想你問了太多問題。」
0x04A5,Frank,Frank,,0x3a,0,1,False,「你看到一隻用後腿站立的狐狸，直直地盯著你。」
0x04A5,Frank,Frank,,0x80,0,1,False,「我的名字是 Frank，誠實的虔誠追隨者。」他微微鞠躬。
0x04A5,Frank,Frank,,0xcc,0,1,False,「那你又是誰？」
0x04A5,Frank,Frank,,0xf2,0,1,False,「你告訴我是件好事。與人交往時，應該始終保持誠實。順帶一提，你的聲音太沙啞了。」
0x04A5,Frank,Frank,,0x16b,0,1,False,「我很遺憾看到你不夠信任我而透露你的姓名。」他聳聳肩。「順帶一提，你的聲音太沙啞了。」
0x04A5,Frank,Frank,,0x1ed,0,2,False,「我，」他說，「正在進行一項任務。尋找誠實的任務。」他嗅了嗅空氣，然後轉向你。
0x04A5,Frank,Frank,,0x1ed,1,2,False,「順帶一提，如果你多洗幾次澡，你可能會交到更多朋友。」
0x04A5,Frank,Frank,,0x2c4,0,1,False,「是的，就像『洗個澡』一樣。我必須通知你，你真的很臭！」
0x04A5,Frank,Frank,,0x319,0,1,False,「說到你的朋友，我聽說你的同伴 Dupre 是個醉鬼。」
0x04A5,Frank,Dupre,,0x360,0,1,False,「嘿，我不認為——」
0x04A5,Frank,Frank,,0x380,0,2,False,「是的，根據我聽到的說法，當 Dupre 面對一杯，呃，任何東西時，他都毫無意志力可言。
0x04A5,Frank,Frank,,0x380,1,2,False,事實上，總的來說，你在挑選同伴的品味相當差。」
0x04A5,Frank,Frank,,0x445_0x461,0,1,True,「我很高興你問了，<HONORIFIC>。你的朋友 Iolo 賣的弓收費太高了。或許你可以找他聊聊。」
0x04A5,Frank,Iolo,,0x4b3,0,1,False,「太多？你是什麼意思，太——」
0x04A5,Frank,Frank,,0x4e2,0,3,False,「他的弓和弩的品質根本不值他收的那些金幣。」
0x04A5,Frank,Frank,,0x4e2,1,3,False,他退後了一步。
0x04A5,Frank,Frank,,0x4e2,2,3,False,「天啊！你的口氣能臭死一頭牛。你應該考慮好好照顧你的牙齒，否則你的同伴會離開你。」
0x04A5,Frank,Frank,,0x5c0,0,1,False,「這就是你口臭的原因。自從你的同伴 Shamino 因恐懼從戰場上逃跑以來，我還沒見過這麼黃的東西。」
0x04A5,Frank,Shamino,,0x648,0,1,False,「你一定是瘋了！」Shamino 轉向你。「這個無賴需要被教訓一頓。」
0x04A5,Frank,Frank,,0x6a3_0x6c1,0,1,True,「而你的朋友 Shamino，<PLAYER_NAME>，脾氣相當好戰。」
0x04A5,Frank,Frank,,0x6e4,0,1,False,「而且，」他停頓了一下，非常靠近地盯著你的臉，「我從沒注意到你的鼻子有多大。你還能找到足夠的空氣呼吸真是個奇蹟。」
0x04A5,Frank,Frank,,0x797,0,1,False,「是的，好戰、好鬥、憤怒。如果你不知道這一點，我相信你需要提高你的詞彙量。你太缺乏教育了。」
0x04A5,Frank,Frank,,0x82f_0x83f,0,1,True,「相信我，<HONORIFIC>，你太無知了，無法跟我爭論。」
0x04A5,Frank,Dupre,,0x86d,0,1,False,「喔，這太過分了！」
0x04A5,Frank,Frank,,0x88d,0,1,False,「真的很大，而且一點也不迷人。」
0x04A5,Frank,Frank,,0x8be,0,1,False,「你的舉止就像一頭豬。這麼唐突地打斷對話是不禮貌的。」
0x04A6,Thurston,Thurston,,0x29,0,1,False,「你看到一個因為一天辛勤工作而渾身是汗的男人。」
0x04A6,Thurston,Thurston,,0x72_0x7f,0,1,True,「你好，<HONORIFIC>～」Thurston 說。
0x04A6,Thurston,Thurston,,0x95,0,1,False,「我是 Thurston。」
0x04A6,Thurston,Thurston,,0xae,0,1,False,「我在 Paws 這裡經營磨坊。」
0x04A6,Thurston,Thurston,,0xe2,0,1,False,「當地經濟依賴磨坊提供麵粉。所以我確保磨坊運轉。有時候，我覺得保持輪子轉動是活著的唯一理由。」
0x04A6,Thurston,Thurston,,0x187,0,1,False,「一袋要價 12 枚金幣。你有興趣買一些嗎？」
0x04A6,Thurston,Thurston,,0x1c5,0,1,False,「給你，」他說著，把袋子遞給你。「你還想要一袋嗎？」
0x04A6,Thurston,Thurston,,0x215,0,1,False,「你沒有空間放這個袋子了。」
0x04A6,Thurston,Thurston,,0x240_0x268,0,1,True,「你沒有足夠的金幣買這個，<HONORIFIC>。也許下次吧。」
0x04A6,Thurston,Thurston,,0x281_0x294,0,1,True,「也許下次，<HONORIFIC>。」
0x04A6,Thurston,Thurston,,0x29b,0,1,False,「磨坊目前關閉了。如果你願意等它重新開張時再來，我很樂意賣給你所有你能拿得動的麵粉。」
0x04A6,Thurston,Thurston,,0x31d,0,1,False,「如果你沒注意到，住在這兒的人沒有他們住在不列顛城的親戚那麼富裕。事實上，我們最近甚至發生了一起竊盜案。」
0x04A6,Thurston,Thurston,,0x3c7_0x3e6,0,1,True,「的確，你應該小心，<HONORIFIC>。這鎮上有個小偷！一位名叫 Morfin 的商人，被偷了幾瓶珍貴的銀蛇毒液。」
0x04A6,Thurston,Thurston,,0x453,0,1,False,「它是從銀蛇身上取得的。我相信在過去，石像鬼習慣性地使用它。我不太確定它對人類會有什麼影響。也許 Morfin 可以告訴你更多。」
0x04A6,Thurston,Thurston,,0x507,0,1,False,「我已經付過你一次送貨費了。我不會再付一次的。」
0x04A6,Thurston,Thurston,,0x550,0,1,False,「你把袋子交給 Thurston。他打開它，把手伸進去。他的手拿出來時抓滿了小麥。他用手指篩了篩。『我知道 Camille 經營農場經常很忙。謝謝你幫忙送貨。』」
0x04A6,Thurston,Thurston,,0x620,0,1,False,「這應該能補償你的辛勞。」他遞給你十枚金幣。
0x04A6,Thurston,Thurston,,0x663,0,1,False,「這真是個謎！Camille 答應今天某個時候送小麥給我，而且已經晚了。我想知道它會在哪裡。」
0x04A6,Thurston,Thurston,,0x6e1,0,1,False,「我沒有妻子或家人。我曾經考慮過加入友誼會，但我拒絕了。我除了工作，就只有偶爾在 Salty Dog 喝杯酒。」
0x04A6,Thurston,Thurston,,0x78e,0,1,False,「我知道他們在鎮上做了很好的工作，但他們身上就是有些東西讓我感到不舒服。」
0x04A6,Thurston,Thurston,,0x7fe_0x294,0,1,True,「他注意到你的友誼會徽章，急忙清了清嗓子。『無意冒犯，<HONORIFIC>。」
0x04A6,Thurston,Thurston,,0x850,0,1,False,「說實話，我去那裡更多是為了靠近旅館老闆 Polly，而不是為了喝酒。但我肯定她總是在忙著照顧酒吧，沒有時間理我。」
0x04A6,Thurston,Thurston,,0x8f3,0,1,False,「我應該去 Salty Dog 看看 Polly。」Thurston 茫然地盯著半空幾秒鐘，他的眼睛睜得大大的，臉上帶著癡情的表情。突然，他回過神來。「對不起，你剛才說什麼？」
0x04A6,Thurston,Thurston,,0x9c8,0,1,False,「你向 Thurston 轉述了 Polly 對他說的話。他帶著驚喜的表情看著你。『Polly 真的這麼說嗎？！她認為我對她來說太好了，這太荒謬了！』突然他忘記了工作，興奮地四處走動。『多年來我一直遠遠地愛著這個女人。我會立刻開始追求她！』」
0x04A6,Thurston,Thurston,,0xb06,0,1,False,「我想感謝你告訴我關於 Polly 對我感覺的真相。我一直經營這個該死的磨坊，真是個死腦筋，如果她背上貼著告示，我可能也永遠不會注意到！這正是我開始享受生活所需要的幫助！」
0x04A6,Thurston,Thurston,,0xbfb_0xc1d,0,1,True,「祝你有個美好的一天，<HONORIFIC>。」
0x04A7,Feridwyn,Feridwyn,,0x0,0,1,False,「聖者！你知道商人 Morfin 被偷了一批銀蛇毒液嗎？這起竊案給社區帶來了不小的困擾。」
0x04A7,Feridwyn,Feridwyn,,0x78,0,1,False,「聖者！喔，聖者！我有消息！」
0x04A7,Feridwyn,Feridwyn,,0xa6,0,1,False,「我的兒子 Garritt 告訴我 Tobias 身上有一些銀蛇毒液。我去調查，發現 Tobias 確實有！」
0x04A7,Feridwyn,Merrick,,0x11b,0,1,False,「沒錯！我是見證人，Feridwyn 說的是實話！」
0x04A7,Feridwyn,Feridwyn,,0x159,0,1,False,「我常說 Tobias 不是好東西。現在有了證據。他就是那個一直掠奪我們誠實商人之一的小偷！想到我居然讓他接觸我的兒子！我希望他能得到適當的懲處，這對於一個將年輕人引入歧途、偏離友誼會之道的人是應該的。
0x04A7,Feridwyn,Feridwyn,,0x279,0,1,False,「我建議你立刻去跟他的母親談談！Camille 應該對她的後代嚴加管教！」
0x04A7,Feridwyn,Feridwyn,,0x33c,0,1,False,「你看到一個身形矮小，姿勢扭曲傾斜的男人。他上下打量你後，才決定跟你說話。」
0x04A7,Feridwyn,Feridwyn,,0x3af,0,1,False,「我得到消息說你要來我們的鎮上。我一直期待著你。但我必須承認，我很難相信你真的是聖者。」
0x04A7,Feridwyn,Feridwyn,,0x434,0,1,False,「你想再跟我說話嗎，聖者？」Feridwyn 說。
0x04A7,Feridwyn,Feridwyn,,0x46e,0,1,False,「我的名字是 Feridwyn。」
0x04A7,Feridwyn,Feridwyn,,0x490,0,1,False,「我和我的妻子 Brita 以及兒子 Garritt 在 Paws 這裡經營友誼會的庇護所。」
0x04A7,Feridwyn,Feridwyn,,0x519,0,1,False,「你想加入嗎？」
0x04A7,Feridwyn,Feridwyn,,0x532,0,1,False,「那你必須去見不列顛城的巴特林。他是友誼會的創始人。」
0x04A7,Feridwyn,Feridwyn,,0x584,0,1,False,「你還不明白，透過友誼會的指引，你的生活可以得到多大的改善。」
0x04A7,Feridwyn,Feridwyn,,0x5e2,0,1,False,「溫和的聖者，你來我們這個簡陋的小鎮真是太好了。你很清楚，如果要減輕不列顛尼亞不幸者的痛苦，友誼會還有很多工作要做。」
0x04A7,Feridwyn,Feridwyn,,0x694,0,1,False,「這是全不列顛尼亞唯一一個為援助和照顧窮人而設的地方。這是一項艱苦的工作，但我們努力使自己配得上我們想要得到的東西。」
0x04A7,Feridwyn,Feridwyn,,0x746,0,1,False,「一位很棒的女人。你應該見見她。」
0x04A7,Feridwyn,Brita,,0x77a,0,1,False,「我丈夫真是個馬屁精。事實是，我們為友誼會所做的工作讓我們更親近了。」
0x04A7,Feridwyn,Feridwyn,,0x7e5,0,1,False,「既然你已經認識我的妻子 Brita，我敢肯定你會同意，你找不到比她更致力於友誼會教義的實踐者了。」
0x04A7,Feridwyn,Feridwyn,,0x870,0,1,False,「幸運的是，透過強調友誼會的教義，我們能夠適當地撫養我們的兒子。Garritt 不會被周圍的貧困困住。他將在智力、精神和道德上更加優越。他還很有才華呢！」
0x04A7,Feridwyn,Feridwyn,,0x952,0,1,False,「以他這個年紀的男孩來說，他把排笛吹得非常好！Brita 和我都很驕傲。當他長大後，他或許能進入不列顛城的音樂廳！」
0x04A7,Feridwyn,Feridwyn,,0x9f5,0,1,False,「因為這是一個沒有什麼特權，也沒什麼隱私的小鎮，我們家對 Paws 的每一個人都相當了解。有你想聽聽關於誰的事嗎？我對這些人很熟悉。」
0x04A7,Feridwyn,Feridwyn,,0xae1,0,1,False,「他們是 Morfin、Andrew、Thurston 和 Beverlea。」
0x04A7,Feridwyn,Feridwyn,,0xb3c,0,1,False,「她是一位幾乎失明的年長婦女，在河東岸經營古董店。」
0x04A7,Feridwyn,Feridwyn,,0xb8b,0,1,False,「那就是 Camille 和她的兒子 Tobias。」
0x04A7,Feridwyn,Feridwyn,,0xbc5,0,1,False,「喔。他們。Komor 和 Fenn。」Feridwyn 翻了翻白眼。
0x04A7,Feridwyn,Feridwyn,,0xc12,0,1,False,「我們的居民包括 Alina 和她的孩子，以及 Merrick。」
0x04A7,Feridwyn,Feridwyn,,0xc66,0,1,False,「她的丈夫目前在不列顛城的某個地方。我不知道詳情。她有一個小孩子。」
0x04A7,Feridwyn,Feridwyn,,0xccd,0,1,False,「我很抱歉！你剛好錯過他們了！Elizabeth 和 Abraham 在這裡遞送資金，但他們現在已經去了 Jhelom。那裡目前沒有友誼會分會，所以他們要把內在力量的三位一體帶到西方的土地上！」
0x04A7,Feridwyn,Feridwyn,,0xdbd,0,1,False,「我已經很多天沒見過 Elizabeth 和 Abraham 了。」
0x04A7,Feridwyn,Feridwyn,,0xdfc,0,1,False,「Thurston 擁有磨坊。如果他經營事業時能多著眼於利潤，他可以做得更好。」
0x04A7,Feridwyn,Feridwyn,,0xe63,0,1,False,「她是個悲傷的女人——一個寡婦——活在過去。真是可惜。幸運的是她丈夫留給她的農場的確還有盈利。」
0x04A7,Feridwyn,Feridwyn,,0xef4,0,1,False,「這是一個友誼會徹底改變某人生活的好例子。目前他住在我們的庇護所裡。」
0x04A7,Feridwyn,Feridwyn,,0xf5e,0,1,False,「Morfin 是一個聰明勤奮的友誼會成員。他經營當地的屠宰場，也是個蛇毒商人。」
0x04A7,Feridwyn,Feridwyn,,0xfd3,0,1,False,「Andrew 是一個非常快樂的年輕人。他沒有注意到自己身上有著無數的個人問題。」
0x04A7,Feridwyn,Feridwyn,,0x1041,0,1,False,「當地的流氓。我通常不會允許 Garritt 跟這樣的麻煩製造者交往，但友誼會教我要做個寬容的父母。此外，跟我的兒子交往可能會對那小夥子有些好處。誰知道呢？」
0x04A7,Feridwyn,Feridwyn,,0x111d,0,1,False,「不管 Tobias 有沒有親自偷毒液。我兒子就是被他帶壞的，因此發生這起竊案。雖然他的行為還不到犯罪的程度，我還是怪罪 Tobias。」
0x04A7,Feridwyn,Feridwyn,,0x11cf,0,1,False,「Fenn 是一個拒絕友誼會所有援助的乞丐。一個可悲的案例。連他以前的朋友 Merrick 都無法再接觸到他。」
0x04A7,Feridwyn,Feridwyn,,0x125c,0,1,False,「Komor 是我見過最可恨的人。他就是個滿腹怨氣的結合體。在我們認識的時間裡，Komor 對我說的每一句話，充其量也不過是層薄薄偽裝的侮辱。」
0x04A7,Feridwyn,Feridwyn,,0x131d,0,1,False,「幸好有你徹底的努力，我們現在可以把這起蛇毒竊案拋在腦後了。我會處理我兒子的。我們別再談這件事了。」
0x04A7,Feridwyn,Feridwyn,,0x13b4,0,1,False,「謝天謝地，我那眼尖的男孩 Garritt 查清了這起蛇毒竊案的真相。坦白說，我自己也懷疑過 Tobias。」
0x04A7,Feridwyn,Feridwyn,,0x143a,0,1,False,「當地的商人 Morfin 告訴我，他的一批銀蛇毒液被偷了。小偷仍在逃，所以要小心！當然，我不知道為什麼會有人想要這種邪惡的物質。這對健康肯定沒好處。」
0x04A7,Feridwyn,Feridwyn,,0x150f,0,1,False,「我向你保證，我會對我的兒子施加必要的管教，以確保他從當地小混混那裡沾染的壞習慣，不會再給這個村子帶來麻煩。」
0x04A7,Feridwyn,Feridwyn,,0x15b5,0,1,False,「你在 Garritt 的物品中發現了裝毒液的小瓶？我很驚訝！我大為震驚！我……很抱歉。」
0x04A7,Feridwyn,Feridwyn,,0x162b,0,1,False,「你真是個足智多謀的人。不幸的是，你的發現讓我非常難過。」
0x04A7,Feridwyn,Feridwyn,,0x1683,0,1,False,「你說我兒子承認偷了毒液？！我不知道該說什麼。感謝你，聖者，揭開了真相。」
0x04A7,Feridwyn,Feridwyn,,0x16f3,0,1,False,「願你與友誼會同行。」
0x04A7,Feridwyn,Feridwyn,,0x1716,0,1,False,「你意識到這個方塊，並沒有引出任何 Feridwyn 自己不相信的東西。他是 Guardian 那些天真的追隨者之一。」
0x04A8,Brita,Brita,,0x29,0,1,False,「一個表情嚴厲的女人毫不幽默地盯著你看。」
0x04A8,Brita,Brita,,0x69_0x7c,0,1,True,「向你問好，<HONORIFIC>。」你聽到 Brita 說。
0x04A8,Brita,Brita,,0x99,0,1,False,「我是 Brita。」
0x04A8,Brita,Brita,,0xaf,0,1,False,「我幫我丈夫 Feridwyn 經營友誼會在 Paws 的庇護所。」
0x04A8,Brita,Brita,,0x118,0,1,False,「我丈夫是個好人，他無私地奉獻自己來幫助鎮上的窮人，而他們卻毫不感激。他是個好人，也是個盡責的友誼會成員。」
0x04A8,Brita,Brita,,0x1bb,0,1,False,「我丈夫是我這輩子見過最可敬的人。」
0x04A8,Brita,Feridwyn,,0x1f2,0,1,False,「別相信妻子驕傲的自誇，善良的聖者。我只是一個盡己所能的普通人。」
0x04A8,Brita,Brita,,0x257,0,1,False,「你應該跟我丈夫談談友誼會的事。我敢肯定你對他要告訴你的事會印象深刻的。」
0x04A8,Brita,Brita,,0x2c7,0,1,False,「看到你加入了友誼會，只是證實了我早已知道的事。那就是友誼會是我們帶領不列顛尼亞邁向美好新未來的道路。你加入我們的消息正在四處傳開！」
0x04A8,Brita,Brita,,0x391,0,1,False,「經營庇護所對我丈夫和我來說是項艱苦的工作，但為了減輕那些比我們不幸的人的痛苦，這是值得的。」
0x04A8,Brita,Brita,,0x41f,0,1,False,「我們聽說了 Paws 發生的一切。如果我不知道，那我丈夫也一定知道。有你想特別了解的人嗎？」
0x04A8,Brita,Brita,,0x4a1,0,1,False,「我知道這些人：」
0x04A8,Brita,Brita,,0x4d1,0,1,False,「自己決定對他人的印象是件好事。」
0x04A8,Brita,Brita,,0x505,0,1,False,「Alina 和她的孩子住在庇護所裡，可憐的東西。她的丈夫是個普通的小偷，現在還在監獄裡。但一旦我們說服她加入友誼會，我們就會幫助她把生活整頓好。你知道的，她不夠聰明，看不出這對她有什麼好處。必須仔細指導她。」
0x04A8,Brita,Brita,,0x635,0,1,False,「Camille 是一個農場寡婦。她傾向於活在過去，遵循舊有的美德並質疑友誼會的做法。你知道的，這些鄉下人很迷信。這是他們智力低下造成的。她甚至沒有注意到她的兒子 Tobias 長大後變成了什麼樣的流氓！完全不像我們的兒子 Garritt。」
0x04A8,Brita,Brita,,0x780,0,1,False,「一個非常可憐的小鬼。總是悶悶不樂。但是，必須了解到他沒有父親來好好管教他。」
0x04A8,Brita,Brita,,0x7f6,0,1,False,「你說在 Garritt 的物品中發現了那瓶毒液？我不相信！你是說我兒子是個說謊者和小偷嗎？我不會相信的！祝你有個美好的一天！」
0x04A8,Brita,Brita,,0x8a6,0,1,False,「所以 Garritt 承認他偷了毒液瓶。我簡直不敢相信！我不知道該說什麼。」
0x04A8,Brita,Brita,,0x90a,0,1,False,「Brita 喜笑顏開。『Garritt 是一個很棒的兒子。他正在被撫養長大以遵循友誼會的價值觀。他的價值得到了回報。』」
0x04A8,Brita,Brita,,0x9ad,0,1,False,「Brita 皺眉皺得比以前更厲害了。『如果你問我，這全是一個讓我小男孩惹上麻煩的陰謀。如果你沒有來鎮上，這整個事件就不會發生！』」
0x04A8,Brita,Brita,,0xa68,0,1,False,「Garritt 在吹排笛方面太有天賦了！這真是一份禮物！」
0x04A8,Brita,Brita,,0xab3,0,1,False,「Polly 經營當地酒館是為了靠近人群。她是一個孤獨的靈魂，覺得根本沒有人渴望她的心。想到她就讓我好難過。如果她加入友誼會，她就能找到所有她想要的陪伴。」
0x04A8,Brita,Brita,,0xb92,0,1,False,「我們的一名成員，當地商人 Morfin，被偷了一批銀蛇毒液。雖然我不在乎毒液本身，但這難道不令人震驚嗎？」
0x04A8,Brita,Brita,,0xc2e,0,1,False,「我自己從沒見過。我不知道它對人有什麼作用，但它絕對不可能是好東西！」
0x04A8,Brita,Brita,,0xc98,0,1,False,「願你與友誼會同行，聖者。」
0x04A9,Alina,Alina,,0x15,0,1,False,「你看到一個單純的農婦。她的臉上刻滿了悲傷。」
0x04A9,Alina,Alina,,0x5b_0x68,0,1,True,「你好，<HONORIFIC>。」Alina 說。
0x04A9,Alina,Alina,,0x7b,0,1,False,「我是 Alina。」
0x04A9,Alina,Alina,,0x91_0xaa,0,1,True,「我...沒有工作，<HONORIFIC>。除了作為我孩子的母親，我正在等我丈夫 Weston 從不列顛城回來。」
0x04A9,Alina,Alina,,0x115,0,1,False,「Cassie 是我的女兒。還只是個小嬰兒，她是我唯一的快樂。」
0x04A9,Alina,Alina,,0x168_0x178,0,2,True,「好消息，<HONORIFIC>！我丈夫被不列顛王赦免了。他甚至為 Weston 提供了短期的工作，這樣他就能口袋裡帶著足夠養活我們一段時間的錢回到我身邊！
0x04A9,Alina,Alina,,0x168_0x178,1,2,True,好消息，不是嗎？」
0x04A9,Alina,Alina,,0x240,0,1,False,「我丈夫因為偷了皇家果園的水果被關在不列顛城的監獄裡。」
0x04A9,Alina,Alina,,0x29c_0x2b8,0,1,True,「我丈夫不是小偷，<HONORIFIC>。他去那裡是為了給孩子和我買水果，這樣我們才有足夠的食物吃。他被冤枉了，我肯定！」
0x04A9,Alina,Alina,,0x338,0,1,False,「我們非常窮。我的寶寶和我目前住在友誼會的庇護所裡，因為我們無處可去。」
0x04A9,Alina,Alina,,0x3b9,0,1,False,「是指控我丈夫的一名友誼會成員。現在他們希望我加入他們。」
0x04A9,Alina,Alina,,0x425,0,1,False,「我丈夫是無辜的，我知道！他原本是想買水果的。為什麼我必須加入你們的社團，你們才肯相信我的話？」
0x04A9,Alina,Alina,,0x4b6,0,1,False,「我們很幸運能靠著友誼會的恩典生活，但我不知道我們被允許住多久。」
0x04A9,Alina,Alina,,0x521,0,2,False,「我覺得如果我加入友誼會，就是在背叛我的丈夫。我怎麼能成為那些誣告他的人之一？然而，如果我不加入，他們就不會允許我的孩子和我住在這裡。」
0x04A9,Alina,Alina,,0x521,1,2,False,她抽泣著，雙手摀住臉。「這太不公平了。我必須在挨餓和背叛之間做出選擇。要是 Weston 在這裡就好了。我不知道該怎麼辦！」
0x04A9,Alina,Alina,,0x69a,0,1,False,「他們說如果我加入，他們會試圖釋放我丈夫。但是他們不公正地指控了他。我無法信任他們，但我擔心我可能別無選擇。」
0x04A9,Alina,Alina,,0x740,0,1,False,「他們告訴我，庇護所只對友誼會成員開放。除非我盡快加入，否則我會被要求離開。而且我無處可去。」
0x04A9,Alina,Alina,,0x7ce_0x7ed,0,1,True,「祝你有愉快的一天，<HONORIFIC>。」
0x04AA,Merrick,Merrick,,0x4a,0,1,False,「你看到一個不斷眨眼的緊張男人。他看見你，看起來像在發脾氣。『你是誰？』」
0x04AA,Merrick,Merrick,,0xba_0xc7,0,1,True,「很好，<PLAYER_NAME>，你想要什麼？」
0x04AA,Merrick,Merrick,,0xe0,0,1,False,「好吧！」
0x04AA,Merrick,Merrick,,0xf0,0,1,False,「你真是個最可悲的小蟲子。真的，所有這些關於聖者的胡言亂語不過是為了引起注意的可悲乞求。」
0x04AA,Merrick,Merrick,,0x179_0x183,0,1,True,「哦，<PLAYER_NAME>～是你啊！」
0x04AA,Merrick,Merrick,,0x196,0,1,False,「我是 Merrick。」
0x04AA,Merrick,Merrick,,0x1ae,0,1,False,「我曾經是 Paws 這裡的農夫。現在我想我是為友誼會工作。我住在他們的庇護所裡。」
0x04AA,Merrick,Merrick,,0x237_0x259,0,1,True,「我最謙卑地向你道歉，<PLAYER_NAME>。我相信你一定知道，自從你上次造訪我們以來，有許多人聲稱自己是唯一真正的聖者。」
0x04AA,Merrick,Merrick,,0x2d2,0,1,False,「我曾經是個農夫；當然，那是在七年乾旱之前。Komor、Fenn 和我淪為了窮光蛋。」
0x04AA,Merrick,Merrick,,0x355,0,1,False,「我聽說是 Garritt 偷了毒液。哼！想想看，我竟然和這個小流氓住在同一個屋簷下。我必須更加小心看管我的物品。」
0x04AA,Merrick,Merrick,,0x3f2,0,1,False,「我一輩子都住在 Paws 這裡。我現在不會離開。我永遠不會離開。」
0x04AA,Merrick,Merrick,,0x44d,0,1,False,「很高興看到你是我們的一員。有聖者作為友誼會成員，給了友誼會很大的聲望。我敢肯定，已經有更多人因此想要加入了。」
0x04AA,Merrick,Merrick,,0x4fd,0,1,False,「我聽說 Morfin 的一些毒液被偷了。我無法想像誰會這麼做，除非是那個和農場寡婦住在一起的臭小子。」
0x04AA,Merrick,Merrick,,0x59b,0,1,False,「我相信他的名字是 Tobias。」
0x04AA,Merrick,Merrick,,0x5c4,0,1,False,「我相信她的名字是 Camille。」
0x04AA,Merrick,Merrick,,0x5ee,0,1,False,「他曾經擁有全不列顛尼亞最大的農場之一。他出生於富裕的家庭。失去農場後，他開始睡在路邊。一天晚上，一群惡霸想搶他的金幣。他沒有，所以他們把他打成了瘸子。他是個充滿怨恨的人。真悲慘。」
0x04AA,Merrick,Merrick,,0x700,0,1,False,「Fenn 是個農場勞工，也是 Komor 最信任的朋友之一。農場沒了，Fenn 就無處可去，也無法生存了。」
0x04AA,Merrick,Merrick,,0x784,0,1,False,「多年來，Komor、Fenn 和我靠著別人的垃圾為生，睡在路邊。然後我找到了友誼會，我的生活變得更好了。我試圖與我的朋友們分享我新找到的財富，但我擔心他們因為我比他們更有辦法而恨我。」
0x04AA,Merrick,Merrick,,0x888_0x8a7,0,1,True,「祝你有美好的一天，<PLAYER_NAME>。」
0x04AB,Garritt,Garritt,,0x29,0,1,False,你看到一個開朗的年輕人向你友善地打招呼。
0x04AB,Garritt,Garritt,,0x66_0x85,0,1,True,「祝你有愉快的一天，<HONORIFIC>。」Garritt 說道。
0x04AB,Garritt,Garritt,,0x9d,0,1,False,「我是 Garritt，Feridwyn 和 Brita 的兒子。」
0x04AB,Garritt,Garritt,,0xe3,0,1,False,「我還太小，無法學習自己的手藝，但我確實協助我的父母經營庇護所。我希望有一天能成為友誼會的顧問。或者是專業的排笛手。」
0x04AB,Garritt,Garritt,,0x1b0,0,1,False,「我父親為友誼會工作，幫助 Paws 這裡的窮人。他試圖招募他們，但大多數人都拒絕了。」
0x04AB,Garritt,Garritt,,0x23c,0,1,False,「其實，我不太喜歡這個城鎮。這裡的人都很窮，和我同年紀的只有 Tobias。」
0x04AB,Garritt,Garritt,,0x2a4,0,1,False,「而且，」他補充道，「這裡有個小偷。」
0x04AB,Garritt,Garritt,,0x2e5,0,1,False,「我從小就開始吹排笛了。如果我自己說的話，我現在吹得滿好的！我把笛子放在床邊，每天睡前都會練習！」
0x04AB,Garritt,Garritt,,0x379,0,1,False,「我可能沒有說出關於 Tobias 偷毒液的真相，但我知道他不懷好意。他會有壞下場的，你等著看吧！」
0x04AB,Garritt,Garritt,,0x400,0,1,False,「他和他的母親拒絕友誼會。他們既無知又愚蠢，我不喜歡他們。」
0x04AB,Garritt,Garritt,,0x45b,0,1,False,「我已經說過一千次了。Tobias 性格軟弱！他和他的母親很窮是因為他們很懶惰。現在證明我是對的，因為 Tobias 是個小偷。一個被抓住的小偷！」
0x04AB,Garritt,Garritt,,0x51c,0,1,False,「我父親曾經是不列顛城的首席招募員，直到他們把他調來這裡。我曾聽他對母親說，友誼會在這裡是浪費時間。」
0x04AB,Garritt,Garritt,,0x5b6,0,1,False,「我父親說窮人拒絕友誼會，是因為內在力量的三位一體需要堅強的品格。」
0x04AB,Garritt,Garritt,,0x624,0,1,False,「我父親說窮人品格軟弱，這就是他們貧窮的原因。他們不必這樣。他們只是太懶得工作了。你同意嗎？」
0x04AB,Garritt,Garritt,,0x6b2,0,1,False,「我本來不太確定，但既然我父親這麼說，那一定是真的。」
0x04AB,Garritt,Garritt,,0x704,0,1,False,「哼。作為一個友誼會成員，你缺乏認知。你不了解友誼會的教義。」
0x04AB,Garritt,Garritt,,0x762,0,1,False,「那麼你也必定是個品格軟弱的人。」
0x04AB,Garritt,Garritt,,0x796,0,1,False,「喔，她只是我的母親。我父親叫她做什麼，她就做什麼。」
0x04AB,Garritt,Garritt,,0x7e8,0,1,False,「如果你想住在庇護所裡，有足夠的床位可供使用，」他用居高臨下的語氣說道。
0x04AB,Garritt,Garritt,,0x855,0,1,False,「我是一名成員，我很自豪地說我也為他們招募。」
0x04AB,Garritt,Garritt,,0x89b,0,1,False,「哦，我可以告訴你關於我們所有你需要知道的事！」
0x04AB,Garritt,Garritt,,0x8eb,0,1,False,「談到我們的理念，我也相當了解。我們遵循內在力量的三位一體，不讓個人的失敗阻礙我們或拖累我們。」
0x04AB,Garritt,Garritt,,0x97c,0,1,False,「你想加入嗎？」
0x04AB,Garritt,Garritt,,0x995,0,1,False,「我又招到一個了！」他興高采烈地說。「你必須立刻和我父親談談！」
0x04AB,Garritt,Garritt,,0x9f6,0,1,False,「那就先考慮一下吧。」
0x04AB,Garritt,Garritt,,0xa18,0,1,False,「你發現我了！是的，是我把毒液栽贓給 Tobias 的。他是罪有應得！我求求你，請不要告訴我父母！」
0x04AB,Garritt,Garritt,,0xaad,0,1,False,「我從 Morfin 那裡偷了毒液，這樣我就可以把責任推給 Tobias。」
0x04AB,Garritt,Garritt,,0xb09,0,1,False,「我不知道 Morfin 為什麼有那東西，也不知道他用來做什麼。我只知道它很有價值，如果被偷了會讓每個人都擔心。」
0x04AB,Garritt,Garritt,,0xba5,0,1,False,Garritt 避開了你的目光。你本能地知道他沒有說實話，而且很可能正在使用毒液。
0x04AB,Garritt,Garritt,,0xc28,0,1,False,Garritt 拖著腳步並皺起了眉頭。「好吧……我只試過一次。對不起。我再也不會用了。」
0x04AB,Garritt,Garritt,,0xc9d,0,1,False,「我認為如果 Tobias 被指控偷了大家都會注意到的東西，他的母親就會加入友誼會並強迫他也加入。這將改善他們的生活，並迫使他們看清自己的真相。」
0x04AB,Garritt,Garritt,,0xd69,0,1,False,「你會告訴我父母嗎？」
0x04AB,Garritt,Garritt,,0xd8b,0,1,False,「但我，像你一樣，是友誼會的成員。對於我試圖做的事，你必須與我團結一致！」
0x04AB,Garritt,Garritt,,0xdfb,0,1,False,「你品格軟弱！否則你會明白我試圖做的事！」
0x04AB,Garritt,Garritt,,0xe3b,0,1,False,「我非常熱情地感謝你！那這就是我們的小秘密了。」
0x04AB,Garritt,Garritt,,0xe84,0,1,False,「這個鎮上有個小偷！我們的商人 Morfin 被偷了一些珍貴的銀蛇毒液。罪犯還在逃。所以要小心！」
0x04AB,Garritt,Garritt,,0xf08,0,1,False,「那麼，再見。」
0x04AC,Morfin,Morfin,,0x5b,0,1,False,你看到一個男人，他的眼珠慢慢地轉來轉去，嘴角掛著狡黠的微笑。他走到你面前，上下打量著你。「喔，鎮上一定有巡迴表演！」他竊笑著說。「那是一件非常棒的小丑裝！你是誰？」
0x04AC,Morfin,Morfin,,0x153_0x160,0,1,True,「很好，<PLAYER_NAME>。你想要什麼？」
0x04AC,Morfin,Morfin,,0x179,0,1,False,「無禮的狗！」
0x04AC,Morfin,Morfin,,0x190,0,1,False,「你是個卑鄙的傻瓜，拼命想讓別人喜歡你。要不是我更討厭你，我還會可憐你！」
0x04AC,Morfin,Morfin,,0x201_0x20e,0,1,True,「你好，<PLAYER_NAME>。」Morfin 說道。
0x04AC,Morfin,Morfin,,0x225,0,1,False,「我的名字是 Morfin。」
0x04AC,Morfin,Morfin,,0x245,0,1,False,「我是一個商人，在 Paws 經營著最興旺的生意之一，其中包括屠宰場。」
0x04AC,Morfin,Morfin,,0x2bc,0,1,False,「哦，我到處賣一點這個，賣一點那個。哪裡有需求，我就盡量供應。」
0x04AC,Morfin,Morfin,,0x32b,0,1,False,「例如，在某些地區對銀蛇的毒液有相當大的需求。」
0x04AC,Morfin,Morfin,,0x374,0,1,False,「我不時會保留少量銀蛇毒液庫存，賣給不列顛尼亞的藥劑師以賺取微薄利潤。官方正試圖控制它的銷售，直到他們能夠確定它的影響有多危險。」
0x04AC,Morfin,Morfin,,0x449,0,1,False,「他的名字是 Kessler。」
0x04AC,Morfin,Morfin,,0x46a,0,2,False,「我想我的生意賺的錢足夠讓我搬到不列顛城了，但這裡的東西便宜多了。當然，這起竊盜案讓我有點警惕。
0x04AC,Morfin,Morfin,,0x46a,1,2,False,『如果你想多了解這裡的人，可以去跟經營友誼會庇護所的那對夫婦 Feridwyn 和 Brita 談談。』」
0x04AC,Morfin,Morfin,,0x584,0,2,False,「我想你已經注意到這個味道了。如果是的話，我道歉。」他聳聳肩，咧嘴笑著，手掌向上攤開。
0x04AC,Morfin,Morfin,,0x584,1,2,False,「我認為這是成功的味道。如果你願意，你可以買些肉。」
0x04AC,Morfin,Morfin,,0x65d,0,1,False,「我賣羊肉、牛肉和火腿。你想要哪一種？」
0x04AC,Morfin,Morfin,,0x6b9,0,1,False,「屠宰場關門了。等營業的時候再來，我就賣肉給你。」
0x04AC,Morfin,Morfin,,0x705,0,1,False,「也許下次吧。」
0x04AC,Morfin,Morfin,,0x71e,0,1,False,「每塊要 3 枚金幣。還有興趣嗎？」
0x04AC,Morfin,Morfin,,0x74f,0,1,False,「你想要多少？」
0x04AC,Morfin,Morfin,,0x768,0,1,False,「在這裡。」
0x04AC,Morfin,Morfin,,0x77b,0,1,False,「你沒有空間放這個肉了。」
0x04AC,Morfin,Morfin,,0x7a3_0x7cb,0,1,True,「你沒有足夠的金幣買這個，<PLAYER_NAME>。也許看看別的。」
0x04AC,Morfin,Morfin,,0x7e7_0x7fd,0,1,True,「也許下次吧，<PLAYER_NAME>。」
0x04AC,Morfin,Morfin,,0x804,0,1,False,「每塊要 2 枚金幣。還有興趣嗎？」
0x04AC,Morfin,Morfin,,0x74f,0,1,False,「你想要多少？」
0x04AC,Morfin,Morfin,,0x768,0,1,False,「在這裡。」
0x04AC,Morfin,Morfin,,0x77b,0,1,False,「你沒有空間放這個肉了。」
0x04AC,Morfin,Morfin,,0x7a3_0x7cb,0,1,True,「你沒有足夠的金幣買這個，<PLAYER_NAME>。也許看看別的。」
0x04AC,Morfin,Morfin,,0x7e7_0x7fd,0,1,True,「也許下次吧，<PLAYER_NAME>。」
0x04AC,Morfin,Morfin,,0x835,0,1,False,「每塊要 4 枚金幣。還有興趣嗎？」
0x04AC,Morfin,Morfin,,0x74f,0,1,False,「你想要多少？」
0x04AC,Morfin,Morfin,,0x768,0,1,False,「在這裡。」
0x04AC,Morfin,Morfin,,0x77b,0,1,False,「你沒有空間放這個肉了。」
0x04AC,Morfin,Morfin,,0x7a3_0x7cb,0,1,True,「你沒有足夠的金幣買這個，<PLAYER_NAME>。也許看看別的。」
0x04AC,Morfin,Morfin,,0x7e7_0x7fd,0,1,True,「也許下次吧，<PLAYER_NAME>。」
0x04AC,Morfin,Morfin,,0x86d,0,1,False,「這是一起可怕的犯罪，讓我遭受了不小的經濟損失。它也引起了周圍社區對他們財產的擔憂。」
0x04AC,Morfin,Morfin,,0x8ef,0,1,False,「如果你能幫忙調查這件事，我將成為你謙卑的僕人。你願意嗎？」
0x04AC,Morfin,Morfin,,0x94a_0x969,0,1,True,「那麼我將全力配合，<HONORIFIC>。」他鞠了個躬。
0x04AC,Morfin,Morfin,,0x982,0,1,False,「那我希望罪犯能透過其他方法被揪出來。」
0x04AC,Morfin,Morfin,,0x9bf,0,1,False,「感謝你解開了幕後黑手是誰的謎團。」
0x04AC,Morfin,Morfin,,0x9f6,0,1,False,「你是 Paws 的陌生人。小心在這個鎮上遊蕩的小偷！罪犯偷了我一批珍貴的銀蛇毒液！」
0x04AC,Morfin,Morfin,,0xa6c_0xa91,0,1,True,「我為我先前的無禮道歉，<PLAYER_NAME>。我已經意識到你是個誠實的人。請原諒我的侮辱。」他鞠了個躬，充滿了虛偽。
0x04AC,Morfin,Morfin,,0xafe_0xb34,0,1,True,你告訴 Morfin 你看過他的帳本。「等等，<PLAYER_NAME>！我承認除了藥劑師之外，我也賣銀蛇毒液給其他地方。但我所做的並不是——嚴格來說——違法的！」
0x04AC,Morfin,Morfin,,0xbcd,0,1,False,「我的貨源來自海盜巢穴 (Buccaneer's Den)的一些老朋友。他們從哪裡弄來的，誰知道呢？」
0x04AC,Morfin,Morfin,,0xc43,0,1,False,「我和不列顛尼亞n 礦業公司簽了經過公證的合約。他們用它來讓他們的石像鬼工作更長的時間。看來石像鬼對銀蛇毒液的影響有較強的抵抗力。可憐的傢伙們。」他對自己的笑話惡意地咧嘴一笑。
0x04AC,Morfin,Morfin,,0xd48,0,5,False,「這是眾所周知的。銀蛇毒液是一種試劑，當少量攝入時，會暫時增強體力、耐力和敏捷度，並帶來欣快感。
0x04AC,Morfin,Morfin,,0xd48,1,5,False,「當效果消退後，服用者會感到非常疲憊。這往往會讓他們想要再次服用。
0x04AC,Morfin,Morfin,,0xd48,2,5,False,「以這種方式長期使用會導致皮膚惡化，最終腐爛。
0x04AC,Morfin,Morfin,,0xd48,3,5,False,「最後，過大的劑量或累積過多劑量是致命的，因為毒液是一種致命的毒藥。
0x04AC,Morfin,Morfin,,0xd48,4,5,False,「當以我們尚未發現的其他方式使用時，它很可能具有一些治癒的特性，但任何毒液的使用者，都應該非常謹慎地使用它。」
0x04AC,Morfin,Morfin,,0xf9e,0,1,False,「我不太確定 Tobias 是偷毒液的人。我沒有在 Tobias 身上看到任何使用毒液的跡象，而且我對它的症狀非常熟悉。但是，現在我想起來，我注意到 Garritt 最近顯得很疲倦。他前一刻看起來很過動，下一刻又不健康。」
0x04AC,Morfin,Morfin,,0x10c2,0,1,False,「我不相信我注意到鎮上有任何人表現出使用毒液的症狀。從現在開始我會保持觀察，所以你稍後再問吧。」
0x04AC,Morfin,Morfin,,0x1153,0,1,False,「或許你應該搜查 Garritt 的物品！這提醒了我——我早些時候看到他在屠宰場附近玩耍。他掉了這把鑰匙。也許它能打開什麼……重要的東西。」
0x04AC,Morfin,Morfin,,0x768,0,1,False,「在這裡。」
0x04AC,Morfin,Morfin,,0x1214,0,1,False,「等你的雙手不那麼忙碌時，我再把它交給你。」
0x04AC,Morfin,Morfin,,0x1257,0,1,False,「我感謝你揪出小偷並歸還我的蛇毒。」
0x04AC,Morfin,Morfin,,0x128e,0,1,False,「所以 Garritt 是罪犯，嗯？現在想起來我並不驚訝。從現在開始，我必須更密切地關注我的毒液。」
0x04AC,Morfin,Morfin,,0x1313,0,1,False,「當然，如果你找到了，我確實希望你能把我的毒液還給我。」
0x04AC,Morfin,Morfin,,0x1368,0,1,False,「祝你有個美好的一天。」
0x04AD,Beverlea,Beverlea,,0x15,0,1,False,「你看到一位老婦人，她對你露出祖母般甜美的微笑。你可以立刻看出她的視力很差。」
0x04AD,Beverlea,Beverlea,,0x8b_0xa7,0,1,True,「哎呀，又見面了，<HONORIFIC>。見到你真好！」Beverlea 說。
0x04AD,Beverlea,Beverlea,,0xcf,0,1,False,「我的名字是 Beverlea。」
0x04AD,Beverlea,Beverlea,,0xf1,0,1,False,「哎呀，我在 Paws 這裡經營雜貨鋪。」
0x04AD,Beverlea,Beverlea,,0x134,0,1,False,「這是一間賣古董和二手物品的雜貨鋪。經營這家商店讓我保持年輕和活力。能把東西賣給鎮上那些原本買不起的窮人，令人感到欣慰。」
0x04AD,Beverlea,Beverlea,,0x1f6,0,1,False,「在 Paws 這裡，人們雖然沒什麼錢，但這不重要，因為他們彼此關心。」
0x04AD,Beverlea,Beverlea,,0x257,0,1,False,「在我的店裡可以買到許多稀有精美的東西。全不列顛尼亞其他地方都找不到的便宜貨。」
0x04AD,Beverlea,Beverlea,,0x2e6,0,1,False,「我的店現在打烊了。我通常在下午營業。」
0x04AD,Beverlea,Beverlea,,0x323,0,1,False,「讓我想想……有一個搖籃要賣。一匹搖馬。一個鈴鐺。一個沙漏。一個痰盂。一把魯特琴。一個六分儀……既然我最近動作慢了點，我就讓客人自己幫忙，拿走他們買的東西。當然，前提是他們先付錢。我信任大家會付給我正確的金額。恐怕我幾乎快瞎了。」
0x04AD,Beverlea,Beverlea,,0x4b4,0,1,False,「那個舊搖籃是野蠻人 Gorn 還是個嬰兒時，晚上用來搖他入睡的搖籃。你可以看到它側邊有條裂縫，這證明 Gorn 從小就是個強壯的小傢伙。我可以讓你用十枚金幣買走。你想買這個搖籃嗎？」
0x04AD,Beverlea,Beverlea,,0x5b1,0,1,False,「那你拿走吧。希望你喜歡。」
0x04AD,Beverlea,Beverlea,,0x5dc,0,1,False,「你沒有足夠的金幣！」
0x04AD,Beverlea,Beverlea,,0x5fe,0,1,False,「Beverlea 臉上閃過一絲不悅的表情。『很好。或許我能讓你對其他東西感興趣。』」
0x04AD,Beverlea,Beverlea,,0x66e,0,1,False,「這匹搖馬曾經屬於一位名叫 Diane 的不列顛城小女孩。她長大後成為了騎術最精湛的馬術家之一。我可以讓你用十二枚金幣買下這件稀有而不尋常的物品。你想買嗎？」
0x04AD,Beverlea,Beverlea,,0x74e,0,1,False,「那你可以隨意帶走這匹搖馬了。它是你的了！」
0x04AD,Beverlea,Beverlea,,0x791,0,1,False,「你沒有足夠的錢買它！」
0x04AD,Beverlea,Beverlea,,0x7b6,0,1,False,「Beverlea 翻了翻白眼。『我們只是想隨便看看，是嗎？慢慢看吧。』」
0x04AD,Beverlea,Beverlea,,0x814,0,1,False,「那個鈴鐺來自 Yew 的高等法院。它是用來宣布開庭的。我可以用六枚金幣把這個有趣的話題性物品賣給你。你想買嗎？」
0x04AD,Beverlea,Beverlea,,0x8b6,0,1,False,「你可以拿走你的鈴鐺。祝你健康地使用它！」
0x04AD,Beverlea,Beverlea,,0x791,0,1,False,「你沒有足夠的錢買它！」
0x04AD,Beverlea,Beverlea,,0x8f6,0,1,False,「今天不想買鈴鐺？』她皺起嘴唇，努力擠出一個微笑。『或許別的東西會合你的心意。』」
0x04AD,Beverlea,Beverlea,,0x972,0,1,False,「我還有一個古董沙漏。這是一個老頭賣給我的，他老糊塗了，連怎麼用都想不起來！我用 5 枚金幣賣給你。你想買嗎？」
0x04AD,Beverlea,Beverlea,,0xa15,0,1,False,「謝謝你。你可以拿走你的沙漏了。」
0x04AD,Beverlea,Beverlea,,0xa49,0,1,False,「你沒有足夠的錢。」
0x04AD,Beverlea,Beverlea,,0xa68,0,1,False,「你對沙漏沒興趣？』她嘆了口氣，『很好。隨便看看。我有的是時間。』你聽出她語氣中帶著一絲諷刺。」
0x04AD,Beverlea,Beverlea,,0xaf9,0,1,False,「詛咒我這顆老腦袋和衰退的記憶力！沙漏已經賣掉了嗎？！不！一定是被偷了！這鎮上少數不誠實的人一定把它拿走了！」
0x04AD,Beverlea,Beverlea,,0xb9f,0,1,False,「我還有一個舊痰盂。它曾經被……很多人使用過。只要一枚金幣你就可以帶走它。拿走吧！拜託！」
0x04AD,Beverlea,Beverlea,,0xc27,0,1,False,「謝謝你！現在你可以走了，請別忘了離開時把它帶走！」
0x04AD,Beverlea,Beverlea,,0xc76,0,1,False,「你甚至連一枚金幣都沒有！也沒有體面地告訴我，我和你說話是在浪費時間。」
0x04AD,Beverlea,Beverlea,,0xce3,0,1,False,「我店裡還有很多東西。很多高品質且有價值的東西。請繼續看。」
0x04AD,Beverlea,Beverlea,,0xd3e,0,1,False,「我有一把魯特琴要賣，它曾經屬於一位吟遊詩人，他在擲骰子遊戲中輸掉了它。我開價二十枚金幣。一首歌的價值！你想買嗎？」
0x04AD,Beverlea,Beverlea,,0xded,0,1,False,「謝謝你，親愛的顧客。你可以拿走你的魯特琴了。我看得出你是個懂得欣賞品質的真正藝術家。」
0x04AD,Beverlea,Beverlea,,0xe72,0,1,False,「你買不起這把魯特琴！」
0x04AD,Beverlea,Beverlea,,0xe97,0,1,False,「那好吧。請繼續看。畢竟，這就是我開店的目的。」你彷彿聽到 Beverlea 還自言自語了一會兒......
0x04AD,Beverlea,Beverlea,,0xf1a,0,1,False,「我有一個 Minoc 世界知名造船匠 Owen 賣的六分儀。我聽說他們打算為他建一座紀念碑。總之，賣給我的水手剛在海上經歷了一些可怕的經驗。他賣給我的時候說他打算退休了。他顯然沒有意識到這件物品的價值。但我可以讓你用 20 枚金幣買下它。你想買嗎？」
0x04AD,Beverlea,Beverlea,,0x1073,0,1,False,「你可以拿走你的六分儀了！願你永遠一帆風順！」
0x04AD,Beverlea,Beverlea,,0x10b9,0,1,False,"""Thou dost not have enough money!"""
0x04AD,Beverlea,Beverlea,,0x10dc,0,1,False,「我肯定我有一些你會感興趣的東西。盡情地看吧。」
0x04AD,Beverlea,Beverlea,,0x1125_0x1144,0,1,True,"「祝你有美好的一天，<HONORIFIC>."" "
0x04AE,Komor,Komor,,0x15,0,1,False,「你看到一個拄著拐杖的乞丐。他的眼睛像鑽石一樣閃爍著純粹的苦澀。」
0x04AE,Komor,Komor,,0x79_0x86,0,1,True,「您好，<HONORIFIC>？」Komor 問道。
0x04AE,Komor,Komor,,0x9c,0,1,False,「我的名字是 Komor。」
0x04AE,Komor,Komor,,0xbb_0xd1,0,1,True,「我是個舞者，<HONORIFIC>。」他無法板著臉，差點從拐杖上摔下來。
0x04AE,Komor,Fenn,,0x113,0,1,False,「哈！哈！哈！哈！哈！哈！這真好笑，Komor！」
0x04AE,Komor,Komor,,0x156,0,1,False,「我不一直都是乞丐。就像 Fenn 和 Merrick 一樣，我以前也是個農夫。但大環境變壞了，而 Paws 的情況總是更糟。」
0x04AE,Komor,Komor,,0x206,0,1,False,「Fenn 和我是好哥們，直到我們死的那一天都是。我們分享彼此廣大的財富。」
0x04AE,Komor,Fenn,,0x281,0,1,False,「哈！哈！哈！哈！以你的機智，你應該登台表演！」
0x04AE,Komor,Komor,,0x2cb,0,1,False,「Fenn 和我從我們還是小嬰兒的時候就是朋友了。」
0x04AE,Komor,Komor,,0x310,0,1,False,「我敢打賭，你一定沒想到我們會落得這個下場。對吧，Fenn？」
0x04AE,Komor,Fenn,,0x367,0,1,False,「做夢也想不到，Komor。*」
0x04AE,Komor,Komor,,0x38c,0,1,False,「是的，Fenn 和我分享我們所擁有的一切。總而言之，就是我們背上的衣服和喉嚨裡的痰！」
0x04AE,Komor,Komor,,0x407,0,1,False,「他真是個超級大壞蛋。Merrick 背棄了我們，現在每天晚上都在溫暖舒適的床上度過。這比我們倆好一陣子所擁有的還要多。」
0x04AE,Komor,Komor,,0x4ba,0,1,False,「真是個名副其實的仙境，不是嗎？」
0x04AE,Komor,Komor,,0x4ee,0,1,False,「唯一比這種悲慘生活更糟糕的，就是讓 Merrick 到處嗅探並試圖招募我們！這個該死的寄生蟲！」
0x04AE,Komor,Komor,,0x570,0,1,False,「Merrick 睡在友誼會經營的庇護所裡。他們也給他東西吃。他必須加入他們才會幫助他。」
0x04AE,Komor,Komor,,0x5fc,0,1,False,「庇護所？就是那棟充滿了阿諛奉承偽君子的大建築。你應該很容易就能找到！」
0x04AE,Komor,Komor,,0x669,0,1,False,「我們本來可以加入的，但他們是一群令人厭惡的傢伙。任何人表現得這麼該死的好，肯定不懷好意。為了生存，我們也有不願妥協的地方。」
0x04AE,Komor,Komor,,0x727,0,1,False,「你願意給我一點錢嗎？」
0x04AE,Komor,Komor,,0x74c,0,1,False,多少？
0x04AE,Komor,Komor,,0x762_0x772,0,1,True,「謝謝你，<HONORIFIC>。」
0x04AE,Komor,Komor,,0x779,0,1,False,「出於某種奇怪的原因，我無法拿走你的錢。」
0x04AE,Komor,Komor,,0x7b9,0,1,False,「哼！你沒有那麼多金幣！你幾乎和我一樣窮！」
0x04AE,Komor,Komor,,0x7fc,0,1,False,「好吧。去過你平靜快樂的生活吧。」
0x04AE,Komor,Komor,,0x830_0x84c,0,1,True,「挺起您的胸膛吧！<HONORIFIC>。」
0x04AF,Fenn,Fenn,,0x1c,0,1,False,「你看到一個乞丐。你從他臉上的表情看不出他是要笑還是要哭。」
0x04AF,Fenn,Fenn,,0x77_0x87,0,1,True,「請原諒，<HONORIFIC>。」Fenn 說。
0x04AF,Fenn,Fenn,,0x99_0xb4,0,1,True,「我的名字是 Fenn，<HONORIFIC>。」
0x04AF,Fenn,Fenn,,0xbb,0,1,False,「在你告訴他找到毒液瓶的事後，他說：『當你發現 Garritt 那個沒用的臭小子是小偷時，你為我們鎮上立了一大功！也許現在有些人會開始意識到友誼會的虛偽了！』」
0x04AF,Fenn,Fenn,,0x19a,0,1,False,「我知道 Tobias 那孩子是無辜的，沒有做任何壞事，不管 Feridwyn 和他的友誼會怎麼說。」
0x04AF,Fenn,Fenn,,0x210,0,1,False,「當心點，這鎮上有個小偷！經營屠宰場的商人 Morfin 被偷了一些銀蛇毒液。」
0x04AF,Fenn,Fenn,,0x279_0xb4,0,1,True,他羞愧地，把目光從你身上移開。「我沒有工作，<HONORIFIC>。」
0x04AF,Fenn,Fenn,,0x2c9,0,1,False,「在比較繁榮的時期，我曾經是個農夫。我以前和 Komor 以及 Merrick 一起工作。」
0x04AF,Fenn,Fenn,,0x349,0,1,False,「他是我最好的朋友，也是我認識最勇敢的人。」
0x04AF,Fenn,Komor,,0x38e,0,1,False,「哦，拜託！你讓我的眼睛都漏水了！」
0x04AF,Fenn,Fenn,,0x3c6,0,1,False,「Merrick 加入了友誼會，這樣他就可以住在他們的庇護所裡，這個可憐的傢伙。」
0x04AF,Fenn,Fenn,,0x446,0,1,False,「如果友誼會真的想幫助人，為什麼就因為我們不想加入，他們就讓我們挨餓？他們無法回答這個問題！」
0x04AF,Fenn,Fenn,,0x4db,0,1,False,「哼！如果你不幸到想住在那裡，你還不如和 Komor 及我一起待在街角。」
0x04AF,Fenn,Fenn,,0x544,0,1,False,「即使口袋空空，這個世界上還是殘留著一些仁慈。乞討要錢不是個值得驕傲的職業，但還有更糟的。」
0x04AF,Fenn,Fenn,,0x5d9,0,1,False,「至少我們不必做 Merrick 做的事。他為友誼會招募。」
0x04AF,Fenn,Fenn,,0x622,0,1,False,「別擔心。我們不會挨餓的。Camille 經常派她兒子 Tobias 給我們送食物和衣服。」
0x04AF,Fenn,Fenn,,0x69c,0,1,False,「Camille 是個好女人。她住在緊鄰乳製品廠的農場。」
0x04AF,Fenn,Fenn,,0x6e4,0,1,False,「他是個好小伙子，總是願意幫助我們。不像那個無禮的頑童 Garritt。」
0x04AF,Fenn,Fenn,,0x753,0,1,False,「Tobias 不會捲入那種事情。我敢肯定他不是小偷。」
0x04AF,Fenn,Fenn,,0x7a1,0,1,False,「如果你在尋找這個偷毒液的小偷，你最好去問問 Andrew。」
0x04AF,Fenn,Fenn,,0x7f8,0,1,False,「Andrew 擁有那家乳製品廠，住在 Camille 的農場和屠宰場對面。他可能看到了什麼。」
0x04AF,Fenn,Fenn,,0x869,0,1,False,「他是經營庇護所的 Feridwyn 和 Brita 的兒子。Garritt 過馬路都會避開我們。」
0x04AF,Fenn,Komor,,0x8ce,0,1,False,「反正我們也不想讓他這種人走在我們這邊的路上！」
0x04AF,Fenn,Fenn,,0x918,0,1,False,「你願意給我一點錢嗎？」
0x04AF,Fenn,Fenn,,0x93d,0,1,False,多少？
0x04AF,Fenn,Fenn,,0x953_0xb4,0,1,True,「謝謝你，<HONORIFIC>。」
0x04AF,Fenn,Fenn,,0x963,0,1,False,「看來你也沒有錢啊！」
0x04AF,Fenn,Fenn,,0x985_0xb4,0,1,True,「如果我打擾到你，我真的很抱歉，<HONORIFIC>。」
0x04AF,Fenn,Fenn,,0x9b6,0,1,False,「Fenn 低下了頭。」
0x04AF,Fenn,Fenn,,0x9d1_0x9e4,0,1,True,"「祝你好運，<HONORIFIC>."""
0x04B0,Andrew,Andrew,,0x2c,0,1,False,「你看到一個開朗英俊的年輕人，當你靠近時，他向你友善地揮手。」
0x04B0,Andrew,Andrew,,0x8a_0x97,0,1,True,「你好，<HONORIFIC>。」Andrew 說。
0x04B0,Andrew,Andrew,,0xab_0xd4,0,1,True,「我的名字是 Andrew。你好嗎，<HONORIFIC>？」
0x04B0,Andrew,Andrew,,0xdb,0,1,False,「我是 Paws 這裡乳製品廠的所有者和經營者。」
0x04B0,Andrew,Andrew,,0x12d,0,1,False,「是的，我賣牛奶和起司。你可以在 Camille 的農場和屠宰場之間找到乳製品廠。」
0x04B0,Andrew,Andrew,,0x1ba,0,1,False,「一加侖要花你 3 枚金幣。你有興趣買一些嗎？」
0x04B0,Andrew,Andrew,,0x1fd,0,1,False,「『在這裡，』他說著，把罐子遞給你。『你還想要一罐嗎？』」
0x04B0,Andrew,Andrew,,0x256,0,1,False,「你沒有空間放罐子了。」
0x04B0,Andrew,Andrew,,0x27b_0x2a3,0,1,True,「你沒有足夠的金幣買這個，<HONORIFIC>。也許下次吧。」
0x04B0,Andrew,Andrew,,0x2bc_0x2d2,0,1,True,「也許下次吧，<HONORIFIC>。」
0x04B0,Andrew,Andrew,,0x2d9,0,1,False,「我很樂意賣給你一罐牛奶，但乳製品廠現在打烊了。」
0x04B0,Andrew,Andrew,,0x325,0,1,False,「我賣一塊 2 枚金幣。還有興趣嗎？」
0x04B0,Andrew,Andrew,,0x359,0,1,False,「你想要多少？」
0x04B0,Andrew,Andrew,,0x372,0,1,False,「在這裡。」
0x04B0,Andrew,Andrew,,0x385,0,1,False,「你沒有空間放這個起司了。」
0x04B0,Andrew,Andrew,,0x27b_0x3b0,0,1,True,「你沒有足夠的金幣買這個，<HONORIFIC>。也許看看別的。」
0x04B0,Andrew,Andrew,,0x3cc_0x3dc,0,1,True,「我了解，<HONORIFIC>。也許等你比較餓的時候再說。」
0x04B0,Andrew,Andrew,,0x40a,0,1,False,「我很樂意賣給你一些起司，但乳製品廠現在打烊了。」
0x04B0,Andrew,Andrew,,0x456,0,1,False,「Camille 是個好女人。她仍然是舊美德的擁護者。她自己經營農場。嗯，還有她兒子 Tobias 的幫忙。」
0x04B0,Andrew,Andrew,,0x4e3,0,1,False,「一個防備心相當重的年輕小伙子，我不能說我對他有多了解。」
0x04B0,Andrew,Andrew,,0x53b,0,1,False,「當然，大家都在為了丟失毒液這件事而憤憤不平。」
0x04B0,Andrew,Andrew,,0x58b,0,1,False,「它可能被藏在任何地方。這鎮上有那麼多交易在進行，要藏起來很容易。我對那物質不太了解。也許 Morfin 本人會知道它會產生什麼樣的影響。」
0x04B0,Andrew,Andrew,,0x64e,0,1,False,「當心點，這鎮上有個小偷！Morfin 被偷了一些銀蛇毒液。」
0x04B0,Andrew,Andrew,,0x6a5,0,1,False,「你找到了罪犯，讓我們鎮上的人鬆了一口氣！」
0x04B0,Andrew,Andrew,,0x6e8,0,1,False,「屠宰場是商人 Morfin 經營的。他總是很忙，隨時都在進進出出，有時候還搬著東西。」
0x04B0,Andrew,Andrew,,0x75d,0,1,False,「他幾年前買下了屠宰場，就在他加入友誼會後不久。我認識前任老闆。」
0x04B0,Andrew,Andrew,,0x7ce,0,1,False,「我第一次看到那間舊屠宰場時還是個小伙子。以前的老闆還帶我看過裡面的儲藏室一次。那扇門是鎖著的。我想 Morfin 把鑰匙放在他家裡的某個地方。」
0x04B0,Andrew,Andrew,,0x89a_0x8bc,0,1,True,"「希望我對你有些幫助，<HONORIFIC>."""
0x04B1,Camille,Camille,,0x0,0,1,False,「聖者！我的兒子 Tobias 被誣陷了！他不是小偷！我無法相信在他身上發現了一瓶毒液。我真的相信那是被栽贓的！拜託——我求求你！請還我兒子清白。他沒有做錯任何事！」
0x04B1,Camille,Camille,,0xea,0,1,False,「我知道我的兒子 Tobias 因為沒有父親而受苦。我已經盡我所能獨自將他撫養長大，但這個農場需要做很多工作，我擔心我沒有足夠的時間陪伴他。但在我心裡，我知道我兒子不是小偷。」
0x04B1,Camille,Camille,,0x1e4,0,1,False,「我能建議你再和 Morfin 談談嗎。他可能在村裡其他人身上認出了使用這種邪惡物質的跡象。」
0x04B1,Camille,Camille,,0x29b,0,1,False,你看到一個農婦。她搓著手，手上沾滿了泥土和勞動留下的紋路。
0x04B1,Camille,Camille,,0x2f3,0,1,False,「我的夢想成真了。你是聖者，對吧？我立刻就認出你了！」
0x04B1,Camille,Camille,,0x345_0x355,0,1,True,「你好嗎，<HONORIFIC>？」Camille 問。
0x04B1,Camille,Camille,,0x36a,0,1,False,「我的名字是 Camille，聖者。很榮幸見到你。」
0x04B1,Camille,Camille,,0x3a9,0,1,False,「我和我兒子 Tobias 在 Paws 這裡經營一個小農場。我是個寡婦。」
0x04B1,Camille,Camille,,0x413,0,1,False,「我種了一些農作物。特別是胡蘿蔔和小麥。」
0x04B1,Camille,Camille,,0x464,0,1,False,「我相信我的胡蘿蔔特別好吃。你想買一些嗎？三個只要你一枚金幣。」
0x04B1,Camille,Camille,,0x4c5,0,1,False,「你想要多少？」
0x04B1,Camille,Camille,,0x4de,0,1,False,「我肯定你會喜歡它們的。」
0x04B1,Camille,Camille,,0x506,0,1,False,「你必須先減輕你的負重。然後我才能給你一些美味的胡蘿蔔。」
0x04B1,Camille,Camille,,0x55e,0,3,False,「很抱歉，聖者。」她悲傷地搖搖頭。「你沒有錢來品嚐它們。」
0x04B1,Camille,Camille,,0x55e,1,3,False,她盯著你看了一會兒，顯然在思考。她壓低聲音說：
0x04B1,Camille,Camille,,0x55e,2,3,False,「拿去吧，聖者，拿一個。」
0x04B1,Camille,Camille,,0x626,0,1,False,她溫柔地笑著，遞給你一根胡蘿蔔。
0x04B1,Camille,Camille,,0x657,0,1,False,「你帶太多東西了……」她看起來真的很失望。
0x04B1,Camille,Camille,,0x697,0,1,False,「好吧......但聖者......它們真的很好吃！」
0x04B1,Camille,Camille,,0x6d1,0,1,False,「這提醒了我。今天需要把這包東西送到磨坊。如果你能幫我送去，Thurston 會付錢給你。你願意嗎？」
0x04B1,Camille,Camille,,0x759,0,1,False,「一定要把這個交給磨坊主人 Thurston。他會為你的辛勞付錢給你。」
0x04B1,Camille,Camille,,0x7b4,0,1,False,「你帶太多東西了！去放下一些東西，然後我再給你。」
0x04B1,Camille,Camille,,0x800,0,1,False,「我明白你忙於你的任務，聖者。」
0x04B1,Camille,Camille,,0x831,0,1,False,「在 Paws 這裡生活很艱苦。這是一個窮人的城鎮，伴隨著貧窮帶來的所有弊病。至少友誼會給我們帶來了一些慰藉。」
0x04B1,Camille,Camille,,0x8df,0,1,False,「我了解我的兒子。我知道他成長得很不快樂。但我無法相信他會偷東西。」
0x04B1,Camille,Camille,,0x946,0,1,False,「他基本上是個好孩子。他工作努力，而且想念他的父親。」
0x04B1,Camille,Camille,,0x998,0,1,False,「我不確定我是否信任友誼會。它無疑在這個世界上做了一些好事，所以它不可能全是壞的。或者，至少，裡面的人不可能全是壞的。」
0x04B1,Camille,Camille,,0xa4d,0,1,False,「最近，我們鎮上一直受到一個小偷的困擾。」
0x04B1,Camille,Camille,,0xa8d,0,1,False,「經營屠宰場的商人 Morfin 被偷了一些銀蛇毒液。」
0x04B1,Camille,Camille,,0xad2,0,1,False,「我不在乎 Feridwyn 怎麼說！我兒子不是小偷！」
0x04B1,Camille,Camille,,0xb13,0,1,False,「Feridwyn 那個男人知道我不信任友誼會，因此他把我視為他的個人敵人。我不知道他為什麼試圖透過我兒子來攻擊我，但他絕不能得逞。」
0x04B1,Camille,Camille,,0xbcb,0,1,False,你告訴 Camille 你是如何發現 Garritt 才是真正的小偷，而她的兒子 Tobias 已經洗清了嫌疑。「我要感謝你在我們鎮上找到了小偷，並還我兒子清白。看到聖者再次回到我們身邊，而且你夠關心不列顛尼亞的人民，願意幫助解決我們 Paws 這裡的當地麻煩，這讓我的心感到安慰。聖者，我再次感謝你。」
0x04B1,Camille,Camille,,0xd54,0,1,False,「祝你旅途愉快，聖者。」
0x04B2,Tobias,Tobias,,0x23,0,1,False,你看到一個生悶氣的小伙子，他似乎不想直視你的眼睛。
0x04B2,Tobias,Tobias,,0x6f,0,1,False,「正合我意。又一個聖者。」他小聲地咕噥著。
0x04B2,Tobias,Tobias,,0xaf,0,1,False,「什麼事，聖者？」Tobias 問道。
0x04B2,Tobias,Tobias,,0xdb,0,1,False,「你想要什麼？」Tobias 問道。
0x04B2,Tobias,Tobias,,0x104,0,1,False,「我還是 Tobias！」
0x04B2,Tobias,Tobias,,0x11e,0,1,False,「我是 Tobias。我想我應該相信你是個重要人物。」
0x04B2,Tobias,Tobias,,0x162,0,1,False,「我還太小，不能工作。我只是在農場裡幫我母親的忙。」
0x04B2,Tobias,Tobias,,0x1bf,0,1,False,「她的名字是 Camille。她談起過你。或者應該說，她談起過聖者，這才是我要說的。鎮上有些人認為她瘋了，因為她仍然相信八大美德。」
0x04B2,Tobias,Tobias,,0x276,0,1,False,「你已經見過她了。」
0x04B2,Tobias,Tobias,,0x295,0,1,False,「但多虧了你，我對她的信仰有了更多尊重。」
0x04B2,Tobias,Tobias,,0x2e9,0,1,False,「你真的是聖者嗎？」
0x04B2,Tobias,Tobias,,0x308,0,1,False,「是的，我真的相信你是真正的聖者！」Tobias 短暫地笑了笑。
0x04B2,Tobias,Tobias,,0x35b,0,1,False,「你不是聖者！」Tobias 皺起眉頭。
0x04B2,Tobias,Tobias,,0x38a,0,1,False,「我想你身上可能有一點聖者之道的影子。每個人身上都有一點聖者的影子，或者至少我母親是這麼說的。」
0x04B2,Tobias,Tobias,,0x41b,0,1,False,「我就知道你不過是個冒牌貨。」
0x04B2,Tobias,Tobias,,0x449,0,3,False,「我母親在我小時候曾帶我去過犧牲神殿。那是在我父親死後不久，所以我記不太清楚了。
0x04B2,Tobias,Tobias,,0x449,1,3,False,我想它已經不在那裡了，因為她從沒說過要回去。
0x04B2,Tobias,Tobias,,0x449,2,3,False,我想也許她不想提起，是因為鎮上有那麼多人屬於友誼會。而且也因為那會讓她傷心。」
0x04B2,Tobias,Tobias,,0x587,0,1,False,「我母親種植穀物。」
0x04B2,Tobias,Tobias,,0x5a6,0,1,False,「你看到農場都認不出來嗎？」
0x04B2,Tobias,Tobias,,0x5d1,0,1,False,「你一定找得到農場。它就在庇護所的北邊。」
0x04B2,Tobias,Tobias,,0x611,0,1,False,Tobias 看著你，好像覺得你有點遲鈍。
0x04B2,Tobias,Tobias,,0x654,0,1,False,「她有時會把穀物賣給磨坊主人 Thurston，這樣我們偶爾就可以去酒館，或者在乳製品廠買牛奶，但我們通常只是種農作物來養活自己。」
0x04B2,Tobias,Tobias,,0x71f,0,1,False,「就是這裡南邊的那個地方。是友誼會經營的。」
0x04B2,Tobias,Tobias,,0x762,0,1,False,「他是我在鎮上少數喜歡的人之一。他對我們很好。」
0x04B2,Tobias,Tobias,,0x7ab,0,1,False,「乳製品廠在庇護所的南邊。Andrew ——經營乳製品廠的人——他父親是我父親的朋友。」
0x04B2,Tobias,Tobias,,0x822,0,1,False,他第一次直視你的眼睛。「我討厭友誼會！鎮上唯一和我同年紀的人就是那個白痴 Garritt，而他嘴裡總是掛著這個！他總是試圖說服我母親加入。」他憤怒地握緊拳頭。「請不要再提他們了。」
0x04B2,Tobias,Tobias,,0x939,0,1,False,「那些該死的友誼會的人知道每個人距離身無分文永遠只有一餐之遙。他們說要我們立刻加入，因為庇護所是為了幫助友誼會成員而設的。如果我們有一天需要住在那裡，他們可能會為了其他友誼會成員而把我們拒之門外。」
0x04B2,Tobias,Tobias,,0xa63,0,1,False,「Paws 有個逍遙法外的小偷！他從屠宰場老闆 Morfin 那裡偷了銀蛇毒液。沒有人知道他是誰。」
0x04B2,Tobias,Tobias,,0xae0,0,1,False,「我對被偷的毒液一無所知。我是被誣陷的！」
0x04B2,Tobias,Tobias,,0xb2a,0,1,False,「沒錯！是 Garritt 幹的。我就是知道。那天我從田裡回來時他在我房間裡。他說他在找一顆球，但我不相信他。你信不信我，我不在乎。但如果你真的是聖者，你就會知道我說的是實話。」
0x04B2,Tobias,Tobias,,0xc24_0xc6f,0,1,True,你告訴 Tobias 你是如何發現 Garritt 是小偷的。「謝謝你，<HONORIFIC>，謝謝你沒有相信我是有罪的。我不確定你是否真的是聖者，但你身上確實有聖者之道的影子。」
0x04B2,Tobias,Tobias,,0xcf1,0,1,False,「他是鎮上唯一和我年紀相仿的男孩。他父母不想讓他和我玩，因為他們認為『和那種人交往』會『阻礙他的教育』之類的廢話。我受不了那個小混蛋。我討厭他吹那種臭排笛的樣子！」
0x04B2,Tobias,Tobias,,0xde8,0,1,False,「那個被寵壞的臭小子 Garritt 一定是把毒液栽贓到我房間了！他通常都在閒逛，即使他父母反對他和我玩。我知道他不懷好意！你應該去搜他的房間！」
0x04B2,Tobias,Tobias,,0xeb2,0,1,False,「再見，聖者。祝你好運。」
0x04B2,Tobias,Tobias,,0xedb,0,1,False,「那就上路吧，偉大又充滿智慧的聖者。」
0x04B3,Polly,Polly,,0x34,0,1,False,「你看到鎮上的酒館老闆娘。她看起來很忙碌，但她顯然為自己的工作感到自豪。」
0x04B3,Polly,Polly,,0xa4_0xd2,0,1,True,Polly 笑了笑。「我能為你做什麼，<HONORIFIC>？」
0x04B3,Polly,Polly,,0xd9,0,1,False,「我是 Polly。很高興認識你。」
0x04B3,Polly,Polly,,0x104,0,1,False,「我是 Salty Dog 鹹狗酒館——整個 Paws 最好吃好喝的場所——的老闆和經營者，為你服務。」
0x04B3,Polly,Polly,,0x195,0,1,False,「然而，Salty Dog 現在打烊了。請在營業時間再來。」
0x04B3,Polly,Polly,,0x1dc,0,1,False,「只要 5 枚金幣，你就可以租用我們一間可愛的房間。你想在這裡過夜嗎？」
0x04B3,Polly,Polly,,0x243,0,1,False,「這是這間客棧的鑰匙。只能使用一次。」
0x04B3,Polly,Polly,,0x27d_0x28a,0,1,True,「抱歉，<HONORIFIC>，你必須放下一些行囊，我才能把鑰匙給你。」
0x04B3,Polly,Polly,,0x2ca_0x2e3,0,1,True,「我真的很抱歉，<HONORIFIC>，但這房間的費用超過你擁有的金幣。」
0x04B3,Polly,Polly,,0x31a,0,1,False,「也許下次晚上再來吧。」
0x04B3,Polly,Polly,,0x33f,0,1,False,「事實上，Paws 沒有其他的客棧或酒館了。這是一個小地方，但老實說，我們這裡的食物和飲料相當不錯。」
0x04B3,Polly,Polly,,0x3cf,0,1,False,「這個鎮上有個小偷！經營屠宰場的商人 Morfin 被偷了銀蛇毒液。」
0x04B3,Polly,Polly,,0x429,0,1,False,「他曾經是個農夫。他人不壞。他只是運氣不好。現在他是個虔誠的友誼會成員。」
0x04B3,Polly,Polly,,0x499,0,1,False,「Morfin 是個非常精明且成功的商人，也是個友誼會成員，但我忍不住覺得，如果價錢合適，他連自己的母親都會賣掉。難怪小偷會選擇偷他的東西。」
0x04B3,Polly,Polly,,0x561,0,1,False,「你向 Polly 轉述了你聽到 Thurston 說關於她的話。她完全驚呆了。『Thurston 真的那麼說我嗎！我一直很喜歡他，但老實說，我一直覺得自己配不上他！』」
0x04B3,Polly,Polly,,0x62d_0x64c,0,1,True,「祝你有美好的一天，<HONORIFIC>。」
0x04B4,Draxinusom,Draxinusom,,0x25,0,1,False,你看到一位年邁的石像鬼，身軀彎曲枯槁，卻帶著一種王者的風範。他溫和地笑了笑。
0x04B4,Draxinusom,Draxinusom,,0x98,0,1,False,「很高興再次見到你，老朋友。這麼快又需要 Draxinusom 了？」
0x04B4,Draxinusom,Draxinusom,,0xea_0x112,0,1,True,「很多年了。是你的老熟人，<PLAYER_NAME>，Draxinusom。」
0x04B4,Draxinusom,Draxinusom,,0x126,0,1,False,「問起職業？目前無法說我真的有一份職業。注意到年輕人不再向我尋求指導了。更多是去找 Teregus ，或者，更常見的是去找友誼會裡的人。」
0x04B4,Draxinusom,Draxinusom,,0x1fd,0,2,False,「對我們的需求來說相當舒適。然而，不幸的是，人類認為有必要將我們隔離起來。這在我們的年輕一代中引發了怨恨和緊張。他們不記得過去的日子，我的朋友——我們必須共同努力才能生存的日子。」他笑了笑，重溫著往昔的記憶，然後搖了搖頭。
0x04B4,Draxinusom,Draxinusom,,0x1fd,1,2,False,「我們搬遷時不得不放棄很多東西。」
0x04B4,Draxinusom,Draxinusom,,0x387,0,1,False,「有很多最喜歡的財產。搬運這麼多東西太麻煩了。」他嘆了口氣。
0x04B4,Draxinusom,Draxinusom,,0x3e2,0,1,False,「特別後悔賣掉了我的以太戒指 (Ethereal Ring) 。」
0x04B4,Draxinusom,Draxinusom,,0x449,0,1,False,「啊。確實是一件可愛的寶物。曾經非常有用。真的，不得不賣掉它真是個遺憾。曾經是我最喜歡的寶物之一。」
0x04B4,Draxinusom,Draxinusom,,0x4e0,0,1,False,「當我們被……呃……可以說是被要求搬到這座島上時，賣掉了我大部分的寶物。這一切都發生得相當快，你看。大部分都賣給了 Spektran 的蘇丹。」
0x04B4,Draxinusom,Draxinusom,,0x5ac,0,1,False,「對人類來說，他看起來夠好。即使以人類的標準來看，他也有點瘋狂。告訴你，他住在我們西邊的一個島上。至少我知道，我珍貴的財產在他手上會很安全。」
0x04B4,Draxinusom,Draxinusom,,0x689,0,1,False,他點點頭。「據說擁有全不列顛尼亞防守最嚴密的金庫之一。據說是被附魔過的。不知道細節。」
0x04B4,Draxinusom,Draxinusom,,0x70b,0,1,False,「是個優秀的年輕石像鬼。由祭壇看守者 Teregus 撫養長大。因為祭壇崇拜者與友誼會之間的緊張關係而離開了城鎮。對友誼會感到憤怒且不信任。有他的消息嗎？」
0x04B4,Draxinusom,Draxinusom,,0x7e4,0,1,False,「太好了！你見過他？知道他過得怎樣嗎？好嗎？」
0x04B4,Draxinusom,Draxinusom,,0x83f,0,1,False,「啊。太糟糕了。告訴你， Teregus 想知道他過得怎樣。」
0x04B4,Draxinusom,Draxinusom,,0x88b,0,1,False,「非常好。知道 Teregus 聽到這個消息也會很高興的！」
0x04B4,Draxinusom,Draxinusom,,0x8d4,0,1,False,「真是個壞消息！他是個這麼好的石像鬼。知道 Teregus 一定會心碎。希望他不要太傷心，但你應該立刻把消息帶給他。由你來告訴他會比較好。」
0x04B4,Draxinusom,Draxinusom,,0x995,0,1,False,「我自己擁有的月之寶珠 (Orb of the Moons) 最近爆炸了！再也無法透過月之門旅行了。真奇怪！」
0x04B4,Draxinusom,Draxinusom,,0xa13,0,1,False,「真是個遺憾。會把這個消息帶給 Teregus 。還在納悶為什麼最近都沒聽到 Inamo 的消息。」
0x04B4,Draxinusom,Draxinusom,,0xa8a,0,1,False,「確實是個優秀的年輕石像鬼。也是最明理的之一。選擇堅持古老的方式，祭壇的方式。看到一些最年輕的仍然仰慕他，但大多數似乎都被友誼會的魅力吸引走了。」
0x04B4,Draxinusom,Draxinusom,,0xb66,0,1,False,「告訴你他的孩子， Inamo ，現在在 Trinsic 。」
0x04B4,Draxinusom,Draxinusom,,0xba4,0,2,False,「不知道該如何看待他們和他們的教義。似乎不危險，但沒有遵循古老的方式，也就是熱情、勤勉和控制的方式。當然，假裝崇拜 Terfin 的神殿，特別是控制神殿，但還不能信任他們。等著瞧吧。有著強勢的領袖擁護著屈服的教義。」他聳了聳肩。
0x04B4,Draxinusom,Draxinusom,,0xba4,1,2,False,「也許真的受到了啟發，也許沒有。」
0x04B4,Draxinusom,Draxinusom,,0xd27,0,1,False,「通知你，友誼會由兩位有翼弟兄領導。叫做 Runeb 和 Quan 。」
0x04B4,Draxinusom,Draxinusom,,0xd85,0,1,False,「在你們的語言中，意思是『紅色迷霧』。之所以被賦予這個名字，是因為這就是他在戰鬥後留給對手的一切。在被友誼會改變之前，被認為是個特別殘忍且危險的石像鬼。」
0x04B4,Draxinusom,Draxinusom,,0xe6d,0,1,False,「已經不在了——現在已經死了。」
0x04B4,Draxinusom,Draxinusom,,0xe9e,0,1,False,「啊，是個有趣的人。擁有強大有力的性格，來自我們社會中最能宣稱擁有高貴血統的家族之一。一直都非常自私，只努力為自己獲取地位和財富。自從加入友誼會後，他的態度的確改變了。然而，我懷疑他的目標是否也改變了。」
0x04B4,Draxinusom,Draxinusom,,0xfd1,0,1,False,「道別了，老朋友。如果還有什麼我能為你做的，請毫不猶豫地回來。對於一個致力於古老傳統的老石像鬼來說，這裡現在很孤單……」
0x04B5,Inforlem,Inforlem,,0x15,0,1,False,這位石像鬼臉上帶著愉快的表情。
0x04B5,Inforlem,Inforlem,,0x43,0,1,False,「很高興你回來了，人類，」 Inforlem 說。
0x04B5,Inforlem,Inforlem,,0x7b,0,1,False,「叫做 Inforlem 。」
0x04B5,Inforlem,Inforlem,,0x9e,0,1,False,「意思是『使人強壯』。」
0x04B5,Inforlem,Inforlem,,0xc3,0,1,False,「訓練 Terfin 的其他人變得強壯有力。也賣一些武器。」
0x04B5,Inforlem,Inforlem,,0x134,0,1,False,「在營業時間才販售。請你在那時再來找我。」
0x04B5,Inforlem,Inforlem,,0x174,0,1,False,「想成為更好的戰士還是法師？」
0x04B5,Inforlem,Inforlem,,0x1b0,0,1,False,「在訓練時間才進行訓練。請你在那時再來找我。」
0x04B5,Inforlem,Inforlem,,0x1f6,0,1,False,「每次訓練收費 50 金幣。還好嗎？」
0x04B5,Inforlem,Inforlem,,0x228,0,1,False,「很抱歉，但我必須收取這個金額！」
0x04B5,Inforlem,Inforlem,,0x25c,0,1,False,「每次訓練收費 50 金幣。可以接受嗎？」
0x04B5,Inforlem,Inforlem,,0x228,0,1,False,「很抱歉，但我必須收取這個金額！」
0x04B5,Inforlem,Inforlem,,0x294,0,1,False,「知道祭壇和友誼會之間的衝突，但沒有任何情報。建議你去找這裡的友誼會領袖 Quan 問他。」
0x04B5,Inforlem,Inforlem,,0x313,0,1,False,「看出這裡有麻煩，但不知道原因和解決方法。」
0x04B5,Inforlem,Inforlem,,0x356,0,1,False,「告訴你 Forbrak 對 Terfin 和其居民了解很多，而且，」他說，「也了解這裡的衝突。」
0x04B5,Inforlem,Inforlem,,0x3d0,0,1,False,「是酒館老闆。」
0x04B5,Inforlem,Inforlem,,0x3e9,0,1,False,「期待再次見到你，人類。」
0x04B6,Inmanilem,Inmanilem,,0x15,0,1,False,一位友善的石像鬼向你打招呼。
0x04B6,Inmanilem,Inmanilem,,0x40,0,1,False,「看到你過得很好，人類，」 Inmanilem 說。
0x04B6,Inmanilem,Inmanilem,,0x79,0,1,False,「我叫做 Inmanilem ，人類。想知道關於 Terfin 的情報嗎？」
0x04B6,Inmanilem,Inmanilem,,0xd7,0,1,False,「在石像鬼語中是『治癒者』的意思。」
0x04B6,Inmanilem,Inmanilem,,0x10e,0,1,False,「是治療師。」
0x04B6,Inmanilem,Inmanilem,,0x132,0,1,False,「感到抱歉，但現在正忙於其他事情。請你有空再來，我才有時間為你治療。」
0x04B6,Inmanilem,Inmanilem,,0x19c,0,1,False,「告訴你去找 Draxinusom ，人類，或是 Forbrak 。他們有許多關於 Terfin 的情報。」
0x04B6,Inmanilem,Inmanilem,,0x21f,0,1,False,「是酒館老闆。身心都非常強壯。」
0x04B6,Inmanilem,Inmanilem,,0x250,0,1,False,「是石像鬼的城市。是許多石像鬼居住的兩個城鎮之一。喜歡這裡，」他笑著補充。
0x04B6,Inmanilem,Inmanilem,,0x2cd,0,1,False,「告訴你另一個叫 Vesper 。位於不列顛尼亞東北方的沙漠中。不像這裡，那裡也有人類居住。」
0x04B6,Inmanilem,Inmanilem,,0x34b,0,1,False,「是我們的領袖。住在知識大廳 (Hall of Knowledge) 附近。」
0x04B6,Inmanilem,Inmanilem,,0x39e,0,1,False,「是保存三個單一性祭壇的地方。」
0x04B6,Inmanilem,Inmanilem,,0x3d6,0,1,False,「是熱情、控制和勤勉。這是大多數石像鬼視為我們存在關鍵的價值觀。」
0x04B6,Inmanilem,Inmanilem,,0x454,0,1,False,他用力地點點頭。「非常類似於人類美德的概念。」
0x04B6,Inmanilem,Inmanilem,,0x49a,0,1,False,「現在有了一個競爭對手——友誼會。不知道它是好是壞，但我知道我不會追隨它！」
0x04B6,Inmanilem,Inmanilem,,0x50d,0,2,False,「只知道一個不滿的石像鬼。一直都是個麻煩，但現在變得充滿敵意和攻擊性。名字叫做園丁 Silamo 。
0x04B6,Inmanilem,Inmanilem,,0x50d,1,2,False,建議你去跟 Silamo 談談。」
0x04B6,Inmanilem,Inmanilem,,0x5b9,0,1,False,「祝你身體健康，人類。」
0x04B7,Teregus,Teregus,,0x15,0,2,False,你看到一隻正值壯年的有翼石像鬼。
0x04B7,Teregus,Teregus,,0x15,1,2,False,「向你致敬，人類！歡迎來到祭壇之屋。有什麼我可以幫忙的嗎？」
0x04B7,Teregus,Teregus,,0xa2,0,1,False,「回來了！很高興再次見到你，人類，」 Teregus 說。「歡迎來到祭壇之屋。需要什麼幫助嗎？」
0x04B7,Teregus,Teregus,,0x12e,0,1,False,「叫做 Teregus 。」
0x04B7,Teregus,Teregus,,0x147,0,1,False,「負責照顧控制、熱情和勤勉的祭壇。是個責任重大的職位。在這個動盪的時期尤其重要。」
0x04B7,Teregus,Teregus,,0x1d1,0,1,False,「最近鎮上有很多分歧。祭壇原則的追隨者與友誼會追隨者之間關係非常緊張。聽到過威脅祭壇的謠言。」
0x04B7,Teregus,Teregus,,0x270,0,1,False,「很高興現在是 Quan 在管理我們的分會。相信他是被誤導了，但在 Runeb 離開後，他是個講理得多的石像鬼。」
0x04B7,Teregus,Teregus,,0x302,0,1,False,「對友誼會的理想保持警惕。在追求團結的過程中忽視了祭壇，並失去了對古老傳統的尊重。還算不壞。告訴你我們的分會是由 Quan 和 Runeb 管理的。」
0x04B7,Teregus,Teregus,,0x3d5,0,1,False,「為失去 Runeb 感到遺憾。或許這樣最好。但肯定很高興能避免祭壇受到破壞。」
0x04B7,Teregus,Teregus,,0x440,0,1,False,「聽說鎮上有某人計畫破壞祭壇的物理實體。當然，這與實際摧毀控制、熱情和勤勉的基本原則不同，但對我們來說依然是件壞事。如果有時間的話，或許能幫我們查出是誰在策劃這件事。當你決定行動方針時，帶著證據回來找我。會非常感謝你的協助。」
0x04B7,Teregus,Teregus,,0x594,0,1,False,「給我帶來了什麼，關於那些謠言的證據嗎？」
0x04B7,Teregus,Teregus,,0x5d4,0,7,False,「太棒了！請讓我看看。」
0x04B7,Teregus,Teregus,,0x5d4,1,7,False,你把在 Sarpling 商店裡找到的 Runeb 寫的紙條交給他。
0x04B7,Teregus,Teregus,,0x5d4,2,7,False,「啊。Runeb。我早該猜到是他。總是用最暴力的手段來獲取更多。」
0x04B7,Teregus,Teregus,,0x5d4,3,7,False,他嘆了口氣。
0x04B7,Teregus,Teregus,,0x5d4,4,7,False,「請你用這個證據與他對質。建議你這樣做才能揭開真相。請做好萬全的準備，人類，因為不知道他會作何反應。」
0x04B7,Teregus,Teregus,,0x5d4,5,7,False,他搖了搖頭。
0x04B7,Teregus,Teregus,,0x5d4,6,7,False,「對和平解決不抱希望。感謝你的協助。」
0x04B7,Teregus,Teregus,,0x798,0,1,False,「還沒找到什麼嗎？啊，好吧。如果發現任何異常，請回來。建議你一有線索就與嫌疑人對質。希望能在他對祭壇造成破壞之前阻止他。」
0x04B7,Teregus,Teregus,,0x850,0,1,False,「為失去 Quan 給友誼會感到悲傷，人類。年輕時是個好石像鬼，但後來誤入歧途。過去幾年主要專注於自我膨脹和享樂主義。真是個遺憾。」
0x04B7,Teregus,Teregus,,0x90b,0,1,False,「真是個悲慘的案例。希望曾經能夠拯救他。一直都難以控制，但過去幾年變得更糟了。似乎想盡可能地挑起爭端。加入友誼會後，找到了理由將力量對付所有較弱的人。」
0x04B7,Teregus,Teregus,,0x9f0,0,1,False,他帶著悲傷的微笑，卻明顯流露出驕傲。
0x04B7,Teregus,Teregus,,0xa28,0,1,False,「曾經是個優秀的年輕石像鬼。我們所有人的驕傲。希望知道是誰導致了他不光彩的結局。」
0x04B7,Teregus,Teregus,,0xaa4,0,3,False,「非常想念他。從他還是一顆蛋的時候就撫養他。他曾相當直言不諱地表達對友誼會的不滿。覺得他離開會比較安全。」
0x04B7,Teregus,Teregus,,0xaa4,1,3,False,他嘆了口氣，然後滿懷希望地抬起頭。
0x04B7,Teregus,Teregus,,0xaa4,2,3,False,「有他的消息嗎？」
0x04B7,Teregus,Teregus,,0xb96,0,1,False,「好嗎？」
0x04B7,Teregus,Teregus,,0xba6,0,1,False,「很好。希望能盡快聽到他的消息。」
0x04B7,Teregus,Teregus,,0xbda,0,1,False,「不好？太糟糕了！有什麼我可以幫忙的嗎？」
0x04B7,Teregus,Teregus,,0xc24,0,1,False,「啊。太可惜了。等他的消息等了很久。」
0x04B7,Teregus,Teregus,,0xc5e,0,2,False,「太遲了？太遲了是什麼意思？告訴我發生了什麼事！」
0x04B7,Teregus,Teregus,,0xc5e,1,2,False,他看起來非常心煩意亂。
0x04B7,Teregus,Teregus,,0xcd7,0,10,False,「被謀殺？」
0x04B7,Teregus,Teregus,,0xcd7,1,10,False,他退了一步，被這個消息驚呆了。
0x04B7,Teregus,Teregus,,0xcd7,2,10,False,「被謀殺？難以置信。他沒有真正的敵人啊！」
0x04B7,Teregus,Teregus,,0xcd7,3,10,False,他重重地嘆了一口氣。
0x04B7,Teregus,Teregus,,0xcd7,4,10,False,「請告訴我，究竟發生了什麼事。」
0x04B7,Teregus,Teregus,,0xcd7,5,10,False,你向他講述 Inamo 死亡的細節。他再次嘆息。
0x04B7,Teregus,Teregus,,0xcd7,6,10,False,「這真是白白浪費了石像鬼的生命。如果你發現是誰想要他死，請務必通知我，我會非常感激。」
0x04B7,Teregus,Teregus,,0xcd7,7,10,False, 他安靜了片刻，試圖適應這個情況。
0x04B7,Teregus,Teregus,,0xcd7,8,10,False,「很抱歉。我需要一些時間來哀悼。請晚點再來。」
0x04B7,Teregus,Teregus,,0xcd7,9,10,False,他轉過身去。
0x04B7,Teregus,Teregus,,0xef9,0,1,False,「是三項原則祭壇的管理員和負責人。想要捐款嗎？」
0x04B7,Teregus,Teregus,,0xf42,0,1,False,「極好。你想捐款給哪個祭壇？」
0x04B7,Teregus,Teregus,,0xf85,0,1,False,「啊。或許下次再捐款吧。」
0x04B7,Teregus,Teregus,,0xfad,0,1,False,「是個極好的選擇。捐獻 5 枚金幣就能為你在神殿冥想。願意捐獻 5 枚金幣嗎？」
0x04B7,Teregus,Teregus,,0x101a,0,1,False,「今晚為你冥想，人類。祝你旅途順利。」
0x04B7,Teregus,Teregus,,0x1054,0,2,False,「沒有 5 枚金幣？等你有了金幣再回來吧。為你旅途的成功冥想。」
0x04B7,Teregus,Teregus,,0x1054,1,2,False,他親切地微笑著。
0x04B7,Teregus,Teregus,,0x10c9,0,2,False,「啊。誤會了。向你道歉。如果你改變主意請讓我知道。」
0x04B7,Teregus,Teregus,,0x10c9,1,2,False,他看起來很失望。
0x04B7,Teregus,Teregus,,0x1132,0,1,False,「現在先向你道別，人類。歡迎再回來。」
0x04B8,Runeb,Runeb,,0x0,0,1,False,這隻石像鬼皺著眉頭轉向你。他將巨大的手移到嘴邊，用一根手指抵住嘴唇。友誼會會議正在進行中。
0x04B8,Runeb,Runeb,,0x89,0,1,False,這隻石像鬼顯然趕時間，對你不理不睬。
0x04B8,Runeb,Runeb,,0xe0,0,1,False,這隻石像鬼狠狠地瞪著你。從他的體型來看，他絕對是個可怕的對手。
0x04B8,Runeb,Runeb,,0x13e,0,1,False,「請問你需要什麼？」 Runeb 說。
0x04B8,Runeb,Runeb,,0x183,0,1,False,「是 Runeb 。」
0x04B8,Runeb,Runeb,,0x19d,0,1,False,「是友誼會的店員。」
0x04B8,Runeb,Runeb,,0x1bc,0,1,False,「意思是『大忙人』，」他諷刺地說。
0x04B8,Runeb,Runeb,,0x1f0,0,1,False,「在這裡有一個分會。每天晚上在平時的時間開會。」
0x04B8,Runeb,Runeb,,0x239,0,1,False,「現在有更重要的事情要做。晚點再問我，人類。」
0x04B8,Runeb,Runeb,,0x27f,0,2,False,「很遺憾你知道了這件事。現在必須殺了 Sarpling 。」他對你咧嘴一笑。
0x04B8,Runeb,Runeb,,0x27f,1,2,False,「現在必須殺了你！」
0x04B8,Runeb,Runeb,,0x2ff,0,1,False,他等你離開後才繼續原本的工作。
0x04B9,Quan,Quan,,0x0,0,1,False,這隻石像鬼似乎忙著主持友誼會會議，現在沒空跟你說話。
0x04B9,Quan,Quan,,0x84,0,1,False,你看到一隻有翼石像鬼。注意到你之後，他轉過身說，「歡迎你，人類。需要協助嗎？」
0x04B9,Quan,Quan,,0xfa,0,1,False,「請問我能如何協助你，人類。」
0x04B9,Quan,Quan,,0x128,0,1,False,「是那個叫做 Quan 的人。」
0x04B9,Quan,Quan,,0x152,0,1,False,「在石像鬼語中沒有意義。這是個特別的名字，專屬於我，」他笑著。
0x04B9,Quan,Quan,,0x1b0,0,1,False,「領導 Terfin 的友誼會。」
0x04B9,Quan,Quan,,0x1e2,0,1,False,「是存在於所有生物內心的指引之聲。隨著友誼會聯繫的加強，會變得越來越清晰且頻繁。」
0x04B9,Quan,Quan,,0x25e,0,1,False,「是不列顛尼亞唯一的石像鬼城市。這片土地上的石像鬼數量比你上次訪問不列顛尼亞時還要少，人類。」他搖了搖頭。
0x04B9,Quan,Quan,,0x30f,0,2,False,「是因為屈服於最近襲擊不列顛尼亞的疾病和飢荒。告訴你，石像鬼繁殖的頻率較低，我們沒有時間彌補人口的損失。
0x04B9,Quan,Quan,,0x30f,1,2,False,然而，要獲得新希望，」他咧嘴一笑，「就得加入友誼會。」
0x04B9,Quan,Quan,,0x3ff,0,2,False,「建議你跟友誼會的店員 Runeb ，或者是 Quaeven 談談。他們的工作需要了解 Terfin 裡的其他人。」他歉意地笑了笑。
0x04B9,Quan,Quan,,0x3ff,1,2,False, 「太忙了，無法認識 Terfin 的所有人。」
0x04B9,Quan,Quan,,0x4ce,0,1,False,「與其他分會聯合，在晚上 9 點舉行會議，人類。歡迎參加我們的會議。」
0x04B9,Quan,Quan,,0x532,0,1,False,「是對石像鬼和人類都有益的恩賜。擁有一種幫助所有種族生物達到最高潛能的理念。」
0x04B9,Quan,Quan,,0x532,0,1,False,「是對石像鬼和人類都有益的恩賜。擁有一種幫助所有種族生物達到最高潛能的理念。」
0x04B9,Quan,Quan,,0x5bc,0,1,False,「剛好錯過了來這裡收集資金的人類友誼會官員。他們已經前往 Serpent's Hold 附近的冥想靜修處。很遺憾。」
0x04B9,Quan,Quan,,0x64b,0,1,False,「已經好幾天沒見到人類友誼會官員了。」
0x04B9,Quan,Quan,,0x685,0,3,False,他的臉上充滿了幾乎是高興的表情。
0x04B9,Quan,Quan,,0x685,1,3,False, 「非常類似於單一性祭壇。有三個被稱為內在力量的三位一體 (Triad of Inner Strength) 的原則。和諧地應用這三個原則會變得更有創造力且更快樂。
0x04B9,Quan,Quan,,0x685,2,3,False, 看見其中的相似處了嗎？控制、熱情與勤勉交織成一體——單一性 (singularity) 。這三位一體 (Triad) ——努力團結、信任你的兄弟、善有善報——和諧地應用在一起！」
0x04B9,Quan,Quan,,0x854,0,1,False,「不明白，」他困惑地說。
0x04B9,Quan,Quan,,0x886,0,3,False,「對此一無所知！不相信！這不可能。
0x04B9,Quan,Quan,,0x886,1,3,False, 要知道所有成員對他們的生活都很滿意，而且絕不可能做出這種事，即使祭壇已經過時了。
0x04B9,Quan,Quan,,0x886,2,3,False, 告訴你親自去和成員們談談，親眼見證並相信。」
0x04B9,Quan,Quan,,0x9a8,0,1,False,「需要三位一體 (Triad) 來正確應用於每個石像鬼——或人類！」
0x04B9,Quan,Quan,,0x9fd,0,1,False,「去和 Runeb 、 Sarpling 和 Quaeven 談談。」
0x04B9,Quan,Quan,,0xa4a,0,1,False,「曾經是這裡友誼會的店員。」
0x04B9,Quan,Quan,,0xa75,0,1,False,「是這裡友誼會的店員。」
0x04B9,Quan,Quan,,0xa9a,0,1,False,「在他的店裡販賣魔法和相關物品。」
0x04B9,Quan,Quan,,0xace,0,1,False,「負責管理學習中心。」
0x04B9,Quan,Quan,,0xaf0,0,1,False,「Runeb 不可能要為此負責。」他親切地微笑著。「這一定是個惡作劇。」
0x04B9,Quan,Quan,,0xb51,0,1,False,「對 Runeb 來說這陰謀太可惡了。」他皺起眉頭。「這一定是某種惡作劇。」
0x04B9,Quan,Quan,,0xbb6,0,1,False,「希望你找到團結。」
0x04B9,Quan,Quan,,0xbd6,0,1,False,在與 Quan 交談時，立方體沒有震動過一次。你意識到他對上層那些危險的力量完全不知情。
0x04BA,Quaeven,Quaeven,,0x1f,0,1,False,「現在沒時間說話。會議結束後再談。」
0x04BA,Quaeven,Quaeven,,0x57,0,1,False,「現在沒時間說話。趕著去友誼會會議。」
0x04BA,Quaeven,Quaeven,,0x92,0,1,False,這位石像鬼臉上帶著滿足的笑容，與你握手打招呼。
0x04BA,Quaeven,Quaeven,,0xd8,0,1,False,「表達對你歸來的喜悅，」 Quaeven 說。
0x04BA,Quaeven,Quaeven,,0x10c,0,1,False,「叫做 Quaeven ，人類。」
0x04BA,Quaeven,Quaeven,,0x136,0,1,False,「意思是『發現問題者』。觀察敏銳。
0x04BA,Quaeven,Quaeven,,0x16a,0,1,False,「是娛樂設施與學習中心的主管。負責掌管對石像鬼種族非常有價值的資訊。」
0x04BA,Quaeven,Quaeven,,0x1ee,0,1,False,「是個讓石像鬼鍛鍊肌肉的好地方。有許多可用的資源，包含可以用來練習拳擊和戰鬥技巧的沙包。」
0x04BA,Quaeven,Quaeven,,0x276,0,1,False,「和娛樂中心位於同一棟建築裡。提供極佳的氛圍來強化石像鬼的心智。有大量的書籍和教育資料。」
0x04BA,Quaeven,Quaeven,,0x2fe,0,1,False,「也是一位成員。」他舉起他的獎章。「我需要友誼會才能變得快樂。」
0x04BA,Quaeven,Quaeven,,0x36f,0,1,False,「想了解組織還是教義？」
0x04BA,Quaeven,Quaeven,,0x3a2,0,1,False,「是一群努力達到石像鬼最高潛能的精神追求者。與所有石像鬼和人類分享。」
0x04BA,Quaeven,Quaeven,,0x413,0,1,False,「分享教義與物質福祉。」
0x04BA,Quaeven,Quaeven,,0x445,0,1,False,「在財務和個人層面上支持 Paws 的救濟院。在不列顛尼亞舉辦宴會和節慶來提振士氣。是所有石像鬼和人類都非常需要的團體。我自己也需要友誼會！」
0x04BA,Quaeven,Quaeven,,0x50f,0,1,False,「透過內在力量的三位一體 (Triad of Inner Strength) 應用樂觀的思考秩序。」
0x04BA,Quaeven,Quaeven,,0x585,0,1,False,「就是努力團結、信任你的兄弟，以及善有善報這三個概念。」
0x04BA,Quaeven,Quaeven,,0x5da,0,2,False,「在加入友誼會之前過著悲慘的生活。曾被許多人傷害、忽視和虐待。
0x04BA,Quaeven,Quaeven,,0x5da,1,2,False,現在在我的新生活中很快樂，並且希望很快就能聽見那個聲音。」他的眼睛因興奮而睜大。「希望能很快為另一個人的生活帶來幸福。」
0x04BA,Quaeven,Quaeven,,0x702,0,1,False,「是一個能幫助我做選擇的好聲音，還能幫助我在海盜巢穴 (Buccaneer's Den)贏錢。」
0x04BA,Quaeven,Quaeven,,0x76f,0,2,False,他興奮地繼續說。
0x04BA,Quaeven,Quaeven,,0x76f,1,2,False,「正在處理我的第一個轉化者。知道我將帶來喜悅和幸福。感到滿足與快樂。」
0x04BA,Quaeven,Quaeven,,0x7fa,0,1,False,「還需要再稍微說服一下，」他低著頭，「但幾乎準備好要加入了！」
0x04BA,Quaeven,Quaeven,,0x858,0,1,False,「是物資商人 Betra 。有信心他很快就會加入。」
0x04BA,Quaeven,Quaeven,,0x899,0,1,False,「希望你健康快樂。」
0x04BB,Silamo,Silamo,,0x15,0,1,False,你看到一隻皺著眉頭的石像鬼。
0x04BB,Silamo,Silamo,,0x40,0,1,False,「請問你需要什麼，人類，」 Silamo 說。
0x04BB,Silamo,Silamo,,0x76,0,1,False,「叫做 Silamo 。」
0x04BB,Silamo,Silamo,,0xa2,0,1,False,「如果我有翅膀的話，你就會知道我的名字。」他對你怒目而視。
0x04BB,Silamo,Silamo,,0xfa,0,2,False,「是個園丁，」他聳了聳肩，「僅此而已。」
0x04BB,Silamo,Silamo,,0xfa,1,2,False,他似乎沒興趣跟你說話。
0x04BB,Silamo,Silamo,,0x15a,0,3,False,他盯著你看了一會兒。
0x04BB,Silamo,Silamo,,0x15a,1,3,False,「沒錯，人類。
0x04BB,Silamo,Silamo,,0x15a,2,3,False, 感覺因為沒有翅膀而受到不平等待遇。看到 Quaeven 加入友誼會後待遇變好了。我一直致力於單一性 (singularity) 的祭壇。但如果友誼會不在乎翅膀的話，或許我該改變了。」
0x04BB,Silamo,Silamo,,0x283,0,1,False,「同樣也是沒有翅膀，卻能像有翅膀一樣受到尊重。」
0x04BB,Silamo,Silamo,,0x2cc,0,1,False,「看到許多人邀請他參加許多將我排除在外的活動。也知道其他人邀請他參加更多的決策會議。」
0x04BB,Silamo,Silamo,,0x358,0,1,False,「友誼會中的石像鬼。」
0x04BB,Silamo,Silamo,,0x37a,0,1,False,「回去工作了。」
0x04BC,Sarpling,Sarpling,,0x0,0,1,False,這隻石像鬼正全神貫注於友誼會會議，現在沒空跟你說話。
0x04BC,Sarpling,Sarpling,,0x50,0,1,False,「現在無法交談。友誼會會議後再來找我。」他繼續趕他的路。
0x04BC,Sarpling,Sarpling,,0xc5,0,1,False,你看到一隻非常心煩意亂的石像鬼。
0x04BC,Sarpling,Sarpling,,0xf6,0,1,False,「向你問候，人類。」
0x04BC,Sarpling,Sarpling,,0x132,0,1,False,「你可以叫我 Sarpling 。」
0x04BC,Sarpling,Sarpling,,0x155,0,1,False,「在 Terfin 提供各種魔法和物品。」
0x04BC,Sarpling,Sarpling,,0x193,0,1,False,「就是你現在所在的城市。是石像鬼的城市。」
0x04BC,Sarpling,Sarpling,,0x1dd,0,2,False,「知道 Quan 是友誼會的領袖。相信他能提供良好的指導。」他看起來若有所思。
0x04BC,Sarpling,Sarpling,,0x1dd,1,2,False, 「跟 Draxinusom 談過了嗎？」
0x04BC,Sarpling,Sarpling,,0x26e,0,1,False,「那麼去找 Forbrak 或 Quaeven 吧。知道他們經常能見到所有的市民。」
0x04BC,Sarpling,Sarpling,,0x2c9,0,1,False,「首先去找 Draxinusom。他是這座城市的領袖。認識許多居民。」
0x04BC,Sarpling,Sarpling,,0x31d,0,1,False,「是我生命中重要的一部分。全力支持友誼會。」
0x04BC,Sarpling,Sarpling,,0x360,0,1,False,「對祭壇一無所知。想知道你說的是什麼意思？」
0x04BC,Sarpling,Sarpling,,0x3a3,0,2,False,他臉上浮現出驚訝與恐懼交織的表情。
0x04BC,Sarpling,Sarpling,,0x3a3,1,2,False, 「全是 Runeb 的決定！全是 Runeb 幹的好事！不想和破壞祭壇或暗殺陰謀扯上任何關係！」
0x04BC,Sarpling,Sarpling,,0x45e,0,4,False,「還不知道這陰謀嗎？」他哀嚎著。
0x04BC,Sarpling,Sarpling,,0x45e,1,4,False, 「這次惹上麻煩了，Sarpling！」他自言自語地說。「帶來了大麻煩！
0x04BC,Sarpling,Sarpling,,0x45e,2,4,False, 告訴你， Runeb 想要陷害 Quan 破壞祭壇。如果計畫失敗就殺了 Quan，並控制 Terfin 的友誼會。這就是 Runeb 的目標。
0x04BC,Sarpling,Sarpling,,0x45e,3,4,False, 你和我都身處險境！」
0x04BC,Sarpling,Sarpling,,0x5a3,0,1,False,「想要魔法材料，還是珠寶和藥水？」
0x04BC,Sarpling,Sarpling,,0x5f4,0,1,False,「在我的店鋪營業時賣東西給你。」
0x04BC,Sarpling,Sarpling,,0x625,0,1,False,「向你道別，人類。」
0x04BD,Forbrak,Forbrak,,0x15,0,1,False,「向你問候，人類，」石像鬼對 Dupre 說。「請問研究進展如何？」
0x04BD,Forbrak,Dupre,,0x6e,0,1,False,「進展得很順利，朋友 Forbrak。」
0x04BD,Forbrak,Shamino,,0x9b,0,1,False,「『什麼』研究？」
0x04BD,Forbrak,Dupre,,0xb7,0,1,False,「哎呀，呃，你肯定聽說過那些為 Brommer 編纂的著名指南！」
0x04BD,Forbrak,Shamino,,0x109,0,1,False,「對，我聽過。但如果有哪一本詳細記載了各種酒館，我就把名字倒過來寫！」
0x04BD,Forbrak,Dupre,,0x173,0,1,False,「嗯，是的，呃，這是，啊，一些新東西。現在，來喝一杯如何！」
0x04BD,Forbrak,Shamino,,0x1ce,0,1,False,「新的？那就像我的屁股一樣新……」Shamino 咕噥著。
0x04BD,Forbrak,Forbrak,,0x216,0,1,False,在吧檯服務的石像鬼向你舉起酒杯。
0x04BD,Forbrak,Forbrak,,0x247,0,1,False,「請問是什麼風把你們吹來這間優質的酒館？」Forbrak 問。
0x04BD,Forbrak,Forbrak,,0x295,0,1,False,「我是 Forbrak。」
0x04BD,Forbrak,Forbrak,,0x2b5,0,1,False,「在石像鬼語中是『強壯手臂』的意思。」
0x04BD,Forbrak,Forbrak,,0x2f9,0,2,False,他攤開手向房間四周比劃。
0x04BD,Forbrak,Forbrak,,0x2f9,1,2,False, 「在恢復大廳 (Hall of Refreshment) 提供食物和飲料。」
0x04BD,Forbrak,Forbrak,,0x36c,0,1,False,「請你在我店鋪營業時再來。」
0x04BD,Forbrak,Forbrak,,0x397,0,1,False,「認識鎮上的許多居民，也知道一些麻煩事。」
0x04BD,Forbrak,Forbrak,,0x3e5,0,1,False,「只知道兩件事。看到神殿和友誼會之間的衝突，也知道無翼者的掙扎。」
0x04BD,Forbrak,Forbrak,,0x46c,0,1,False,「相信新舊理念之間存在分歧。不期望有暴力衝突，但請你去找訓練師和治療師。知道他們觀察敏銳，或許看到了什麼。同時也建議你與友誼會的成員談談。」
0x04BD,Forbrak,Forbrak,,0x55a,0,1,False,「建議你和他們的領袖與店員談談。」
0x04BD,Forbrak,Forbrak,,0x59c,0,1,False,「看著沒有翅膀的朋友對自己的命運感到不滿。想知道為什麼，但從來沒問過。去跟治療師和訓練師談談吧。如果真有證據的話，預計他們會看到過。」
0x04BD,Forbrak,Forbrak,,0x666,0,1,False,「認識很多石像鬼。想了解他們之中的誰嗎？」
0x04BD,Forbrak,Forbrak,,0x6a6,0,2,False,「確定你已經認識我們的領袖了。想知道你是否見過 Teregus ，或者是學習中心的主管。
0x04BD,Forbrak,Forbrak,,0x6a6,1,2,False,說點實際的，你可能會需要物資商人，」他點點頭。
0x04BD,Forbrak,Forbrak,,0x782,0,1,False,「如果你想知道，晚點再告訴你關於他們的事。」
0x04BD,Forbrak,Forbrak,,0x7c5,0,1,False,「叫做 Inforlem。非常強壯。」
0x04BD,Forbrak,Forbrak,,0x7ed,0,1,False,「叫做 Inmanilem。」
0x04BD,Forbrak,Forbrak,,0x807,0,1,False,「非常友善。叫做 Quan。」
0x04BD,Forbrak,Forbrak,,0x82b,0,1,False,「極度暴力。」他搖了搖頭。「名字叫 Runeb，意思是『紅色迷霧』。因為這是他在戰鬥後留給敵人的唯一東西。」
0x04BD,Forbrak,Forbrak,,0x8c2,0,1,False,「不過現在已經死了。」
0x04BD,Forbrak,Forbrak,,0x8e4,0,1,False,「是個獲取知識和鍛鍊的絕佳地點。由名叫 Quaeven 的石像鬼管理。這個 Quaeven 非常有學問。而且，像 Silamo 一樣，也是無翼的。」
0x04BD,Forbrak,Forbrak,,0x996,0,1,False,「叫做 Betra。是兩位店主之一。另外一位是 Sarpling。」
0x04BD,Forbrak,Forbrak,,0x9e8,0,1,False,「是一位賢者。像 Quaeven 一樣受過良好教育。在這裡住了很長一段時間。」
0x04BD,Forbrak,Forbrak,,0xa4c,0,1,False,「是住在山脈東邊的園丁。」
0x04BD,Forbrak,Forbrak,,0xa74,0,1,False,「對他了解不多，也從沒去過他的店，因此無法告訴你他賣什麼。知道他的名字是『蛇信』的意思。」
0x04BD,Forbrak,Forbrak,,0xafc,0,1,False,「祝你好運，人類。」
0x04BE,Betra,Betra,,0x15,0,1,False,這隻石像鬼張開手做了一個揮舞的動作來歡迎你。
0x04BE,Betra,Betra,,0x58,0,1,False,「再次歡迎你，人類，」 Betra 說。
0x04BE,Betra,Betra,,0x8f,0,1,False,「名字是 Betra。你是 Terfin 的新面孔嗎？」
0x04BE,Betra,Betra,,0xc8,0,1,False,「告訴你去跟賢者 Teregus 或酒館老闆 Forbrak 談談，獲取關於城鎮的資訊。協助了解建築位置和居民。」
0x04BE,Betra,Betra,,0x150,0,1,False,「歡迎回到 Terfin。」
0x04BE,Betra,Betra,,0x17a,0,1,False,「是『小小的勇氣』這個詞。」
0x04BE,Betra,Betra,,0x1a5,0,1,False,「是物資的銷售者。」
0x04BE,Betra,Betra,,0x1cb,0,1,False,「是為我們這些希望居住在自己文化中的石像鬼所保留的城鎮。」
0x04BE,Betra,Betra,,0x23a,0,1,False,「有許多我們種族獨特的事物——除了我們的外表——使我們與人類區別開來。有所不同，但也平等。」
0x04BE,Betra,Betra,,0x2c5,0,1,False,「被人類安置在這裡。被允許離開，也可以居住在其他地方，但知道許多人類不喜歡我們。」
0x04BE,Betra,Betra,,0x34b,0,2,False,「這非常諷刺。唯一一個人類和石像鬼數量相等的城鎮，卻是發生最多種族衝突的地方。」
0x04BE,Betra,Betra,,0x34b,1,2,False,他聳了聳肩。「或許把這麼多差異放在一起是不明智的。真是悲哀的時代。」
0x04BE,Betra,Betra,,0x42c,0,1,False,「在早上 9 點到晚上 6 點之間賣東西給你。很抱歉，在這些時間之外什麼都不賣。」
0x04BE,Betra,Betra,,0x49c,0,2,False,提到這個名字他笑了。
0x04BE,Betra,Betra,,0x49c,1,2,False,「是個討人喜歡的年輕石像鬼。」
0x04BE,Betra,Betra,,0x4fd,0,1,False,「加入友誼會？」他搖搖頭。「這不是適合我的組織。我現在這樣很快樂，奉獻於祭壇。相信 Quaeven 是被友誼會的其他人誤導了。不信任他們，尤其是 Sarpling 。」
0x04BE,Betra,Betra,,0x5ee,0,1,False,「相信友誼會有欺騙行為，並預期事情並非表面看起來那樣。相信 Quaeven 剛加入時所做出的幸福承諾，是 Quaeven 自己實現的，而不是友誼會。」
0x04BE,Betra,Betra,,0x6ac,0,1,False,「對他的信任度極低，而且我絕對會盡可能地遠離他。」
0x04BE,Betra,Betra,,0x6f8,0,2,False,「聽說過破壞祭壇的謠言。感到沮喪，但沒有證據。
0x04BE,Betra,Betra,,0x6f8,1,2,False,知道只有兩隻石像鬼能輕易取得這種武器。我是其中之一，而且知道 Sarpling 是另一個。」
0x04BE,Betra,Betra,,0x7b6,0,1,False,「祝你旅途平安，人類。」
0x04BF,Martingo,Martingo,,0x22,0,2,False,你看到一位貴族，獨自一人，眼中閃爍著瘋狂的光芒。
0x04BF,Martingo,Martingo,,0x22,1,2,False,「你到底是誰？」男人問道。他的態度就像是一個剛被從某件極其重要的事情中打斷的人。
0x04BF,Martingo,Martingo,,0xf2,0,1,False,Martingo 和你握手，但表現得完全不感興趣。「我真是太激動了。」
0x04BF,Martingo,Martingo,,0x14a,0,1,False,他轉向右邊，對著空氣說話。
0x04BF,Martingo,Martingo,,0x172_0x19d,0,1,True,「什麼？哦，真的嗎！我不認為<PLAYER_NAME> 看起來特別沒腦子。我們走著瞧，不是嗎？」
0x04BF,Martingo,Martingo,,0x1db,0,1,False,他轉過身來對你咧嘴一笑。
0x04BF,Martingo,Martingo,,0x200,0,1,False,「你當然是！而我是 Mondain 的邪靈，回來對整個不列顛尼亞進行大破壞。好笑，你看起來不像聖者 (Avatar) ——你看起來像個傻瓜。
0x04BF,Martingo,Martingo,,0x2ad,0,1,False,「我能為你做什麼，傻瓜小姐？」
0x04BF,Martingo,Martingo,,0x2db,0,1,False,「我能為你做什麼，傻瓜先生？」
0x04BF,Martingo,Martingo,,0x14a,0,1,False,他轉向右邊，對著空氣說話。
0x04BF,Martingo,Martingo,,0x309,0,1,False,「什麼？哦，真的嗎！你覺得這個聖者 (Avatar) 看起來像真的嗎？我懷疑， Lucinda 。我非常懷疑。」
0x04BF,Martingo,Martingo,,0x1db,0,1,False,他轉過身來對你咧嘴一笑。
0x04BF,Martingo,Martingo,,0x38c,0,1,False,「你想要什麼？」 Martingo 好鬥地問道。
0x04BF,Martingo,Martingo,,0x3c1,0,1,False,這位貴族不耐煩地看著你。「我是 Martingo ， Spektran 的蘇丹。這有什麼問題嗎？」他翻了個白眼。他轉向右邊，再次對著一個想像中的人低語：「我相信我們遇到了一個無知的人。」
0x04BF,Martingo,Martingo,,0x4b1,0,1,False,「我是 Spektran 的蘇丹！什麼，你的腦袋只有豌豆那麼大嗎？別回答，這是個修辭問題。」
0x04BF,Martingo,Martingo,,0x528,0,1,False,他轉向左邊，對著空氣低語：「你不覺得她的腦袋只有豌豆大嗎？我覺得是！」他與他那看不見的朋友神秘地咯咯笑著。
0x04BF,Martingo,Martingo,,0x5c8,0,1,False,他轉向左邊，再次對著一個想像中的人低語：「你不覺得他的腦袋只有豌豆大嗎？我覺得是！」他與他那看不見的朋友神秘地咯咯笑著。
0x04BF,Martingo,Martingo,,0x67d,0,1,False,Martingo 然後拿出一根香蕉開始剝皮。
0x04BF,Martingo,Martingo,,0x6c5,0,1,False,「得了吧，別侮辱我的智商。你肯定知道蘇丹是什麼！難道你沒看到我的後宮嗎？」
0x04BF,Martingo,Martingo,,0x735,0,1,False,「很可愛，不是嗎？
0x04BF,Martingo,Martingo,,0x751,0,1,False,Martingo 看起來很困惑。「那你必須去檢查一下眼睛！我被十個……」他迅速環顧四周。「不，是『十一個』美女包圍著！」
0x04BF,Martingo,Martingo,,0x7f4,0,1,False,「每天我都會享受不同的一位。你無法想像當蘇丹有多有趣！」他傾身親吻了一個看不見的臉頰。「今天，我正在享受 Lucinda 。」他咧嘴大笑。
0x04BF,Martingo,Martingo,,0x8ba,0,1,False,Martingo 色瞇瞇地上下打量你。「嗯。你想加入我的後宮嗎？」
0x04BF,Martingo,Martingo,,0x90c,0,1,False,你的回答讓 Martingo 感到驚訝。「你會？」他緊張地環顧四周。「哦，嗯，我最好先就此事諮詢我的占星師。我之後再給你答覆，好嗎？」
0x04BF,Martingo,Martingo,,0x9c2,0,1,False,「真遺憾。」
0x04BF,Martingo,Martingo,,0x9d5,0,2,False,「就是你現在站著的這座島！」他轉向左邊看不見的人低語：「你說得對——這個人真的是個傻瓜！」
0x04BF,Martingo,Martingo,,0x9d5,1,2,False, Martingo 轉回頭對你說。「如我所說，我是這裡的蘇丹。我是所有這些臣民的主人。」他朝房間周圍比劃了一下。
0x04BF,Martingo,Iolo,,0xaf3,0,1,False,Iolo 對你低語。「這傢伙相當愚蠢。小心點。」
0x04BF,Martingo,Martingo,,0xb32,0,1,False,「她很美，不是嗎？」 Martingo 傾身，將舌頭伸進一個不存在的耳朵裡。
0x04BF,Martingo,Martingo,,0xb91,0,1,False,「哦，原諒我的失禮！你要來根香蕉嗎？」
0x04BF,Martingo,Martingo,,0xbcb,0,1,False,「嗯，這將花費你 3 枚金幣。還要嗎？」
0x04BF,Martingo,Martingo,,0xc02,0,1,False,「給你。」 Martingo 遞給你一根香蕉並收下你的金幣。他轉向「Lucinda」低語：「那個混蛋拿走了我最後一根香蕉！」
0x04BF,Martingo,Martingo,,0xc9b,0,1,False,「你的腦袋裝的是小麥嗎！你連放一根香蕉的空間都沒有！」
0x04BF,Martingo,Martingo,,0xced,0,1,False,「破產了，是嗎？太糟糕了。」 Martingo 哼了一聲。「好吧，我必須說，我非常有錢。」
0x04BF,Martingo,Martingo,,0xd61,0,1,False,「那真是鬆了一口氣。我只剩一個了。」
0x04BF,Martingo,Martingo,,0xd61,0,1,False,「那真是鬆了一口氣。我只剩一個了。」
0x04BF,Martingo,Martingo,,0xd98,0,1,False,「我已經把最後一根香蕉賣給你了！」
0x04BF,Martingo,Martingo,,0xdcc,0,1,False,Martingo 看起來很懷疑。「你是想偷我的以太戒指嗎？」他轉向他想像中的朋友低語：「你說得對。我們的客人看起來像個小偷。」他轉回頭對你微笑。「是的，我確實有一枚以太戒指。我是從石像鬼國王那裡買來的。他叫什麼名字來著？」他傾向右邊看不見的同伴。「什麼？哦，對，Draxinusom。我一直都知道。」他轉回頭對你說。「它在我的金庫裡。」
0x04BF,Martingo,Martingo,,0xfa6,0,1,False,Martingo 的眼睛亮了起來。「我的金庫是全不列顛尼亞防護最嚴密的金庫。沒有人，我再說一遍，『沒有人』能從我的金庫偷走任何東西。我那裡有很多好寶物。」他轉向「Lucinda」並咬了一個不存在的耳垂。
0x04BF,Martingo,Martingo,,0x10c7,0,1,False,「我收集魔法物品。金庫裡裝滿了這些東西。包含你提到的那枚戒指。」
0x04BF,Martingo,Martingo,,0x1128,0,1,False,「金庫的安全是我的秘密。隨便你嘗試進入。事實上，我還打賭你進不去！如果你成功進去，歡迎你拿走任何東西！」 Martingo 笑了。「你只需要那把鑰匙！」他和他想像中的後宮一起笑著，彷彿她們都在陪他笑。「我相信你會找到的！」他笑得前仰後合，笑得眼淚都流下來了。
0x04BF,Martingo,Martingo,,0x1298,0,1,False,「好吧。走開吧。這對有好處！」
0x04C0,Menion,Menion,,0x15,0,1,False,這位肌肉發達的大漢對你愉快地微笑。
0x04C0,Menion,Menion,,0x49_0x56,0,1,True,「你好，<HONORIFIC>！」 Menion 說。
0x04C0,Menion,Menion,,0x6b_0x80,0,1,True,「我是 Menion ，<HONORIFIC>。」他跟你握手。
0x04C0,Menion,Menion,,0x99,0,1,False,「我是名訓練師。我幫助戰士變得更強壯，成為更好的戰鬥者。我也會打造與我學生手臂力量相匹配的劍。」
0x04C0,Menion,Menion,,0x13f,0,1,False,「我教過許多戰士如何運用他——或她——的力量對抗對手。」
0x04C0,Menion,Menion,,0x19b_0x1a8,0,1,True,「是的，<HONORIFIC>。有效戰鬥的關鍵是重擊並準確地擊中對手。」
0x04C0,Menion,Menion,,0x1f6,0,1,False,「體力讓攻擊者有更好的機會穿透另一名戰鬥者的盔甲。很明顯，在生死戰鬥中，這是一個重要的目標。」
0x04C0,Menion,Menion,,0x284,0,1,False,「不用說，人體上的某些目標會比其他目標更好。最好總是能擊中讓對手嚴重喪失行動能力，或製造足夠疼痛讓他分心的部位。」
0x04C0,Menion,Menion,,0x330,0,1,False,「我會以 45 金幣訓練你。你願意付錢嗎？」
0x04C0,Menion,Menion,,0x36b,0,1,False,「好吧。」
0x04C0,Menion,Menion,,0x37b,0,1,False,「或許等我上班時再談這個話題會比較合適。」
0x04C0,Menion,Menion,,0x3bb,0,1,False,「你想打造一把劍嗎？」
0x04C0,Menion,Menion,,0x3dd,0,1,False,「或許等你比較有空的時候。」
0x04C0,Menion,Menion,,0x408,0,1,False,他微笑著。「我非常樂意向你展示打造一把好劍的必要步驟。」他迅速在卷軸上寫下一些東西，然後轉身交給你。
0x04C0,Menion,Menion,,0x4a0,0,1,False,「願你的劍堅固銳利！」
0x04C0,Menion,Menion,,0x4c3,0,1,False,「或許當你的背包空出點位子時，我再給你這個。」
0x04C0,Menion,Menion,,0x509,0,1,False,「等我上班時再幫你處理。」
0x04C0,Menion,Menion,,0x531,0,1,False,「願你手臂的力量永遠與你意志的力量相匹配。」
0x04C1,Pendaran,Pendaran,,0x15,0,1,False,你迎接的是這個男人臉上嚴厲的表情。
0x04C1,Pendaran,Pendaran,,0x49_0x4e,0,1,True,「^<HONORIFIC>。」他對你點點頭。
0x04C1,Pendaran,Pendaran,,0x71,0,1,False,「你可以叫我 Pendaran 爵士。」
0x04C1,Pendaran,Pendaran,,0x9a,0,1,False,「我是 Serpent's Hold 這裡的騎士。保護不列顛尼亞的公民是我的職責。」
0x04C1,Pendaran,Pendaran,,0x10f_0x11c,0,1,True,「是的，<HONORIFIC>。出了城鎮，不列顛尼亞其實是個危險的地方。尤其現在統治派系已經變得軟弱了！」
0x04C1,Pendaran,Pendaran,,0x1a3,0,1,False,「嗯，我指的是不列顛王和他的顧問。」
0x04C1,Pendaran,Pendaran,,0x1e1,0,1,False,「雖然我願意追隨這片土地的理想直到天涯海角，但我很難接受不列顛尼亞的情況如此糟糕。強盜橫行，疾病肆虐城鎮，議會充滿了腐敗。要不是有友誼會，我恐怕很難避免拔劍自刎，儘管這種行為看起來有多麼不光彩。」
0x04C1,Pendaran,Pendaran,,0x312_0x37f,0,1,True,「一群高貴的人，努力在整個不列顛尼亞灌輸更多的精神知識。這只是時間問題，<HONORIFIC>，在所有人都能在眼前看見智慧之光。」
0x04C1,Pendaran,Pendaran,,0x3b6,0,1,False,「我和我的女主人住在這裡的堡壘中。」
0x04C1,Pendaran,Pendaran,,0x3f7_0x416,0,1,True,「她的名字是 Jehanne ，<HONORIFIC>，」他懷疑地說。「她是物資商人。」
0x04C1,Pendaran,Pendaran,,0x44a_0x469,0,1,True,「真是個可怕的遺憾，<HONORIFIC>。」他冷冷地看著你。
0x04C1,Pendaran,Pendaran,,0x498,0,1,False,「什麼！你居然指控我！荒謬。我跟這件事一點關係也沒有！」
0x04C1,Pendaran,Pendaran,,0x4fc,0,4,False,他搖搖頭。
0x04C1,Pendaran,Pendaran,,0x4fc,1,4,False,「你寧願相信一個女人的話，也不願相信堡壘騎士的話？你連蟲子都不如！」他瞪了你一會兒，然後表情變了。
0x04C1,Pendaran,Pendaran,,0x4fc,2,4,False,「好吧，」他說，「毀壞雕像的人就是我，但那是因為官府變得太無能、太軟弱了！」他羞愧地轉過身去。
0x04C1,Pendaran,Pendaran,,0x4fc,3,4,False,「如果你認為這樣最好，」他嘆了口氣，「明天我會向我的騎士同僚們乞求原諒。」
0x04C1,Pendaran,Pendaran,,0x6bb,0,1,False,他點頭同意，再次嘆息，然後轉身離開。
0x04C1,Pendaran,Pendaran,,0x6f3_0x703,0,1,True,「不，不，<HONORIFIC>。你為我指明了道路。我必須懺悔。」他轉過身去反省他的決定。
0x04C1,Pendaran,Pendaran,,0x75c_0x77e,0,1,True,"「祝你有個美好的一天，<HONORIFIC>."""
0x04C2,Jehanne,Jehanne,,0x15,0,1,False,這名女子向你屈膝行禮。
0x04C2,Jehanne,Jehanne,,0x37_0x44,0,1,True,「日安，<HONORIFIC>，」Jehanne 女士說。
0x04C2,Jehanne,Jehanne,,0x66_0x82,0,1,True,「我是 Jehanne 女士，<HONORIFIC>。」
0x04C2,Jehanne,Jehanne,,0x89,0,1,False,「我是巨蛇堡的補給品商人。」
0x04C2,Jehanne,Jehanne,,0xb4,0,1,False,「而且，」她補充道，「我還有一艘船要賣，如果～你有興趣的話。」
0x04C2,Jehanne,Jehanne,,0x12d,0,1,False,「嗯，它曾經是宏偉的『星座號（Constellation）』。然而，它被船長親手摧毀了，以防止它落入襲擊的海盜手中。剩下的一點殘骸被改建成了一艘更精美的船，『龍息號（The Dragon's Breath）』？你有興趣用 600 金幣購買它嗎？」
0x04C2,Jehanne,Jehanne,,0x255,0,1,False,「這是你的地契。」
0x04C2,Jehanne,Jehanne,,0x271_0x284,0,1,True,「令人遺憾，<HONORIFIC>，你沒有空間放這張地契了。」
0x04C2,Jehanne,Jehanne,,0x2af_0x2bf,0,1,True,「我明白，<HONORIFIC>，你現在沒有足夠的資金。」
0x04C2,Jehanne,Jehanne,,0x2e7_0x82,0,1,True,「也許在未來的某個時候，<HONORIFIC>。」
0x04C2,Jehanne,Jehanne,,0x30c,0,1,False,「我們這裡大多數人都是騎士，發誓要保護不列顛尼亞和不列顛王的高貴戰士。我自己的領主，」她滿懷驕傲地笑著，「就是這樣一位騎士—— Pendaran 爵士。」
0x04C2,Jehanne,Jehanne,,0x3f4,0,2,False,「我們三年前認識的。他非常勇敢強壯。我就是喜歡看他戰鬥。」她笑了。
0x04C2,Jehanne,Jehanne,,0x3f4,1,2,False,「不過，我不太確定他是否能和友誼會的其他成員相處融洽。」
0x04C2,Jehanne,Jehanne,,0x4bf_0x51f,0,1,True,「他和 Menion 以前經常在練習後一起切磋。那真是一幅美麗的……景象，<HONORIFIC>，」她紅著臉說。
0x04C2,Jehanne,Jehanne,,0x53f,0,1,False,「當時， Pendaran 是唯一能跟上 Menion 的人。現在 Menion 已經開始指導別人了，他不再有時間和我的領主練習了。」
0x04C2,Jehanne,Jehanne,,0x5d5,0,1,False,「嗯，呃，我的意思是，他在加入『之前』不會相處得很好，就是這樣，」她結結巴巴地說。
0x04C2,Jehanne,Jehanne,,0x651,0,1,False,「其實也沒什麼。他在加入之前只是稍微更……個人主義一些。我並不認為友誼會一定有什麼問題；但我沒想到它會是能引起 Pendaran 興趣的東西。」
0x04C2,Jehanne,Jehanne,,0x716,0,1,False,除了一些例外（包括我在內），堡裡所有的戰士都是騎士。你可能想和 John-Paul 領主談談。他負責管理巨蛇堡，也許能更好地帶你到處看看。
0x04C2,Jehanne,Jehanne,,0x7d0,0,1,False,「你想買點什麼嗎？」
0x04C2,Jehanne,Jehanne,,0x7ef_0x82,0,1,True,「嗯，也許下次吧，<HONORIFIC>。」
0x04C2,Jehanne,Jehanne,,0x80b,0,1,False,「一個更好的購買時機是當我的店鋪營業時。」
0x04C2,Jehanne,Jehanne,,0x84b,0,6,False,有那麼一瞬間，你看到她表情猶豫不決，然後她突然妥協了，話語如洪水般傾瀉而出。
0x04C2,Jehanne,Jehanne,,0x84b,1,6,False,「我不敢說，但知道你會看穿任何偽裝，我再也無法隱瞞真相了。我的領主， Pendaran 爵士，自從加入友誼會後就不再是那個溫柔的靈魂了。
0x04C2,Jehanne,Jehanne,,0x84b,2,6,False,「不久前，我的 Pendaran 還是一位高貴的騎士，一位女士可以為之驕傲的騎士。但現在，」她搖搖頭，「為了抗議他認為不列顛尼亞官府的錯誤，他毀壞了我們敬愛的不列顛王的雕像。」她開始啜泣。
0x04C2,Jehanne,Jehanne,,0x84b,3,6,False,「而且，他還與一位在他作惡時偶然遇見他的同袍騎士戰鬥，並刺傷了他。他來找我，」她試圖忍住淚水，「劍上沾著另一個人的血！」
0x04C2,Jehanne,Jehanne,,0x84b,4,6,False,在你安慰了一會兒後，她恢復了平靜。
0x04C2,Jehanne,Jehanne,,0x84b,5,6,False,「請不要對他太嚴苛，」她懇求道。
0x04C2,Jehanne,Jehanne,,0xba7_0xbc0,0,1,True,「我不知道是誰，<HONORIFIC>，而 Pendaran 不肯說！」
0x04C2,Jehanne,Jehanne,,0xbe0_0xbfc,0,1,True,「願好運伴隨著你，<HONORIFIC>。」
0x04C3,John Paul,John Paul,,0x15,0,1,False,這位非常嚴肅的男人在向你問候時露出了一絲微笑。
0x04C3,John Paul,John Paul,,0x5b,0,1,False,Horffe 正在他身後立正站好。
0x04C3,John Paul,John Paul,,0x81,0,1,False,在他身後立正站好的是一隻有翼的石像鬼。
0x04C3,John Paul,John Paul,,0xbb,0,1,False,「祝你有個美好的一天，」 John-Paul 領主說。
0x04C3,John Paul,John Paul,,0x127_0x15e,0,1,True,「我是 Serpent's Hold 的 John-Paul 領主。你是<PLAYER_NAME>，是聖者，對吧？」
0x04C3,John Paul,John Paul,,0x17a,0,1,False,「我記得你。」
0x04C3,John Paul,John Paul,,0x190,0,1,False,「太棒了。」
0x04C3,John Paul,John Paul,,0x1a3,0,1,False,「我有個你可能會感興趣的東西。」
0x04C3,John Paul,John Paul,,0x1e1_0x20c,0,1,True,他看起來很驚訝。「請原諒我，<HONORIFIC>，我敢發誓……啊，算了，沒關係。」
0x04C3,John Paul,John Paul,,0x24f,0,1,False,「我負責監督這座堡壘。」
0x04C3,John Paul,John Paul,,0x27b,0,1,False,「這不是一份困難的工作。 Richter 爵士和 Horffe 爵士確保事情盡可能順利進行。」
0x04C3,John Paul,John Paul,,0x2fe,0,1,False,「當我忙於其他事務時，他負責管理這座堡壘。他最近似乎有些改變，但我仍然信任他。」
0x04C3,John Paul,John Paul,,0x37e,0,2,False,「那是從他加入友誼會時開始的。他變得更加……該怎麼說呢……有條理。」
0x04C3,John Paul,John Paul,,0x37e,1,2,False,他笑了。「我想友誼會內部有某種嚴格的結構對他有好處，不是嗎？」
0x04C3,John Paul,John Paul,,0x458,0,1,False,「恐怕我對他們了解不多。他們似乎幫助了很多人。然而，我注意到自從 Richter 加入後， Horffe 爵士變得相當憂慮。」
0x04C3,John Paul,John Paul,,0x4f4,0,1,False,「這很難解釋。他似乎更有紀律了，」他短促地笑了一聲，「這當然相當適合這座堡壘。」
0x04C3,John Paul,John Paul,,0x56d,0,1,False,「他是衛兵隊長。他的職位無人能取代。他是我見過最尊貴的戰士。」
0x04C3,John Paul,Horffe,,0x5cb,0,1,False,「感謝你，爵士！」
0x04C3,John Paul,John Paul,,0x5e7,0,1,False,「不過，他似乎對友誼會感到反感。我注意到他在 Richter 爵士身邊不願提起這件事。」他聳了聳肩。
0x04C3,John Paul,John Paul,,0x66c_0x6a9,0,1,True,「自從你上次來訪後，這裡幾乎沒什麼改變，<PLAYER_NAME>。當然，所有的人都是新面孔。」
0x04C3,John Paul,John Paul,,0x6de,0,1,False,「恐怕我等一下必須處理其他事務，無法帶你四處看看。但我建議你去參觀神聖碼頭 (Hallowed Dock) 。許多堡壘的騎士晚上會在那裡出沒。」
0x04C3,John Paul,John Paul,,0x795,0,3,False,他感激地對你微笑，並開始踱步。
0x04C3,John Paul,John Paul,,0x795,1,3,False,「最近發生了一起可怕的罪行。看起來在堡壘公共廣場的不列顛王雕像，被一個不知名的破壞者給損毀了。
0x04C3,John Paul,John Paul,,0x795,2,3,False,或許，」他滿懷希望地看著你，「你可以幫忙追查這個惡徒？」
0x04C3,John Paul,John Paul,,0x8a8,0,1,False,「非常好。最好的開始方式是跟神聖碼頭的酒館老闆 Denton 爵士談談。他解決謎題和問題的能力非常卓越。當你解開這個小謎團後，請將你的發現告訴我。」
0x04C3,John Paul,John Paul,,0x977,0,1,False,「當然。我明白。你確實有更重要的事情要解決。我會請 Yew 的官員來處理這件事。」
0x04C3,John Paul,John Paul,,0x9e9_0xa4a,0,1,True,「哦，對了，我忘了。非常抱歉就這件事兩次打擾你。請原諒我的健忘，<PLAYER_NAME>。這件事正在處理中。」
0x04C3,John Paul,John Paul,,0xa7c,0,1,False,「我已經派人去請 Yew 高等法院的法官了。我明白你沒有時間處理這些瑣事。」
0x04C3,John Paul,John Paul,,0xaf2,0,1,False,「是的，是的，你太好了，但我相信你肯定有更重要的事情要處理。我還是要謝謝你。」
0x04C3,John Paul,John Paul,,0xb84,0,1,False,「哦，我明白了。好吧，既然如此。最好的開始方式是去跟神聖碼頭的酒館老闆 Denton 爵士談談。他解決謎題和問題的能力非常卓越。解開這個小謎團後，請帶著你的發現來找我。」
0x04C3,John Paul,John Paul,,0xc74,0,2,False,他顯得很困惑。
0x04C3,John Paul,John Paul,,0xc74,1,2,False,「我明白了。那你是怎麼得出這個結論的？」
0x04C3,John Paul,John Paul,,0xcd7_0xcfe_0xd66,0,2,True,他笑著伸出手。
0x04C3,John Paul,John Paul,,0xcd7_0xcfe_0xd66,1,2,True,「幹得好，<PLAYER_NAME>。我無法充分表達我的感激。我會確保 Pendaran 爵士受到適當的懲戒。感謝你，<PLAYER_NAME>。」
0x04C3,John Paul,John Paul,,0xd6d,0,1,False,「現在我必須向 Horffe 爵士道歉！」
0x04C3,John Paul,Horffe,,0xd9f,0,1,False,「不需要！很高興找到了真正的破壞者。」
0x04C3,John Paul,John Paul,,0xdda,0,2,False,他顯得很驚訝。
0x04C3,John Paul,John Paul,,0xdda,1,2,False,「我明白了。那你是怎麼得出這個結論的？」
0x04C3,John Paul,John Paul,,0xe4a,0,1,False,「那好吧。」他顯然很苦惱。
0x04C3,John Paul,John Paul,,0xe72,0,1,False,他轉身訓斥身旁的石像鬼。
0x04C3,John Paul,John Paul,,0xe98,0,1,False,「我會立刻處理這件事！」
0x04C3,John Paul,John Paul,,0xebd_0xeca,0,1,True,「繼續，<PLAYER_NAME>。」
0x04C4,Richter,Richter,,0x2a,0,2,False,你看到一位瀟灑的年輕人，他轉身向你問候。
0x04C4,Richter,Richter,,0x2a,1,2,False,「我是 Richter，堡壘的騎士。你是誰？」
0x04C4,Richter,Richter,,0x9e_0xb7,0,1,True,「很高興見到你，<PLAYER_NAME>。」
0x04C4,Richter,Richter,,0xbe,0,1,False,「我懂了，」他懷疑地看著你。「那麼你是回來要更多的嗎？你別想再騙我，我警告你。」
0x04C4,Richter,Richter,,0x13e_0x14b,0,1,True,「哈囉，<PLAYER_NAME>。」Richter 說道。
0x04C4,Richter,Richter,,0x17a,0,1,False,「我告訴過你了，我叫做 Richter。」
0x04C4,Richter,Richter,,0x1aa_0xb7,0,2,True,他清了清嗓子，更仔細地打量你。
0x04C4,Richter,Richter,,0x1aa_0xb7,1,2,True,「啊，你不用在意我的咕噥，<PLAYER_NAME>。」
0x04C4,Richter,Richter,,0x20b,0,1,False,「我是堡壘的軍械士。」
0x04C4,Richter,Richter,,0x242,0,1,False,「是的，你在 Serpent's Hold，這裡是許多高貴且勇敢的騎士的家。」
0x04C4,Richter,Richter,,0x2a1,0,1,False,「John-Paul 領主負責監督這座堡壘，不過 Horffe 爵士才是衛兵隊長。當然，我們其他人都在此服務不列顛王以及不列顛尼亞的需求。」
0x04C4,Richter,Richter,,0x368,0,1,False,「我早該知道會是 Horffe。」他瞇起眼睛。「他不斷表現出整體缺乏道德和團結感。我會和 John-Paul 談談這件事。」
0x04C4,Richter,Richter,,0x3ff,0,1,False,「我對他能力的信任無人能及。我無法告訴你，當他選擇我做他的副手時，我有多驕傲！」
0x04C4,Richter,Richter,,0x478,0,1,False,他若有所思。「我知道其他人信任他，我自己也不懷疑他的戰鬥技巧。但我無法擺脫這種感覺，他需要更多的道德約束。有時我覺得有義務要盯著他。」
0x04C4,Richter,Richter,,0x553,0,1,False,「我不確定我到底在觀察什麼。不過，我預料他會變得具有攻擊性或成為盜賊。他似乎並不真正相信堡壘的團結。」
0x04C4,Richter,Richter,,0x5ed,0,1,False,「嗯，很明顯 John-Paul 尊重他的能力。Tory 女士告訴過我，她能『感知』到他的誠實，但我並非沒有懷疑。」
0x04C4,Richter,Richter,,0x688,0,1,False,「Tory 女士有著不可思議的共情能力。她只需一句簡單的問候，就能判斷出對方的意圖和情緒。」
0x04C4,Richter,Richter,,0x709,0,1,False,「她是堡壘的顧問，經常為騎士們提供指導。」他的表情變得惆悵。「她也非常、非常美麗。」
0x04C4,Richter,Richter,,0x788,0,1,False,「嗯，顯然大陸上有很多尋找機會恐嚇鄉間的邪惡野獸。保護平民是我們的職責。此外，我們在這裡也是為了向一般大眾提供良好行為的榜樣。」
0x04C4,Richter,Richter,,0x849,0,3,False,他低下頭，稍微變換了一下站姿。他抬起頭，瞇著眼睛說：
0x04C4,Richter,Richter,,0x849,1,3,False,「不久前有個人進入我的軍械庫，聲稱自己是聖者，就像你現在說的一樣。當我轉身去拿他要的武器時，他偷了幾樣東西就跑了。
0x04C4,Richter,Richter,,0x849,2,3,False,我假設，」他謹慎地說，「你不是那個流氓。」
0x04C4,Richter,Richter,,0x986,0,1,False,「很抱歉。這件事等我店鋪營業時討論會更好。」
0x04C4,Richter,Richter,,0x9c9,0,1,False,「哎呀，是的，我看你也是成員。」
0x04C4,Richter,Richter,,0x986,0,1,False,「很抱歉。這件事等我店鋪營業時討論會更好。」
0x04C4,Richter,Richter,,0xa01,0,3,False,他臉上露出厭惡的表情。
0x04C4,Richter,Richter,,0xa01,1,3,False,「很明顯，這是一個不尋求團結的人做的！他不配得到回報！」
0x04C4,Richter,Richter,,0xa01,2,3,False,過了一會兒，他平靜下來。
0x04C4,Richter,Richter,,0xa9f,0,1,False,「你是在調查這起危害人類的罪行嗎？」
0x04C4,Richter,Richter,,0xad6,0,1,False,「那讓我給你這些。」他舉起一些石片。「這是在雕像底部發現的。你會注意到有些地方被染紅了。我相信那是血。」
0x04C4,Richter,Richter,,0xb73,0,1,False,「或許等你有了更多空間時，我再給你。」
0x04C4,Richter,Richter,,0xbad,0,1,False,「我明白了。」
0x04C4,Richter,Richter,,0xbc3,0,1,False,「旅途愉快。記住，信任你的兄弟。」
0x04C5,Horffe,Horffe,,0x7d,0,1,True,你看到一隻表情非常嚴肅的石像鬼<VAR>
0x04C5,Horffe,Horffe,,0xab,0,1,False,「請問如何能提供協助。」他瞇起眼睛。
0x04C5,Horffe,Horffe,,0xfd,0,1,False,「名字是 Horffe。」
0x04C5,Horffe,Horffe,,0x117,0,1,False,「是衛兵隊長。為 Serpent's Hold 的人民服務並保護他們。」
0x04C5,Horffe,Horffe,,0x17a,0,1,False,「被命令保護居住在 Serpent's Hold 的人民，並維持騎士的整體秩序。」
0x04C5,Horffe,Horffe,,0x1e4,0,1,False,「引導你去找神聖碼頭的酒館老闆 Denton 爵士。他比我更了解堡壘和這裡的人。」
0x04C5,Horffe,Horffe,,0x250,0,1,False,「感謝你提供這些資訊。很高興能知道襲擊我的人的身分。」
0x04C5,Horffe,Horffe,,0x2a2,0,1,False,「通知你，許多優秀的戰士居住在堡壘之內。幾乎不用擔心土匪或兇猛動物的襲擊。」
0x04C5,Horffe,Horffe,,0x315,0,1,False,「對此一無所知！」
0x04C5,Horffe,Horffe,,0x341,0,2,False,他粗獷的態度軟化了。
0x04C5,Horffe,Horffe,,0x341,1,2,False,「是我的血。」他嘆了口氣。「但破壞雕像的人不是我！是在試圖阻止破壞者時受傷的。」
0x04C5,Horffe,Horffe,,0x3e4,0,2,False,他低頭看著自己的腳。
0x04C5,Horffe,Horffe,,0x3e4,1,2,False,「不知道他是誰。當時非常暗。請你不要告訴 Richter 爵士。」
0x04C5,Horffe,Horffe,,0x46c,0,1,False,「能見度非常差，但我確信我是在和一名武裝騎士扭打。」
0x04C5,Horffe,Horffe,,0x4bb,0,1,False,「知道他不會相信一個公然藐視友誼會的人。」
0x04C5,Horffe,Horffe,,0x505,0,1,False,「對它了解不多。也不怎麼喜歡它。」
0x04C5,Horffe,Horffe,,0x539,0,1,False,「道別。」
0x04C6,Jordan,Jordan,,0x1c,0,2,False,你看到一個男人，儘管雙眼失明，卻很快就注意到了你。
0x04C6,Jordan,Jordan,,0x1c,1,2,False,「我是 Jordan，Jordan 爵士。而你是？」
0x04C6,Jordan,Jordan,,0x9c_0xb5,0,1,True,「這是我的榮幸，<PLAYER_NAME>。」他跟你握手。
0x04C6,Jordan,Jordan,,0xce,0,1,False,他笑了。「是的，你當然是。」
0x04C6,Jordan,Iolo,,0xf9,0,1,False,「這是真的， Jordan 爵士。他是聖者。」
0x04C6,Jordan,Jordan,,0x130,0,1,False,Jordan 笑了。「我明白了。那你又是誰？Shamino 嗎？」
0x04C6,Jordan,Iolo,,0x177,0,1,False,「不。」他指著 Shamino 。「他是。我是 Iolo！」
0x04C6,Jordan,Iolo,,0x1b7,0,1,False,「不。我是 Iolo，不是 Shamino！」
0x04C6,Jordan,Jordan,,0x1e4,0,1,False,「當然！」他擺出屈尊降貴的態度說。「我怎麼會認不出偉大的 Iolo 呢。」
0x04C6,Jordan,Jordan,,0x248_0x255,0,1,True,「你好，<PLAYER_NAME>。」
0x04C6,Jordan,Jordan,,0x263,0,1,False,「我告訴過你了，我的名字是 Jordan 爵士。」
0x04C6,Jordan,Jordan,,0x29f,0,1,False,「我在 Iolo's South 販售弓和弩。」
0x04C6,Jordan,Jordan,,0x2e0,0,1,False,「本店在不列顛城。但我這裡的生意也做得很好。」
0x04C6,Jordan,Jordan,,0x33d_0x353,0,1,True,「Serpent's Hold ，<HONORIFIC>。我已經賣了很多優質的弓，給這裡的騎士。」
0x04C6,Jordan,Jordan,,0x39a,0,1,False,「偉大的弓箭手本人， Iolo ，在兩百多年前創立了那家分店。」
0x04C6,Jordan,Iolo,,0x3f1,0,1,False,「我，呃，感謝你的稱讚。」
0x04C6,Jordan,Jordan,,0x41a,0,1,False,「如果你是 Iolo 的話會更有意義！」
0x04C6,Jordan,Iolo,,0x44c,0,1,False,「聽著，流氓，我真的『是』……」
0x04C6,Jordan,Jordan,,0x47e,0,1,False,「是的，是的，我知道。你真的『是』 Iolo ……而我是不列顛王！」
0x04C6,Jordan,Jordan,,0x4da,0,1,False,「有很多人住在堡壘裡。神聖碼頭的酒保 Denton 爵士，認識他們所有人。」
0x04C6,Jordan,Jordan,,0x53d,0,1,False,「近戰武器還是遠程武器？」
0x04C6,Jordan,Jordan,,0x573_0x583,0,1,True,「很抱歉，<HONORIFIC>，但我只能在營業時間——早上 6 點到晚上 6 點之間賣東西。」
0x04C6,Jordan,Jordan,,0x5d8,0,2,False,他顯得很有防備。「我跟那件事毫無關係。
0x04C6,Jordan,Jordan,,0x5d8,1,2,False,但我可以告訴你，在事件發生的那晚，我聽到公共廣場有扭打的聲音。而且，在當晚晚些時候，我聽到一個女人的叫聲，似乎很驚訝！」
0x04C6,Jordan,Jordan,,0x6cf_0x6e5,0,1,True,「我不太確定，<PLAYER_NAME>，但我相信那聲音是 Jehanne 女士的。」他會意地點點頭。「有人失去了他們的團結感。」
0x04C6,Jordan,Jordan,,0x75b_0x77a,0,1,True,「希望能再次見到你，<PLAYER_NAME>。」
0x04C7,Denton,Denton,,0x29,0,1,False,「向你致敬， Dupre 爵士。你又回來為 Brommer 研究葡萄酒了嗎？」
0x04C7,Denton,Dupre,,0x7f,0,1,False,「哎呀，啊，是的，我的好朋友， Denton 。我，呃，還在進行那項研究。」他轉向你並聳聳肩，難為情地笑著。
0x04C7,Denton,Denton,,0x112,0,1,False,你面前的男人似乎茫然地盯著你。
0x04C7,Denton,Denton,,0x140_0x14d,0,1,True,「哈囉，<HONORIFIC>，」Denton 說道。
0x04C7,Denton,Denton,,0x164_0x17f,0,1,True,「我是 Denton 爵士，<HONORIFIC>。」
0x04C7,Denton,Denton,,0x186_0x19f,0,1,True,「我是酒館老闆，<HONORIFIC>。我販賣茶點給不列顛尼亞的公民，特別是 Serpent's Hold 的騎士們。」
0x04C7,Denton,Denton,,0x218,0,1,False,「這裡幾乎每個居民都是高貴的戰士。例外的是物資商人 Jehanne 女士； Tory 女士；治療師 Leigh 女士；以及訓練師 Menion 。我也可以告訴你關於其他居民的事。」
0x04C7,Denton,Denton,,0x31d,0,1,False,「Serpent's Hold 準確地位於東經 53 度，南緯 165 度。」
0x04C7,Denton,Denton,,0x363_0x370,0,1,True,「是的，<HONORIFIC>，我可以告訴你關於以下這些人的事：
0x04C7,Denton,Denton,,0x3ef,0,1,False,「他是 Serpent's Hold 的領主。他是個有能力的領導者，也是個公平的人。」
0x04C7,Denton,Denton,,0x451,0,1,False,「據說她的治療技巧無與倫比。」
0x04C7,Denton,Denton,,0x47f,0,1,False,「他是 John-Paul 領主的副手。他正在教我如何賭得好。事實上，在加入友誼會後，他開始增加課程。」
0x04C7,Denton,Denton,,0x510,0,1,False,「Horffe 爵士是一位優秀的戰士。他是一隻石像鬼，在很小的時候被兩名騎士發現。他們選擇把他當作自己的孩子撫養。他非常高尚。」
0x04C7,Denton,Denton,,0x5d3,0,1,False,「Horffe 爵士選擇使用石像鬼語法來說我們的語言，這樣他就能更好地保持文化聯繫。」
0x04C7,Denton,Denton,,0x647,0,1,False,「儘管他雙眼失明，Jordan 爵士卻能很好地感知周圍的物體。他是一位出色的修補匠，可以修理許多物品。」
0x04C7,Denton,Denton,,0x6d6,0,1,False,「我相信她是一名德魯伊。她正在教我如何比以前更有同情心。她非常擅長了解別人的感受以及他們為什麼會經歷這樣的情緒。」
0x04C7,Denton,Denton,,0x782,0,1,False,「他是戰鬥教練。在空閒時間，他喜歡打造劍。 Menion 很好心，給了我一把他的作品。」
0x04C7,Denton,Denton,,0x7f7,0,1,False,「Pendaran 爵士是堡壘的一名騎士。他非常友善，但我聽說他有時會很霸道。」
0x04C7,Denton,Denton,,0x85e,0,1,False,「她是 Pendaran 爵士的女士。她一直在幫助我改善幽默感。」
0x04C7,Denton,Denton,,0x8b5,0,1,False,「我的笑話很糟。如果你想聽，我可以說一個。」
0x04C7,Denton,Denton,,0x8f8,0,1,False,「為什麼雞要過馬路？」
0x04C7,Denton,Spark,,0x91a,0,1,False,「為了走到另一邊！哦，這個笑話真新，」他諷刺地說。
0x04C7,Denton,Iolo,,0x967_0x987,0,2,True,Iolo 在你耳邊低語。
0x04C7,Denton,Iolo,,0x967_0x987,1,2,True,「<PLAYER_NAME>，我們以前聽過這個了。最好在他沉浸在另一個笑話之前離開他。」
0x04C7,Denton,Denton,,0x9ff,0,1,False,他似乎有些失望，但這很可能是你的錯覺。
0x04C7,Denton,Denton,,0xa39,0,2,False,他微微一笑。
0x04C7,Denton,Denton,,0xa39,1,2,False,「為了走到另一邊。你覺得好笑嗎？」
0x04C7,Denton,Denton,,0xa81,0,2,False,他顯得有些困惑。「真奇怪，沒人覺得那個笑話有趣。
0x04C7,Denton,Denton,,0xa81,1,2,False,或許我比我想像的還要風趣……」
0x04C7,Denton,Denton,,0xaf9,0,1,False,「也沒人覺得好笑。我會繼續練習變得風趣。」
0x04C7,Denton,Denton,,0xb39,0,1,False,「哦。你以前聽過了。」
0x04C7,Denton,Denton,,0xb5b,0,1,False,「友誼會是一個有二十年歷史的組織，舉辦許多節日、遊行和慶祝活動。此外，他們還在 Paws 鎮維持一個庇護所。他們有一個潛在的理念，被稱為『內在力量的三位一體 (Triad of Inner Strength)』 。這個三位一體被分解為三個原則：『致力合一 (Strive For Unity)』、『信賴你的兄弟 (Trust Thy Brother)』和『價值先行於報償 (Worthiness Precedes Reward)』。我現在將解釋每一個原則的含義。」
0x04C7,Denton,Spark,,0xd4a,0,1,False,「這個叫 Denton 的傢伙真是囉嗦。」
0x04C7,Denton,Denton,,0xd7b,0,1,False,「努力團結似乎意味著友誼會希望大家為了社會的福祉共同努力。信任你的兄弟暗示著每個人不應該質疑他人的行為。善有善報表明友誼會對回報的態度是，必須做好事才能得到回報。」
0x04C7,Denton,Denton,,0xe72,0,2,False,他看著你的獎章。
0x04C7,Denton,Denton,,0xe72,1,2,False,「我的情報正確嗎？」
0x04C7,Denton,Denton,,0xeab,0,1,False,「謝謝你。我總是努力做正確的事。」
0x04C7,Denton,Denton,,0xedf,0,1,False,「我會試著獲取更多資訊。」
0x04C7,Denton,Denton,,0x363_0xf07,0,1,True,「是的，<HONORIFIC>，我可以幫你調查這起犯罪。我相信最好的開始方式是跟 Richter 爵士談談，因為事件發生後是他搜查雕像的。」
0x04C7,Denton,Denton,,0xf9b,0,1,False,「或許你應該讓治療師 Leigh 女士檢查一下這些石片。」
0x04C7,Denton,Denton,,0xff5,0,1,False,「那行為不像是 Horffe 爵士的作風。你或許可以向 John-Paul 領主報告，但我預期這件事沒那麼單純。去找 Tory 女士是個好主意。她非常擅長感知他人的情緒，或許在事件發生後，藉由觀察居民了解到了一些事情。」
0x04C7,Denton,Denton,,0x110e_0x111b,0,1,True,「日安，<HONORIFIC>。」
0x04C8,Tory,Tory,,0x15,0,1,False,女人慈悲地對你微笑。
0x04C8,Tory,Tory,,0x34_0x64,0,1,True,Tory 笑了笑並向你伸出手。「哈囉，<PLAYER_NAME>。我感覺到你很煩惱。」
0x04C8,Tory,Tory,,0x92_0xab,0,1,True,「我是 Tory 女士，<HONORIFIC>。」
0x04C8,Tory,Tory,,0xb2,0,1,False,「Riky 的母親，」她啜泣著說。
0x04C8,Tory,Tory,,0xdc,0,1,False,「我的工作是為 Lord John-Paul、以及這座堡壘裡任何需要指導的人提供顧問服務。」
0x04C8,Tory,Tory,,0x15f,0,1,False,「你找到我的孩子了嗎？」
0x04C8,Tory,Tory,,0x184_0x1af,0,2,True,「我不知該如何表達我的感激，<HONORIFIC>。非常感謝你！」
0x04C8,Tory,Tory,,0x184_0x1af,1,2,True,她喜極而泣。「請、請輕輕地把他放回搖籃裡。」
0x04C8,Tory,Tory,,0x20b_0x236,0,1,True,「為什麼，那不是我的小 Riky ，<HONORIFIC>。你帶著別人的孩子。哦，我的男孩會被帶去哪裡？」她哭著說。
0x04C8,Tory,Tory,,0x28e,0,1,False,「但是，我沒看到你帶著孩子。你的幽默感很黑暗。請帶著我的男嬰回來時再來！」
0x04C8,Tory,Tory,,0x2ff,0,1,False,「拜託，我懇求你，繼續你的追捕！」
0x04C8,Tory,Tory,,0x333_0x4a6,0,1,True,「我可憐的男嬰。他——他有一天晚上被殘忍的鷹身女妖抓走了，她們想要一個屬於自己的孩子。我——我不知道她們把他帶到哪裡去了，但我聽一些騎士提起過，有一群邪惡的鳥身女妖聚集在榮譽神殿 (Shrine of Honor) 周圍。但是，他們還無法擊敗她們。」她吸了吸鼻子。「但是你<HONORIFIC>，你會幫我找回我的孩子。哦，拜託，你會嗎？」
0x04C8,Tory,Tory,,0x4e9,0,1,False,「我對你的幫助感激不盡！」她看起來高興多了。
0x04C8,Tory,Tory,,0x52c,0,1,False,「你不過是個懦夫。走開，懦夫！」
0x04C8,Tory,Tory,,0x55d,0,1,False,「嗯，」她似乎若有所思，「當這件事在堡壘這裡對大家提起時，我記得 Jordan 爵士變得有點緊張。或許你應該去跟他談談。」
0x04C8,Tory,Tory,,0x605,0,1,False,「我感覺你想知道 Serpent's Hold 這裡的居民。是這樣嗎？」
0x04C8,Tory,Tory,,0x652,0,1,False,「好吧。如果你改變主意再來找我。」
0x04C8,Tory,Tory,,0x686,0,1,False,「身為堡壘的顧問，我可以告訴你許多人的事。你見過治療師或物資商人了嗎？而且，身為一名戰士，你可能會想去拜訪訓練師和軍械士。」
0x04C8,Tory,Tory,,0x769,0,1,False,「他是位非凡的領袖。每個人都尊敬他。你只需要問問他的隊長就知道了。」
0x04C8,Tory,Tory,,0x7d7,0,1,False,「Leigh 女士作為一名治療師非常熟練。我還沒見過她失去任何病人。」
0x04C8,Tory,Tory,,0x835,0,1,False,「嗯。 Richter 爵士最近改變了很多——自從他加入友誼會之後。他似乎變得不那麼有同情心了。」
0x04C8,Tory,Tory,,0x8ce,0,1,False,「Denton 爵士是我見過最精明的人。他是唯一一個我無法感知的人。而且我從未見過他脫下盔甲……」她聳了聳肩。
0x04C8,Tory,Tory,,0x966,0,1,False,「我對 Menion 最不了解。他非常安靜，大部分空閒時間都在打造武器。酒館老闆可能對他了解更多。」
0x04C8,Tory,Tory,,0x9ed,0,1,False,「她的名字是 Jehanne 女士。她是 Pendaran 爵士的女士，」她眼中閃爍著光芒說道。
0x04C8,Tory,Tory,,0xa68,0,1,False,「衛兵隊長 Horffe 爵士，是一隻石像鬼。他被兩名人類發現並撫養成為一名勇敢的騎士。他是一位非常忠誠的戰士，很少離開 John-Paul 領主的身邊。」
0x04C8,Tory,Tory,,0xb3d,0,1,False,「儘管他是由人類撫養長大的， Horffe 一直在努力維持他的石像鬼認同。透過以與他同胞相同的方式說話，他覺得自己能更好地保留他的背景。」
0x04C8,Tory,Tory,,0xbfd,0,1,False,「他是一個勇敢而熱情的戰士，而且，」她笑了，「他也相當有吸引力。」
0x04C8,Tory,Tory,,0xc61,0,1,False,「友誼會在這裡沒有分部，但我們的兩名騎士是成員： Richter 爵士和 Pendaran 爵士。我知道他們也有意讓 Jordan 爵士加入。」
0x04C8,Tory,Tory,,0xd12,0,2,False,「他是個奇蹟。儘管雙眼失明，他戰鬥的敏捷度卻令人驚訝。事實上，他也喜歡玩弄機械物品，而失去視力似乎也並未影響他。
0x04C8,Tory,Tory,,0xd12,1,2,False,不過，我感覺他最近有非常明顯的改變，非常像 Richter 爵士那樣。他會是個有趣的交談對象。你可以在 Iolo's South 找到他。」
0x04C8,Tory,Iolo,,0xe62_0xab,0,2,True,Iolo 自豪地笑著。
0x04C8,Tory,Iolo,,0xe62_0xab,1,2,True,「我的店自從你上次來之後，呃，成長了一些，<PLAYER_NAME>。」
0x04C8,Tory,Tory,,0xebb,0,1,False,「我感覺你在其他地方有緊急約會。向你道別。」
0x04C9,Leigh,Leigh,,0x22,0,1,False,這位迷人的女士對你投以讚許的目光。
0x04C9,Leigh,Leigh,,0x56_0x63,0,1,True,「你好，<HONORIFIC>。」Leigh 對你微笑。
0x04C9,Leigh,Leigh,,0x7f,0,1,False,她紅著臉說。「我是 Leigh 女士。」
0x04C9,Leigh,Leigh,,0xae,0,1,False,「我是 Serpent's Hold 的治療師。」
0x04C9,Leigh,Leigh,,0xf0,0,1,False,「對不起，但我現在有太多其他病人要幫忙。或許等我下次開店的時候。」
0x04C9,Leigh,Leigh,,0x154,0,1,False,「Jean-Paul 領主負責維持這裡的秩序，但 Denton 爵士會是了解 Serpent's Hold 的更好消息來源。」
0x04C9,Leigh,Leigh,,0x1df,0,1,False,「他很容易找到，因為 Horffe 爵士幾乎從未離開過他身邊。留意那個高大、肌肉發達的石像鬼。」
0x04C9,Leigh,Leigh,,0x260,0,1,False,「事實上，」她望著遠方說，「我相信他可能有話想對你說。或許你真的該去找他談談。」
0x04C9,Leigh,Leigh,,0x2d9,0,1,False,「如果你有堡壘事務要處理，卻找不到 John-Paul，你或許可以去跟 Richter 爵士談談。」
0x04C9,Leigh,Leigh,,0x359,0,1,False,「他在很小的時候被發現，顯然被他的父親遺棄了。兩個人帶走並把他當作自己的孩子撫養。正如你見到他所能看出的那樣，他是一個非常高尚的人，也是一名堅定的戰士。」
0x04C9,Leigh,Leigh,,0x441,0,1,False,「他是軍械士。他的店在堡壘的後方。」
0x04C9,Leigh,Leigh,,0x478,0,1,False,「他是神聖碼頭的酒保，就在堡壘大門內。他非常擅長記住和討論重要的事實。」
0x04C9,Leigh,Leigh,,0x4e5,0,1,False,她困惑地看著你。「我不是已經做過了嗎？」
0x04C9,Leigh,Leigh,,0x522,0,2,False,她接過你的石片並仔細檢查。使用幾瓶奇怪且不尋常的混合物，她分析了血液。最後，在幾分鐘的沉默後，她抬起頭，咧嘴笑著。
0x04C9,Leigh,Leigh,,0x522,1,2,False,「我已經確認了血液的性質。這絕對不是人類的。事實上，」她低頭看著樣本並挑起一邊眉毛，「這是石像鬼的血。」
0x04C9,Leigh,Leigh,,0x67c,0,1,False,「恐怕我必須能夠看到它們才能進行檢查。」
0x04C9,Leigh,Leigh,,0x6b9_0x6e0,0,2,True,她若有所思。
0x04C9,Leigh,Leigh,,0x6b9_0x6e0,1,2,True,「奇怪的是，<HONORIFIC>，在 Serpent's Hold 裡只有一隻石像鬼。但我無法想像 Horffe 爵士會跟這種惡意破壞有任何關係。」
0x04C9,Leigh,Leigh,,0x75f_0x76c,0,1,True,「再會，<HONORIFIC>。」
0x04CA,Ian,Ian,,0x2b,0,1,False,你看到一個年輕、曬黑、肌肉發達、英俊的男人，散發出活力與和藹。
0x04CA,Ian,Ian,,0x89,0,1,False,「是嗎？」Ian 問道。
0x04CA,Ian,Ian,,0xa6,0,1,False,「我是 Ian 。」
0x04CA,Ian,Ian,,0xbb,0,1,False,「我是這個友誼會成員冥想靜修處的主任。」
0x04CA,Ian,Ian,,0x10c,0,1,False,「我管理各項活動，並帶領新進成員進行冥想練習。」
0x04CA,Ian,Ian,,0x163,0,1,False,「靜修處的活動包含理念訓練和研究。」
0x04CA,Ian,Ian,,0x19a,0,1,False,「成員們必須成長，去聆聽並理解那引導他們走上內在力量道路的聲音。冥想練習加速了這個過程。」
0x04CA,Ian,Ian,,0x229,0,1,False,「那是人在內心聽到的聲音。我們都有能力聽到它。有些人能輕易地聽到，不需要來參加冥想靜修處的課程。然而，其他人發現要聽到這個聲音比較困難。那他們就需要在靜修處學習。」
0x04CA,Ian,Ian,,0x320,0,1,False,「這是由友誼會設立的，讓新成員可以參加並了解更多關於我們組織的資訊，與自己聯繫，並幫助他們成為友誼會中更好的兄弟。大部分的活動都在屏障內部進行。」
0x04CA,Ian,Ian,,0x40a,0,1,False,「大多數來到友誼會的人，都在與生命中的失敗搏鬥。他們本質上是在害怕自己。在冥想靜修處這裡，人們學習去相信自己。他們藉由學習如何將友誼會的理念最好地應用在生活上，來建立那份信念。」
0x04CA,Ian,Ian,,0x516,0,1,False,「這是為了將非成員擋在外面而設置的。在屏障內部，友誼會成員發現更容易聽到他們的內在聲音。每位成員都會拿到一把隨時可以使用的鑰匙。」
0x04CA,Ian,Ian,,0x5e1,0,1,False,「啊，但你不是真正的友誼會成員！你假冒佩戴著獎章。我不能讓你進去。再見。」
0x04CA,Ian,Ian,,0x652,0,1,False,「哦，你想和我們一起冥想嗎，兄弟？」
0x04CA,Ian,Ian,,0x689,0,1,False,「那這是你的鑰匙。保持快樂！哦，還有一件事。有一個規則必須遵守。」
0x04CA,Ian,Ian,,0x6f4,0,1,False,「哦。那我不能給你鑰匙。」
0x04CA,Ian,Ian,,0x71c,0,1,False,「你是友誼會成員嗎？」
0x04CA,Ian,Ian,,0x764,0,1,True,<VAR>必須去不列顛城和我們總部的巴特林談談。只有他能正式引導你加入友誼會。」
0x04CA,Ian,Ian,,0x7ce,0,1,False,「不要進入你在屏障內會發現的洞穴。這個洞穴對參加者是禁止進入的。」
0x04CA,Ian,Ian,,0x832,0,1,False,「唉，你剛好錯過他們了。我的好朋友 Elizabeth 和 Abraham 剛在這裡運送資金。我相信他們已經離開這裡去海盜巢穴 (Buccaneer's Den)了。」
0x04CA,Ian,Ian,,0x8e3,0,1,False,「我已經有一段時間沒見過他們了。」
0x04CA,Ian,Ian,,0x917,0,1,False,「再見。」
0x04CB,Cador,Cador,,0x40,0,1,False,你看到一個寬肩、神情莊重的男人。
0x04CB,Cador,Cador,,0x71_0x7e,0,1,True,「是的，<HONORIFIC>？」 Cador 說。
0x04CB,Cador,Cador,,0x92,0,1,False,男人和你握手。「我是 Cador 。」
0x04CB,Cador,Cador,,0xbe,0,1,False,「你的名字是？」
0x04CB,Cador,Cador,,0xd7,0,2,False,「什麼？你是說把那些石像鬼帶到我們寶貴土地上的人就是你？」他變得相當憤怒。
0x04CB,Cador,Cador,,0xd7,1,2,False,「惡魔的愛人！」
0x04CB,Cador,Cador,,0x162_0x17b,0,1,True,「很高興認識你，<HONORIFIC>。」
0x04CB,Cador,Cador,,0x182,0,1,False,「我負責監督不列顛尼亞礦業公司在 Vesper 的分部。我們開採許多不同的礦物。」
0x04CB,Cador,Cador,,0x203,0,1,False,「黃金和鉛。」
0x04CB,Cador,Cador,,0x219,0,1,False,「那是我們城鎮的名字。市政廳的 Liana 可以給你任何你可能需要的進一步資訊，但自從這裡的分部開設以來，我就和家人住在這裡。」
0x04CB,Cador,Cador,,0x2d9,0,1,False,「這是一個很棒的組織。他們舉辦許多慈善活動和特殊事件——遊行之類的。」他指著他的獎章。「如你所見，我是成員之一。我完全相信內在力量的三位一體 (Triad of Inner Strength) 。」
0x04CB,Cador,Cador,,0x3cd,0,1,False,「事實上，兩位友誼會官員剛剛才來過這裡。他們說在鎮上建立分會之前，了解城鎮的經濟運作很重要。你明白這意味著什麼嗎？」他自豪地笑著。「他們要在 Vesper 建立友誼會分部。」
0x04CB,Cador,Cador,,0x4d8,0,1,False,「那些是友誼會的三項基本原則：致力合一 (Strive for Unity) 、信賴你的兄弟 (Trust thy Brother) 以及價值先行於報償 (Worthiness Precedes Reward) 。」
0x04CB,Cador,Cador,,0x58f,0,1,False,「他們就是剛在這裡的兩名友誼會官員！他們只待了一兩分鐘。我不知道他們現在在哪裡。」
0x04CB,Cador,Cador,,0x60b,0,1,False,「我和 Mara 以及一隻名叫 Lap-Lem 的石像鬼一起工作。」
0x04CB,Cador,Cador,,0x661,0,1,False,「她是一名了不起的工人。比我一起採礦過的大多數男人都好。」
0x04CB,Cador,Cador,,0x6b9,0,1,False,「嗯，對於一隻石像鬼來說，他不算太懶惰。他比那個離開的 Anmanivas 工作努力得多。但如果我們不是需要人手，我很樂意讓他走。」
0x04CB,Cador,Cador,,0x76a,0,1,False,「她在市政廳保管記錄。」
0x04CB,Cador,Cador,,0x78f,0,1,False,「是的，我的妻子 Yvella ，和我的女兒 Catherine 。」
0x04CB,Cador,Cador,,0x7d3_0x7ec,0,1,True,「這是我的榮幸，<HONORIFIC>。」
0x04CC,Mara,Mara,,0x20,0,1,False,你看到一個肌肉發達的女人抬起頭，以承認你的存在。
0x04CC,Mara,Mara,,0x69_0x76,0,1,True,「是的，<HONORIFIC>？」
0x04CC,Mara,Mara,,0x7d,0,1,False,女人抓住你的手用力搖晃。「哈囉。我的名字是 Mara 。」
0x04CC,Mara,Mara,,0xc9,0,1,False,「你是誰？」
0x04CC,Mara,Mara,,0xdc,0,1,False,「聖者！」她憤怒地大喊。「你就是把那些可惡的石像鬼帶進我們美好土地的罪魁禍首！」
0x04CC,Mara,Mara,,0x156,0,1,False,「很高興見到你！」
0x04CC,Mara,Mara,,0x172,0,1,False,她自豪地展示肌肉，「我是 Vesper 的礦工。」
0x04CC,Mara,Mara,,0x1b5,0,1,False,「這裡以前是個令人愉快的城鎮，」她環顧四周，顯然在檢查是否有人在附近，「直到石像鬼變得如此不受控制。現在我們大多數人必須花太多時間擔心石像鬼什麼時候會決定要殺我們。」
0x04CC,Mara,Mara,,0x2c0,0,1,False,她聳聳肩。「沒什麼好說的，只能說他們是個威脅。沒有他們，這個鎮會好得多。」
0x04CC,Mara,Mara,,0x330,0,1,False,「嗯，我知道 Cador 的想法和我一樣，他的妻子也是。我聽說鎮長對他們表達了擔憂。我不太了解他的書記員 Liana 。」
0x04CC,Mara,Mara,,0x3e6,0,1,False,「Yvella 是個可愛的女人。她每天照顧她們的女兒 Catherine 。」
0x04CC,Mara,Mara,,0x438,0,1,False,「我只見過她幾次。我不夠了解她所以不能這麼說，但我覺得她對某件事感到生氣，因為她總是心情不好。」
0x04CC,Mara,Mara,,0x4c9,0,1,False,「他負責管理礦區。工作也做得不錯。他通常會和我一起在鍍金蜥蜴 (Gilded Lizard) 喝酒。」
0x04CC,Mara,Mara,,0x55e,0,1,False,「他的名字是 Auston 。我喜歡他，但我懷疑真正讓 Vesper 保持秩序的是 Liana 。」
0x04CC,Mara,Mara,,0x5c7,0,1,False,「那是 Vesper 這裡的酒館。 Yongi 是酒保。他倒的麥酒還算過得去。」
0x04CC,Mara,Mara,,0x622,0,1,False,Mara 握著你的手並拍拍你的背，說道：「再會，朋友！」
0x04CD,Zaksam,Zaksam,,0x15,0,1,False,一個強壯有力的人看著你，點頭致意。
0x04CD,Zaksam,Zaksam,,0x49,0,1,False,「我能為你做什麼？」 Zaksam 問。
0x04CD,Zaksam,Zaksam,,0x76,0,1,False,「我是 Zaksam ，」他驕傲地說。
0x04CD,Zaksam,Zaksam,,0xa0,0,1,False,「我教導別人成為強大的戰士。我是 Vesper 的訓練師。」
0x04CD,Zaksam,Zaksam,,0xf9,0,1,False,「我在這裡教了很多年了。我喜歡這個城鎮，但我不太喜歡某些居民。」
0x04CD,Zaksam,Zaksam,,0x168,0,1,False,「東北方的土地有點乾燥，但綠洲和附近的海岸給了我們充足的飲用和洗浴水源。」
0x04CD,Zaksam,Zaksam,,0x1d8,0,1,False,「我們大多數人都是受人尊敬的，但有幾個人讓我感到懷疑。例如 Blorn 和鎮長。
0x04CD,Zaksam,Zaksam,,0x250,0,1,False,「不是我不信任他。我只是懷疑他管理城鎮的能力。他的名字是 Auston 。你去跟他談談，看看你怎麼想。更好的話，去跟他的書記員 Liana 談談。」
0x04CD,Zaksam,Zaksam,,0x311,0,1,False,「那個人我一點也不喜歡。我不信任他。他讓我想到那些石像鬼。」
0x04CD,Zaksam,Zaksam,,0x376,0,1,False,「有什麼好說的，只能說別讓他們靠得太近，否則他們會搶劫你。隨時他們都可能試圖使用暴力接管這個城鎮。鎮長親自要求我在必要時戰鬥。雖然我不怕死，但那是一場我不期待的戰鬥。」
0x04CD,Zaksam,Zaksam,,0x481,0,1,False,「我聽說有些居民，被那些可悲的生物偷了東西。」
0x04CD,Zaksam,Zaksam,,0x4c7,0,1,False,「你肯定知道，所有石像鬼都容易產生毫無理智的暴力行為。期待他們為了自己的私利而使用暴力是很自然的。」
0x04CD,Zaksam,Zaksam,,0x55e,0,1,False,「我可以以 40 金幣訓練你。可以嗎？」
0x04CD,Zaksam,Zaksam,,0x593_0x5a9,0,1,True,「也許下次吧，<HONORIFIC>。」
0x04CD,Zaksam,Zaksam,,0x5b0_0x5e1,0,1,True,「等我在訓練大廳時就可以訓練你，<HONORIFIC>。請在營業時間隨時來找我。」
0x04CD,Zaksam,Zaksam,,0x60c,0,1,False,「願你的力量成為你的指引。」
0x04CE,Eldroth,Eldroth,,0x15,0,1,False,一個非常整潔、修飾整齊、和藹可親的男人站在你面前。
0x04CE,Eldroth,Eldroth,,0x61_0x6e,0,1,True,「你好，<HONORIFIC>。我能怎麼幫助你？」
0x04CE,Eldroth,Eldroth,,0x8d_0x11b,0,1,True,他對你微笑。「啊，太好了。你不害怕問問題。記住，沒有愚蠢的問題，只有笨問題。我的名字是 Eldroth ，<HONORIFIC>。」
0x04CE,Eldroth,Eldroth,,0x122_0x1a9,0,1,True,「我的朋友，我是物資商人。而且，恕我直言，我也是 Vesper 的顧問。或許有一天我能給你一些建議，<HONORIFIC>。請記住，那些殺不死我們的，會讓我們受傷。」
0x04CE,Eldroth,Eldroth,,0x1fa_0x207,0,1,True,「是的，<HONORIFIC>，這個鎮上充滿了我曾給予建議的出色人們。」
0x04CE,Eldroth,Eldroth,,0x255,0,1,False,「早睡早起，讓傑克變成一個無聊的男孩。」
0x04CE,Eldroth,Eldroth,,0x292,0,1,False,「你想買點東西。很好。但記住，省下一枚金幣就是不花一枚金幣。」
0x04CE,Eldroth,Eldroth,,0x2f0_0x11b,0,1,True,「也許你可以等到我店鋪營業的時候，<HONORIFIC>。」
0x04CE,Eldroth,Eldroth,,0x324,0,1,False,「你想知道誰的事？Auston？石像鬼們？Liana？Cador？或許是 Yongi？」
0x04CE,Eldroth,Eldroth,,0x3ad,0,1,False,「Liana 是位非常好的年輕女子，在市政廳擔任書記員。」
0x04CE,Eldroth,Eldroth,,0x3f9,0,1,False,「他是 Glided Gizzard 的酒保。」他停了下來，搖搖頭，然後糾正自己。「我是說 Lilded Lizard ，」他皺著眉頭。「不，是鍍金蜥蜴 (Gilded Lizard) 。對，就是那個！」
0x04CE,Eldroth,Eldroth,,0x4cc,0,1,False,「Cador 監督礦區。他和他的妻子 Yvella 有個可愛的女兒叫 Catherine 。」
0x04CE,Eldroth,Eldroth,,0x528_0x562,0,1,True,「鎮長？我以為你現在應該已經見過他了，<HONORIFIC>。他做得非常好。你可能沒有意識到，」他紅著臉說，「但當初是我建議他去競選這個職位的。」
0x04CE,Eldroth,Eldroth,,0x5e4_0x69e,0,1,True,「我擔心他們會發動暴動。我知道 Auston 也有同樣的想法，因為最近他找我尋求準備這種事件的指導。我會像警告他一樣警告你。永遠記住，<HONORIFIC>，最好的防禦就是好的防禦！」
0x04CE,Eldroth,Eldroth,,0x6c9_0x6d6,0,1,True,「再會，<HONORIFIC>。永遠別忘了，下雨時草總是比較綠。」
0x04CF,Yongi,Yongi,,0x1c,0,1,False,「啊，我的好朋友， Dupre 。今天這麼好的天氣，我能為你做什麼？」
0x04CF,Yongi,Dupre,,0x78,0,1,False,「啊， Yongi 大師，總是準備好提供你最好的一杯。」
0x04CF,Yongi,Yongi,,0xbf,0,1,False,在吧台服務的是一個看起來很愉快的人。「歡迎來到鍍金蜥蜴 (Gilded Lizard) 。」
0x04CF,Yongi,Yongi,,0x128,0,1,False,「歡迎回到鍍金蜥蜴 (Gilded Lizard) 。我能為你做什麼？」 Yongi 問。
0x04CF,Yongi,Yongi,,0x180_0x19d,0,1,True,「我的名字是 Yongi ，<HONORIFIC>。」
0x04CF,Yongi,Yongi,,0x1a4,0,1,False,「而你是？」
0x04CF,Yongi,Yongi,,0x1b7_0x1c4,0,1,True,「是的，<HONORIFIC>。你說得對。如果你不想告訴我，我一點也不介意。」他眨了眨眼。
0x04CF,Yongi,Yongi,,0x21f_0x19d,0,1,True,「歡迎來到我的酒館，<PLAYER_NAME>。」
0x04CF,Yongi,Yongi,,0x23e_0x251,0,1,True,「你說得對，<HONORIFIC>。沒有必要告訴任何人你的名字。」
0x04CF,Yongi,Yongi,,0x282,0,1,False,「為什麼，我管理我的酒吧。而且借我的耳朵給客人，」他補充道，摸了摸他的右耳以示強調。
0x04CF,Yongi,Yongi,,0x316,0,1,False,「哎呀，我不想住在其他地方。當然，如果我們能擺脫那些豺狼，石像鬼，這個鎮會更好。」
0x04CF,Yongi,Yongi,,0x39c,0,1,False,「石像鬼！他們怎麼了？他們是這片偉大土地上爬行過的最卑鄙、最邪惡、最殘酷、最可鄙的東西。我強烈建議你遠離他們。我只能想像如果沒有石像鬼，這會是個多麼美好的城鎮。當然，我知道那些狗可能也在這麼說我們。每個人都知道他們總有一天晚上會來在我們睡夢中殺光我們。」
0x04CF,Yongi,Yongi,,0x51a,0,1,False,「為什麼，就在前幾天，其中一個攻擊了 Blorn 。去吧，問問他這件事。」
0x04CF,Yongi,Yongi,,0x582,0,1,False,「嗯，我在 Vesper 真正認識的只有我的常客： Cador 、 Mara 和 Blorn 。你可能會想和鎮長 Auston ，或他的書記員 Liana 談談。啊，現在那裡有一位年輕漂亮的女孩。」他對你眨了眨眼。
0x04CF,Yongi,Yongi,,0x679,0,1,False,「他以前每晚都會來這裡，直到他在一場鬥毆中被殺。」酒保說話時瞇起了眼睛。
0x04CF,Yongi,Yongi,,0x6e6,0,1,False,「他每天下班後都在這裡。好人，工作努力。」
0x04CF,Yongi,Yongi,,0x726,0,1,False,「她和 Cador 在礦區工作。她比大多數男人更有男子氣概，那個人就是。而且她也死得像個男人——在酒館的鬥毆中！」他懷疑地看著你說。
0x04CF,Yongi,Yongi,,0x7df,0,1,False,「她和 Cador 在礦區工作。那個人堅如磐石。她比鎮上大多數男人都更有男子氣概。」
0x04CF,Yongi,Yongi,,0x850,0,1,False,「有一個人明白事理。他知道這個城鎮出了什麼問題！石像鬼！這就是問題所在。他恨他們，他真的很恨。」
0x04CF,Yongi,Yongi,,0x8e1,0,1,False,「不久前他甚至被那些豺狼之一給搭訕了。去問問他這件事吧，你怎麼不去問問呢。」
0x04CF,Yongi,Yongi,,0x954,0,1,False,「你想要食物還是飲料？」
0x04CF,Yongi,Yongi,,0x987,0,1,False,「願道路平坦迎接你！」
0x04D0,Blorn,Blorn,,0x15,0,1,False,你面前的男人看到你時，眼睛瞇成了一條縫。
0x04D0,Blorn,Blorn,,0x52,0,1,False,Blorn 沉重地嘆了口氣。「你現在為什麼要來煩我？」
0x04D0,Blorn,Blorn,,0xba,0,1,False,「Blorn ，如果你非得知道的話。」
0x04D0,Blorn,Blorn,,0xe8,0,1,False,「我想我不想告訴你。」
0x04D0,Blorn,Blorn,,0x10a,0,2,False,他喉嚨裡發出一聲低吼。
0x04D0,Blorn,Blorn,,0x10a,1,2,False,「那些該死的石像鬼怎麼了？別告訴我你是個熱愛石像鬼的人。」
0x04D0,Blorn,Blorn,,0x185,0,1,False,「你真噁心，豬玀！」他吐痰在你的靴子上。
0x04D0,Blorn,Blorn,,0x1c3_0x2ba,0,4,True,「那很好，我的朋友。」
0x04D0,Blorn,Blorn,,0x1c3_0x2ba,1,4,True,突然間，他臉上似乎閃過一絲靈感。
0x04D0,Blorn,Blorn,,0x1c3_0x2ba,2,4,True,「也許你能幫我。如你毫無疑問所知，不久前我遭到了一隻殘忍石像鬼的攻擊。他差點要了我的命！
0x04D0,Blorn,Blorn,,0x1c3_0x2ba,3,4,True,這將是極大的榮幸，<HONORIFIC>，如果你同意為我報仇！你願意嗎？」
0x04D0,Blorn,Blorn,,0x2ee_0x2fe,0,1,True,「謝謝你，<HONORIFIC>，謝謝你。但我必須警告你，他是一隻非常暴力的石像鬼。他的名字是 Lap-Lem ，意思是『人類殺手』。而且，不要提到我的名字，因為他比任何人類都更恨我，如果你提到我的名字，他肯定會無故攻擊你。」
0x04D0,Blorn,Blorn,,0x410_0x41d,0,1,True,「好吧，<HONORIFIC>。你不過是個懦夫。」他搖了搖頭。
0x04D0,Blorn,Blorn,,0x44e,0,1,False,他瞪了你一會兒，然後聳聳肩，嘟囔著：「又不是他誠實賺來的什麼的……」
0x04D0,Blorn,Blorn,,0x4b5,0,1,False,「拿去！我希望這勒死他！」他把護身符塞進你手裡。「我也希望他該死地勒死你！」
0x04D0,Blorn,Blorn,,0x528,0,1,False,「你甚至沒有空間放它！走開，你這個豺狼之子！」
0x04D0,Blorn,Blorn,,0x56f,0,1,False,「你殺了那隻豺狼？」
0x04D0,Blorn,Blorn,,0x58e,0,1,False,「太棒了！你真的是值得信賴的朋友。謝謝你的協助！」他對你咧嘴一笑。
0x04D0,Blorn,Blorn,,0x5f2,0,1,False,「嗯，我相信你很快就會有時間的，因為他肯定會再朝這邊來攻擊我。」
0x04D0,Blorn,Blorn,,0x653,0,1,False,他微微點頭並低哼了一聲，然後回到他的事情上。
0x04D1,Auston,Auston,,0x2b,0,1,False,你看到一個眉頭緊鎖的中年男子，彷彿他一直在擔憂。
0x04D1,Auston,Auston,,0x74_0x90,0,1,True,「我能怎麼幫助你，<HONORIFIC>？」
0x04D1,Auston,Auston,,0x97,0,1,False,「請叫我 Auston。」
0x04D1,Auston,Auston,,0xb1,0,1,False,他嘆了口氣才回答。「我是 Vesper 的鎮長。」
0x04D1,Auston,Auston,,0xf4_0x128,0,1,True,「過去這裡是個宜人的地方。但現在，<HONORIFIC>，我們的人民和那些石像鬼之間的動亂造成了許多問題。」
0x04D1,Auston,Auston,,0x185,0,1,False,「我擔心石像鬼可能會變得不安並攻擊我們。 Blorn 並沒有幫上忙。」他指著自己的胸口。「我負責維持這裡的秩序。如果沒有秩序，那就是我的責任。我已經問過 Eldroth 如果發生暴動該怎麼辦，我正在嘗試制定相應的計劃。」
0x04D1,Auston,Auston,,0x2c8_0x2ed,0,1,True,「我和你一樣不信任他們，<PLAYER_NAME>，但在官方層面上，他們也是公民。恐怕有一天他們會試圖以武力奪取城鎮的控制權。」
0x04D1,Auston,Auston,,0x369,0,1,False,「她是我的書記員。她非常有效率。沒有她，我無法治理 Vesper 。」
0x04D1,Auston,Auston,,0x3ff_0x463,0,2,True,「我盡可能與盡多市民保持聯繫，但我並不是非常了解所有人。我認識 Cador<VAR>自從不列顛尼亞礦業公司地方分部開設以來，就一直負責該分部。他與 Yvella 結婚了。我相信他們是那個友誼會組織的成員。
0x04D1,Auston,Auston,,0x3ff_0x463,1,2,True,「當然，還有 Eldroth ，還有一位訓練師，以及 Yongi 。還有，」他皺著眉頭補充最後一個，「Blorn 。另外，你應該跟 Liana 談談。她認識一些我不認識的人。恐怕我對每個人的了解不如我應該有的那麼多。」
0x04D1,Auston,Auston,,0x627,0,2,False,「我以為你會知道。」他撫摸著鬍鬚。
0x04D1,Auston,Auston,,0x627,1,2,False,「Cador 在鍍金蜥蜴 (Gilded Lizard) 的一場戰鬥中被殺。這是 Vesper 首次發生這種行為。相當奇怪。」
0x04D1,Auston,Auston,,0x6dc,0,1,False,「Eldroth 擔任我們的顧問。他一直在為我們鎮上的人們提供建議……嗯，比我能記得的時間還長。他擁有一家物資商店。」
0x04D1,Auston,Auston,,0x77e,0,1,False,「Zaksam 是我們的訓練師。他可以教你如何更好地保護自己。如果石像鬼惹事，我很慶幸他會保護我們這邊。」
0x04D1,Auston,Auston,,0x810,0,1,False,「他在酒館供應飲料。許多人稱他為沙漠這一側最好的酒保。來自全不列顛尼亞的人都來找他談話，」他自豪地說。
0x04D1,Auston,Auston,,0x8aa,0,1,False,「我不確定該怎麼看他。我不知道他以什麼為生，但我知道石像鬼比恨我們其他人更恨他。我很害怕會發生什麼事，因為很明顯他也對他們抱有同樣的感覺。」
0x04D1,Auston,Auston,,0x97d,0,1,False,「他們是友誼會成員。他們剛剛來到這裡是為了看看在 Vesper 設立分部的事。我想我們會允許的。我相信這對夫婦已經前往 Moonglow 了。他們說他們正在前往那裡為當地的分部負責人進行培訓課程。但我知道他們在出城的路上會停在不列顛尼亞礦業公司的分部。我不知道為什麼。」
0x04D1,Auston,Auston,,0xaef,0,1,False,「我已經很多很多天沒見到那對友誼會夫婦了。我不知道他們現在會在哪裡。」
0x04D1,Auston,Auston,,0xb59_0xb66,0,1,True,「再見，<HONORIFIC>。」
0x04D2,Liana,Liana,,0x15,0,1,False,你看到一個個子不高的女人，臉上帶著心不在焉的表情。
0x04D2,Liana,Liana,,0x61,0,1,False,「你在擔心什麼？」
0x04D2,Liana,Liana,,0x7d,0,1,False,這位女士停下手邊的工作，轉過頭來看你，回答道：「我的名字是 Liana 。」
0x04D2,Liana,Liana,,0xe2,0,1,False,「我是鎮長的書記員。我負責記錄 Vesper 的官方記錄和文件。」
0x04D2,Liana,Liana,,0x144,0,1,False,「我喜歡這個城鎮，但它離不列顛城太遠了，以至於吸引了一些真正……不尋常的人。」
0x04D2,Liana,Liana,,0x1ce,0,1,False,「我在非官方身分上尊重 Auston 。但是，」她挑起眉毛補充道，「作為一名鎮長，他太沒有骨氣了。他害怕在任何問題上選邊站。我不認為他當初應該自願參選。」
0x04D2,Liana,Liana,,0x2a6,0,1,False,「嗯，有幾個奇怪的人： Mara 和 Yongi 。還有 Blorn ——他是個刻薄的人，還有……嗯……當然，還有 Eldroth 。而且，」她打了個寒顫說，「還有石像鬼。」
0x04D2,Liana,Liana,,0x395,0,1,False,「既然她已經走了，我對我說過的話感到抱歉。太可惜她死在那場酒吧鬥毆中了。」
0x04D2,Liana,Liana,,0x405,0,1,False,「Mara ？她需要學習如何表現得像個女人。她那男人般的態度騙不了任何人。」
0x04D2,Liana,Liana,,0x46e,0,1,False,「Yongi 不過是個酒鬼。他開酒館的唯一原因，就是有藉口以批發價大量購買酒精飲料。不要問他關於石像鬼的事，除非你想讓他對你喋喋不休。他幾乎和 Blorn 一樣恨他們！」
0x04D2,Liana,Liana,,0x554,0,1,False,「我想他人很好，但他也是個老糊塗。我不認為他有腦子已經超過十年了。」
0x04D2,Liana,Liana,,0x5bb,0,1,False,「如果我見過的話，他就是個惹事生非的傢伙和小偷。如果他知道什麼對他最好的話，他應該考慮離開這個城鎮——快點。不過，有一件事我倒是很欣賞他——他比任何人都恨石像鬼！」
0x04D2,Liana,Liana,,0x6b2,0,1,False,「那對你來說就是個噁心的生物。我覺得以前我們叫他們惡魔 (daemons) 的時候名字取得更好！」
0x04D2,Liana,Liana,,0x730,0,1,False,「事實上……」她遞給你一張紙。
0x04D2,Liana,Liana,,0x75e,0,1,False,「嗯，有 Cador 、 Yvella 和 Zaksam ——那些是正常人。」
0x04D2,Liana,Liana,,0x7ba,0,1,False,「他是訓練師。據我所知是個相當好的戰士。」
0x04D2,Liana,Liana,,0x7fa,0,1,False,「太可惜他死了。我聽過許多人稱讚他在礦區作為領導者的能力。」
0x04D2,Liana,Liana,,0x85f,0,1,False,「Cador 是這裡 Vesper 的不列顛尼亞礦業公司分部的負責人。」
0x04D2,Liana,Liana,,0x8b0,0,1,False,「他在 Yongi 的酒館裡的一場殘忍屠殺中被殺。沒有人真正知道發生了什麼事，但我想許多喝酒的人都是這樣迎來死亡的。」她聳了聳肩。
0x04D2,Liana,Liana,,0x966,0,1,False,「她是 Cador 的妻子。」
0x04D2,Liana,Liana,,0x986,0,1,False,她對你點點頭，然後回到她的事情上。
0x04D3,Lap Lem,Lap Lem,,0x15,0,1,False,這隻石像鬼以微笑迎接你。
0x04D3,Lap Lem,Lap Lem,,0x3a,0,1,False,「很高興再次見到你，人類。」 Lap-Lem 微笑著。
0x04D3,Lap Lem,Lap Lem,,0x87,0,1,False,「被你稱為 Lap-Lem 。」
0x04D3,Lap Lem,Lap Lem,,0xb4,0,1,False,「意思是『岩石之人 (rock one) 』。」
0x04D3,Lap Lem,Lap Lem,,0xe5,0,1,False,「是礦工。現在是這個鎮上我族唯一的礦工。」
0x04D3,Lap Lem,Lap Lem,,0x143,0,1,False,「知道許多石像鬼在其他礦區工作，但看到 Vesper 的礦區現在只有人類。」
0x04D3,Lap Lem,Lap Lem,,0x1a6,0,2,False,「被稱作 Vesper 。是除了不列顛城的部分地區之外，唯一一個石像鬼和人類共同生活的地方。告訴你這裡有更多的衝突。」他嘆了口氣。
0x04D3,Lap Lem,Lap Lem,,0x1a6,1,2,False,「想知道 Terfin 是否會是維持家園更好的選擇。」
0x04D3,Lap Lem,Lap Lem,,0x2ab,0,1,False,「看到人類對我們的敵意增加。可悲的是，也看到許多石像鬼開始表現出同樣的情緒。希望情況永遠不會演變成暴力。」
0x04D3,Lap Lem,Lap Lem,,0x34b,0,1,False,「是石像鬼的家鄉城市。在兩百年前法典 (Codex) 被放置在虛空中，石像鬼無處居住時所建立。雖然沒有禁止，但沒有人類居住在那裡。」
0x04D3,Lap Lem,Lap Lem,,0x400,0,2,False,「告訴你還有另一個—— Anmanivas 。因為種族仇恨而離開了。現在整天和兄弟 Foranamo 坐在酒館裡。為 Anmanivas 和他兄弟感到難過，但需要工作。」他聳聳肩。
0x04D3,Lap Lem,Lap Lem,,0x400,1,2,False,「忍受仇恨。」
0x04D3,Lap Lem,Lap Lem,,0x4e6,0,1,False,「知道這起事件？
0x04D3,Lap Lem,Lap Lem,,0x4ff,0,1,False,「對攻擊感到非常抱歉，但那是為了保護所有物。」他低下頭，彷彿感到羞愧。
0x04D3,Lap Lem,Lap Lem,,0x569,0,1,False,「感到羞恥。只希望能從人類那裡要回我的所有物。」
0x04D3,Lap Lem,Lap Lem,,0x5bc,0,1,False,「曾擁有一個有情感價值的護身符。被人類偷走了。」他低頭看著腳。「想要拿回來。」
0x04D3,Lap Lem,Lap Lem,,0x632,0,1,False,「帶著護身符回來了？」
0x04D3,Lap Lem,Lap Lem,,0x654,0,2,False,當你把珠寶還給他時，他咧嘴大笑。
0x04D3,Lap Lem,Lap Lem,,0x654,1,2,False,「感謝你，人類！成為你們種族的榜樣！」
0x04D3,Lap Lem,Lap Lem,,0x6c0,0,1,False,「哦。沒有把護身符帶在身上。」他振作起來並笑了。「稍後帶著護身符回來！」
0x04D3,Lap Lem,Lap Lem,,0x72d,0,1,False,「希望能很快再見到你。」
0x04D4,Yvella,Yvella,,0x3a_0x7f,0,2,True,你看到的這位主婦臉上帶著擔憂的表情。
0x04D4,Yvella,Yvella,,0x3a_0x7f,1,2,True,「日安，<HONORIFIC>。我是 Yvella 。」她屈膝行禮。「我能知道你的名字嗎？」
0x04D4,Yvella,Yvella,,0xcd_0xe6,0,1,True,「很高興認識你，<PLAYER_NAME>。」
0x04D4,Yvella,Yvella,,0xed_0x103,0,1,True,「好了，好了，<HONORIFIC>，你不應該這樣撒謊。」
0x04D4,Yvella,Yvella,,0x125_0xe6,0,1,True,「日安，<PLAYER_NAME>。」
0x04D4,Yvella,Yvella,,0x132_0xe6,0,1,True,「我是 Yvella ，<HONORIFIC>。」
0x04D4,Yvella,Yvella,,0x147,0,1,False,「在 Cador 工作的時候，我照顧我的女兒 Catherine 。」
0x04D4,Yvella,Yvella,,0x19d,0,1,False,「你沒聽過友誼會嗎？它是個很棒的組織。他們舉辦遊行和節慶，甚至為全不列顛尼亞的無家可歸者建造了庇護所。我的丈夫一段時間前得知了他們，從那之後我們就一直是快樂的成員。」
0x04D4,Yvella,Yvella,,0x29e,0,2,False,「Cador 是我的丈夫。他是這裡 Vesper 的不列顛尼亞礦業公司的監督。我不敢相信他已經走了，」她啜泣著。
0x04D4,Yvella,Yvella,,0x29e,1,2,False,「我一次又一次地告訴他，酒館不是個消磨夜晚的好地方。而現在，他死了，留下我和 Catherine 沒有丈夫也沒有父親！」
0x04D4,Yvella,Yvella,,0x3cb,0,1,False,「Cador 是我的丈夫。他是這裡 Vesper 的不列顛尼亞礦業公司的監督。」
0x04D4,Yvella,Yvella,,0x428,0,1,False,「這個時間他通常在酒館。我真的希望他不要每晚都和那個……那個……女人去那裡！」
0x04D4,Yvella,Yvella,,0x4ac,0,1,False,「她的名字是 Mara 。她是一位礦工同僚。她人很好，但也非常美麗。我不喜歡我的丈夫花那麼多時間和她在一起。」
0x04D4,Yvella,Yvella,,0x546,0,1,False,「嗯，如果沒有那些……那些……石像鬼，這會是個可愛的城鎮。他們是令人作嘔的生物。我認為 Auston 應該把他們趕出城鎮。」
0x04D4,Yvella,Yvella,,0x602_0x6e0,0,1,True,「他是我們的鎮長。 Eldroth 建議我們選他，所以我們當然選了。然而，我們私下說，如果 Auston 不趕快做點什麼，我認為我們應該換個新人。事實上，你應該競選鎮長，<HONORIFIC>。你覺得如何？你想競選鎮長嗎？」
0x04D4,Yvella,Yvella,,0x711,0,1,False,「我同意，你應該考慮一下。」
0x04D4,Yvella,Yvella,,0x73c,0,1,False,「太可惜了。我相信你會非常適合這個職位。」
0x04D4,Yvella,Yvella,,0x784,0,1,False,「他是我們的城鎮顧問。 Eldroth 是個非常有智慧的人。他也賣物資。」
0x04D4,Yvella,Yvella,,0x7e2,0,1,False,「絕對可悲的野獸。謝天謝地，他們大多數人都留在綠洲的他們那一側。我不知道 Cador 怎麼受得了和他們一起工作。嗯，對他來說是這樣。那裡現在只有一個還在工作。」
0x04D4,Yvella,Yvella,,0x8c5,0,1,False,「給，」她說著在她的長袍裡摸索。最後，她找到了一張羊皮紙遞給你。
0x04D4,Yvella,Yvella,,0x926,0,1,False,「我擔心她。每天中午，她似乎都會消失幾個小時。她有這些愚蠢的想法，認為石像鬼是友善和可敬的。我怕她可能去了綠洲的另一邊。哦，我真希望不是。」
0x04D4,Yvella,Yvella,,0x9f9,0,1,False,「你知道我女兒中午去哪裡了嗎？」
0x04D4,Yvella,Yvella,,0xa2a,0,1,False,「你會告訴我嗎？」
0x04D4,Yvella,Yvella,,0xa46,0,1,False,在你告訴她之後，她回答：「我就知道！必須教那女孩一些常識。和那些卑劣的生物混在一起。想想看！」她搖了搖頭。
0x04D4,Yvella,Yvella,,0xae6,0,1,False,「如果她父親今天在這裡就好了，他會讓那個可惡的生物知道他的本分的！」
0x04D4,Yvella,Yvella,,0xb4d,0,1,False,「等著瞧，我這就去告訴她父親這件事！他和 Mara 肯定會處理這個情況的！」
0x04D4,Yvella,Yvella,,0xbb4_0xbc4,0,1,True,「謝謝你，<PLAYER_NAME>。我會立刻制止這件事！」
0x04D4,Yvella,Yvella,,0xbea_0xc2a,0,1,True,在你告訴她之後，她回答：「我懷疑那是真的，<HONORIFIC>，但我會調查這件事。我感謝你的關心。」
0x04D4,Yvella,Yvella,,0xc64_0xc95,0,1,True,"「走開，停止嘲弄我！你太殘忍了，<PLAYER_NAME>!"""
0x04D4,Yvella,Yvella,,0xc99,0,1,False,「哦，好吧。我感謝你的關心。」
0x04D4,Yvella,Yvella,,0xcc7_0xcda,0,1,True,「旅途愉快，<HONORIFIC>。」
0x04D5,Catherine,Catherine,,0x27,0,1,False,你看到面前有一個表情無憂無慮的年輕女孩。當她注意到你時，她的眼睛睜得很大，驚呼道：「你就是 For……我的其中一本故事書裡的那個人！你是聖者 ！」
0x04D5,Catherine,Catherine,,0xf9_0x109,0,1,True,「你好嗎，<HONORIFIC> 聖者 ？」她屈膝行禮。
0x04D5,Catherine,Catherine,,0x12a_0x14b,0,1,True,「我的名字是 Catherine ，<HONORIFIC> 聖者 。」
0x04D5,Catherine,Catherine,,0x15a_0x170,0,1,True,「我沒有職業，<HONORIFIC> 聖者 。我和父母一起住在 Vesper 這裡。」
0x04D5,Catherine,Catherine,,0x1bd_0x14b,0,1,True,「他是礦區的監督，<HONORIFIC> 聖者 。」
0x04D5,Catherine,Catherine,,0x1d9,0,1,False,「當然，他現在已經不在了……」她低頭看著自己的腳。
0x04D5,Catherine,Catherine,,0x225_0x232,0,1,True,「是的，<HONORIFIC> 聖者 。她現在就在那裡。」她指著，顯然是指她的家。
0x04D5,Catherine,Catherine,,0x27d_0x29f,0,1,True,「那是我們城市的名字，<HONORIFIC> 聖者 。如果你迷路了，你也許會想去跟鎮裡的書記員談談。」
0x04D5,Catherine,Catherine,,0x2f3_0x303,0,1,True,「對不起，<HONORIFIC> 聖者 ，我媽媽告訴我永遠不要跟陌生人說話。」她迅速轉身離開。
0x04D5,Catherine,Catherine,,0x35e,0,1,False,一滴淚水在她的臉頰上閃爍滑落。「他不在了。我——我父親因為他和說話而殺了他，而且——而且這都是你的錯！」她轉過身，啜泣著。
0x04D5,Catherine,Catherine,,0x417_0x424,0,1,True,「再見，<HONORIFIC> 聖者 。」
0x04D6,For Lem,For Lem,,0x1c,0,1,False,你看到一隻非常巨大、強壯的無翼石像鬼。
0x04D6,For Lem,For Lem,,0x56,0,1,False,「祝你日安，人類，」 For-Lem 說。
0x04D6,For Lem,For Lem,,0x84,0,1,False,「回答叫 For-Lem 。」
0x04D6,For Lem,For Lem,,0xa8,0,1,False,「意思是『強壯之人 (strong one) 』。」
0x04D6,For Lem,For Lem,,0xdb,0,1,False,「為別人做零工。也以書面形式記錄石像鬼的傳說。」
0x04D6,For Lem,For Lem,,0x132,0,1,False,「與 Lap-Lem 是朋友，並知道他是個好礦工。也認識 Ansikart ，在這個動盪的時代提醒我們奇點 (Singularity) 的存在。」
0x04D6,For Lem,For Lem,,0x1d7,0,1,False,「對人類感到憤怒。受到惡劣和輕蔑的對待。但不知道為什麼，」他聳聳肩。
0x04D6,For Lem,For Lem,,0x23e,0,1,False,「有許多關於我們種族的有趣故事。正在把它們寫下來給後代子孫。」
0x04D6,For Lem,For Lem,,0x2aa,0,1,False,「有許多聖者 與我們種族相遇前激動人心的神話。與人類分享英雄的概念，但我們有著來自自己歷史的不同的英雄。」
0x04D6,For Lem,For Lem,,0x348,0,1,False,「為石像鬼青年的未來感到擔憂。告訴你他們對自己的傳統知之甚少。覺得教導他們以及他們後代的習俗與歷史是很重要的。」
0x04D6,For Lem,For Lem,,0x3f1,0,4,False,擔憂的神情迅速出現在他的臉上。
0x04D6,For Lem,For Lem,,0x3f1,1,4,False,「是談論人類女孩 Catherine 嗎？對她沒有惡意。」他伸出雙手。
0x04D6,For Lem,For Lem,,0x3f1,2,4,False,「只在白天為她讀石像鬼神話。是她要求的！」他的眼睛睜大了。
0x04D6,For Lem,For Lem,,0x3f1,3,4,False,「要求你不要告訴她的父母，因為他們會懲罰她。」他看起來充滿希望。「不說出去，同意嗎？」
0x04D6,For Lem,For Lem,,0x550,0,1,False,「做出了正確的決定。」他看起來鬆了一口氣。「感謝你，人類。」他笑了。
0x04D6,For Lem,For Lem,,0x5b7,0,2,False,「犯了一個錯誤。」他顯得很失望。「讓那女孩因為我而受罰。」他搖搖頭。
0x04D6,For Lem,For Lem,,0x5b7,1,2,False,「感到有責任。非常難過。」
0x04D6,For Lem,For Lem,,0x647,0,1,False,「對你說再見，人類。」
0x04D7,Ansikart,Ansikart,,0x15,0,1,False,這只有翼石像鬼散發著非常平靜的氣息。當他第一眼看到你時，臉上露出了認出你的微笑。「致上問候，聖者 。」
0x04D7,Ansikart,Ansikart,,0xad,0,1,False,「問如何幫助你？」
0x04D7,Ansikart,Ansikart,,0xc9,0,1,False,「被稱作 Ansikart 。」
0x04D7,Ansikart,Ansikart,,0xef,0,1,False,「意思是『反乾燥大師 (anti-dry-master) 』。」
0x04D7,Ansikart,Ansikart,,0x12a,0,1,False,「為他人提供食物和飲料。」
0x04D7,Ansikart,Ansikart,,0x163,0,1,False,「道歉，但要求你等我營業時再來。」
0x04D7,Ansikart,Ansikart,,0x197,0,1,False,「認識 Vesper 裡所有的石像鬼。想知道特定的某個嗎？」
0x04D7,Ansikart,Ansikart,,0x1e2,0,1,False,「或許想要資訊，關於物資商人或賢者？
0x04D7,Ansikart,Ansikart,,0x22a,0,1,False,「警告你許多人對他們遭受的不佳對待抱有怨恨。請小心。」
0x04D7,Ansikart,Ansikart,,0x283,0,1,False,「是一個充滿仇恨的城鎮——人類恨我們，而且知道許多人也恨他們，特別是 Anmanivas 和 Foranamo 。這不是件好事。」他顯得有些悲傷。
0x04D7,Ansikart,Ansikart,,0x348,0,1,False,「名叫 Wis-Sur 。」
0x04D7,Ansikart,Ansikart,,0x361,0,1,False,「是一位偉大的智者，知識淵博。」
0x04D7,Ansikart,Ansikart,,0x392,0,1,False,「曾經是一位偉大的智者。現在變得偏執且隱居。為 Wis-Sur 感到惋惜。」
0x04D7,Ansikart,Ansikart,,0x3f3,0,1,False,「是 Aurvidlem 。最近變得悶悶不樂，但不知道為什麼。」
0x04D7,Ansikart,Ansikart,,0x446,0,1,False,「是鎮上的勞工。」
0x04D7,Ansikart,Ansikart,,0x46a,0,2,False,「在這裡的礦業公司採礦。是這裡唯一還在採礦的石像鬼。」他點點頭。
0x04D7,Ansikart,Ansikart,,0x46a,1,2,False,「非常寬容，就像 For-Lem 一樣。」
0x04D7,Ansikart,Ansikart,,0x501,0,1,False,「現在只和恨他、貶低他的人類一起工作。然而，儘管如此還是繼續工作。對人類的不寬容相當寬容。」他點點頭，彷彿在強調他的觀點。
0x04D7,Ansikart,Ansikart,,0x5c9,0,2,False,「就在這個酒館被你殺了。不記得了嗎？
0x04D7,Ansikart,Ansikart,,0x5c9,1,2,False,這雖然是他的錯，但還是要告訴你，我對他和他的兄弟感到懊悔。」
0x04D7,Ansikart,Ansikart,,0x672_0x723,0,2,True,「曾和 Lap-Lem 一起在礦區工作，但最近才剛離開。」他搖搖頭。
0x04D7,Ansikart,Ansikart,,0x672_0x723,1,2,True,「他痛恨在那裡工作，以及住在綠洲另一邊的人類。他們太過暴力。<VAR> 不再被允許到另一側。」
0x04D7,Ansikart,Ansikart,,0x746_0x7cc,0,1,True,「是 Anmanivas 的兄弟，且由同一個父母撫養長大。和 Anmanivas 一樣憎恨人類，並且，」他嘆了口氣，「<VAR> 不再被允許拜訪人類那一側。」
0x04D7,Ansikart,Ansikart,,0x7f8,0,1,False,「希望你能再次為我們的人民帶來和平，聖者 。」
0x04D8,Wis Sur,Wis Sur,,0x15,0,1,False,你看到一只有翼石像鬼，帶著權威的氣質。
0x04D8,Wis Sur,Wis Sur,,0x4f,0,1,False,「為你提供歡迎，人類，」 Wis-Sur 說。
0x04D8,Wis Sur,Wis Sur,,0x83,0,1,False,你面前的這只有翼石像鬼有著狂野的神情。
0x04D8,Wis Sur,Wis Sur,,0xbd,0,1,False,「走開，人類！沒有你想要的東西！」 Wis-Sur 尖叫著。
0x04D8,Wis Sur,Wis Sur,,0x106,0,1,False,「名叫 Wis-Sur ，意思是『智慧的太陽』。」
0x04D8,Wis Sur,Wis Sur,,0x140,0,1,False,「向他人販售魔法。」
0x04D8,Wis Sur,Wis Sur,,0x170,0,1,False,「對法術、魔法藥材或藥水感興趣？」
0x04D8,Wis Sur,Wis Sur,,0x1b9,0,1,False,「只熟悉 Vesper 裡的其他石像鬼。告訴你去問 Ansikart ，他認識這裡所有的石像鬼。告訴你關於以下其中一項？」
0x04D8,Wis Sur,Wis Sur,,0x271,0,1,False,「是 Vesper 的物資商人。」
0x04D8,Wis Sur,Wis Sur,,0x295,0,1,False,「為城鎮執行各種職責。是個優秀、強壯的工人。」
0x04D8,Wis Sur,Wis Sur,,0x2db,0,1,False,「是不列顛尼亞礦業公司的礦工。」
0x04D8,Wis Sur,Wis Sur,,0x2db,0,1,False,「是不列顛尼亞礦業公司的礦工。」
0x04D8,Wis Sur,Wis Sur,,0x30c,0,1,False,「道別，人類。」
0x04D8,Wis Sur,Wis Sur,,0x326,0,1,False,「想知道你為什麼想知道。」
0x04D8,Wis Sur,Wis Sur,,0x34f,0,1,False,「賣我擁有的少量物品。」
0x04D8,Wis Sur,Wis Sur,,0x37b,0,2,False,「想買東西？」他仔細打量你，彷彿不確定是否要賣給你。
0x04D8,Wis Sur,Wis Sur,,0x37b,1,2,False,「可能可以，」他點點頭說。「問你需要什麼？」
0x04D8,Wis Sur,Wis Sur,,0x418,0,1,False,「懷疑你在浪費我的時間！」
0x04D8,Wis Sur,Wis Sur,,0x440,0,1,False,「你離開是件好事。」
0x04D9,Anmanivas,Anmanivas,,0xb,0,1,False,這隻石像鬼的仇恨如此強烈，以至於他抵抗了法術。
0x04D9,Anmanivas,Anmanivas,,0x67,0,1,False,石像鬼盯著你，對被打斷感到不悅。
0x04D9,Anmanivas,Anmanivas,,0x98,0,1,False,「沒有意願告訴你。要求知道你是誰！」
0x04D9,Anmanivas,Anmanivas,,0xcf,0,1,False,當這隻石像鬼抬頭看你時，憤怒閃過他的臉龐。他迅速站起來，打翻了他的飲料。
0x04D9,Anmanivas,Anmanivas,,0x18d_0x190_0x197,0,1,True,"""^<VAR>！」<VAR> 「是造成我們不快樂的原因。」"
0x04D9,Anmanivas,Foranamo,,0x1c3_0x21d,0,2,True,他身邊的石像鬼也站了起來。
0x04D9,Anmanivas,Foranamo,,0x1c3_0x21d,1,2,True,「是造成我們貧窮的原因。去死吧，<VAR>，去死吧！」
0x04D9,Anmanivas,Anmanivas,,0x231,0,1,False,這兩隻石像鬼輕鬆推開擋路的桌子，衝向你發起攻擊。
0x04D9,Anmanivas,Anmanivas,,0x27b,0,1,False,他輕鬆推開擋路的桌子，衝向你發起攻擊。
0x04D9,Anmanivas,Anmanivas,,0x2b6,0,1,False,「叫你走開！」
0x04D9,Anmanivas,Anmanivas,,0x2cd,0,1,False,「沒有！」他凶狠地瞪著你。
0x04D9,Anmanivas,Anmanivas,,0x2f5,0,1,False,他咕噥了一聲以示打發。
0x04D9,Anmanivas,Anmanivas,,0x318,0,1,False,雖然他經過時瞪著你，但這隻石像鬼似乎太專注於抵達目的地，而不想理會你。
0x04DA,Foranamo,Foranamo,,0xb,0,1,False,這隻石像鬼的憤怒如此強烈，以至於他抵抗了法術。
0x04DA,Foranamo,Foranamo,,0x67,0,1,False,這隻石像鬼顯然對你的打擾感到不悅。
0x04DA,Foranamo,Foranamo,,0x9b,0,1,False,「沒有意願告訴你。要求知道你是誰！」
0x04DA,Foranamo,Foranamo,,0xd9,0,1,False,石像鬼轉頭看你時發出低吼。他站起來，
0x04DA,Foranamo,Foranamo,,0x110,0,1,False,將手放在他旁邊的石像鬼的肩膀上。
0x04DA,Foranamo,Anmanivas,,0x142_0x1c0,0,2,True,另一隻石像鬼也站了起來。憤怒閃過他的臉龐，他用手指著你。
0x04DA,Foranamo,Anmanivas,,0x142_0x1c0,1,2,True,「是造成我們不快樂的原因，<VAR>!」
0x04DA,Foranamo,Foranamo,,0x1c6_0x1f7,0,1,True,「是造成我們貧窮的原因。去死吧，<VAR>，去死吧！」
0x04DA,Foranamo,Foranamo,,0x20b,0,1,False,「叫你走開！」
0x04DA,Foranamo,Foranamo,,0x222,0,1,False,「沒有！」他凶狠地瞪著你。
0x04DA,Foranamo,Foranamo,,0x24a,0,1,False,他咕噥了一聲以示打發。
0x04DA,Foranamo,Foranamo,,0x26d,0,1,False,這隻石像鬼只停下腳步足夠長的時間來給你一個威脅的瞪視。
0x04DB,Aurvidlem,Aurvidlem,,0x15,0,1,False,站在你面前的石像鬼臉上帶著不悅的表情。
0x04DB,Aurvidlem,Aurvidlem,,0x4f,0,1,False,「向你致候，人類，」 Aurvidlem 說。
0x04DB,Aurvidlem,Aurvidlem,,0x7f,0,1,False,「被稱作 Aurvidlem 。認出你是聖者 。」
0x04DB,Aurvidlem,Aurvidlem,,0xb3,0,1,False,「為 Vesper 的其他人提供物資。」
0x04DB,Aurvidlem,Aurvidlem,,0xfb,0,2,False,「是一個充滿偏見和仇恨的城鎮。知道人類期待我們發起暴力對抗。
0x04DB,Aurvidlem,Aurvidlem,,0xfb,1,2,False,相信人類是罪有應得，」他聳了聳肩，「但希望我的弟兄們能展現出更多的克制。」
0x04DB,Aurvidlem,Aurvidlem,,0x1c7,0,1,False,「這個時間不營業。明天再來買物資。」
0x04DB,Aurvidlem,Aurvidlem,,0x1fe,0,1,False,「鎮上只有少數石像鬼居住。主要認識 Wis-Sur ，還有，」他微微哼了一聲，「Ansikart 。也知道一些無翼的石像鬼。」
0x04DB,Aurvidlem,Aurvidlem,,0x2a1,0,1,False,「鎮上只有少數石像鬼居住。主要認識 Wis-Sur 和 Ansikart ，也知道一些無翼的石像鬼。」
0x04DB,Aurvidlem,Aurvidlem,,0x315,0,2,False,他的眼睛迅速地左右游移，最後停留在你身上。
0x04DB,Aurvidlem,Aurvidlem,,0x315,1,2,False,「知道自從 Wis-Sur 改變後， Ansikart 獲得了太多的尊重。確信我學得更多，在這裡會是一位更聰明、更好的領袖。對 Ansikart 成為人選感到不滿。」
0x04DB,Aurvidlem,Aurvidlem,,0x41d,0,1,False,「不確定改變是何時發生的，但已經極大地影響了 Wis-Sur 。現在看到他避開他人並將自己關起來。為 Wis-Sur 感到擔憂。」
0x04DB,Aurvidlem,Aurvidlem,,0x4bd,0,1,False,「向你道別。」
0x04DC,Sullivan,Sullivan,,0x1f,0,1,False,「你把我從牢房裡放出來真是太好了。我現在要回到我以前的生活。日安！」
0x04DC,Sullivan,Sullivan,,0x87,0,1,False,監獄裡的男人帶著相當燦爛的笑容向你問候。
0x04DC,Sullivan,Sullivan,,0xc4_0xda,0,1,True,「哎呀，哈囉，<HONORIFIC>。在這美好的一天，我能如何幫助你？」
0x04DC,Sullivan,Sullivan,,0x111_0x128,0,1,True,「我是 Sullivan ，<HONORIFIC>，」他愉快地說。「你是誰？」
0x04DC,Sullivan,Sullivan,,0x15f_0x178_0x1d5,0,2,True,「很高興認識你，<PLAYER_NAME>。」他伸出手想與你握手，卻被鐵欄杆擋住了。
0x04DC,Sullivan,Sullivan,,0x15f_0x178_0x1d5,1,2,True,「啊，好吧，抱歉，<HONORIFIC>。就當作你已經被好好地握過手了吧。」
0x04DC,Sullivan,Sullivan,,0x20c_0x219,0,1,True,「當然，<HONORIFIC>。我明白。」他笑了。
0x04DC,Sullivan,Sullivan,,0x238,0,1,False,「哦，我明白了。糟糕……」他聳聳肩。
0x04DC,Sullivan,Sullivan,,0x276_0x28c,0,1,True,「嗯，老實說，<HONORIFIC>，我沒有職業。雖然，有一段時間，我是個偷竊的無賴。」
0x04DC,Sullivan,Sullivan,,0x2e2_0x304,0,1,True,「這真是一群很棒的人，<HONORIFIC>。我們向居住在這片美麗土地上的人們傳播指引與繁榮。當然，目前我的同伴們對我有點……不滿。」
0x04DC,Sullivan,Anton,,0x38e,0,1,False,「那真是輕描淡寫了！」
0x04DC,Sullivan,Sullivan,,0x3c6,0,1,False,「友誼會教導人們像羊一樣跟隨他們的領袖。你能想到更好的指引嗎？」
0x04DC,Sullivan,Sullivan,,0x427,0,2,False,「當一個會員表現得體並聽從指示等等時，他——或她——就能聽到教導人如何在遊戲中獲勝的『內在聲音 (inner voice) 』。這正是我加入的原因！」他笑得很開懷。
0x04DC,Sullivan,Sullivan,,0x427,1,2,False,「然而，我還沒有聽到那個聲音。」
0x04DC,Sullivan,Sullivan,,0x532,0,1,False,「嗯，顯然我不夠努力，不配得到我……從樓上的錢箱裡『取得』的貸款。」
0x04DC,Sullivan,Sullivan,,0x5aa,0,3,False,他盡可能地向你傾斜。這也許是他一生中第一次變得如此嚴肅。「實際上，應得是一個相對的詞。我終於意識到——白天在刑架上待了好幾個小時，讓我有很多時間去體會——友誼會的真實本質。巴特林、 Abraham 和 Danag ，他們都錯了。
0x04DC,Sullivan,Sullivan,,0x5aa,1,3,False,當守護者 (Guardian) 在不列顛尼亞出現時，我毫不懷疑他會簡單地消滅所有人，包括友誼會的領袖們。」他恢復了笑容。
0x04DC,Sullivan,Sullivan,,0x5aa,2,3,False,「這就是為什麼我決定現在就從友誼會和不列顛尼亞榨取一切，在我們全部被殺之前。」
0x04DC,Sullivan,Sullivan,,0x7fd,0,1,False,「嗯……我本來是打算遲早要還錢的。我只是需要它在遊戲中贏更多。」
0x04DC,Sullivan,Anton,,0x85e,0,1,False,「這傻瓜的意思是，他過去常穿著裝扮，假裝是你，試圖從店主那裡騙取貨物。」
0x04DC,Sullivan,Sullivan,,0x8cc,0,1,False,「非常正確，聖者 。這個詭計太過成功了。老實說，這真是個恥辱。我不該逃脫懲罰，而確實，我現在正受到適當的懲戒。」
0x04DC,Sullivan,Sullivan,,0x973,0,1,False,「哦，只是我已經冒充你一段時間了，為了從店主那裡拿走物品而不付錢。嗯，確切地說是『曾經』。現在我正為此受到適當的懲罰。」
0x04DC,Sullivan,Grod,,0xa28,0,1,False,「謝謝你。」
0x04DC,Sullivan,Sullivan,,0xa3c,0,1,False,「不客氣。」他點點頭。
0x04DC,Sullivan,Sullivan,,0xa5f_0xb12,0,1,True,「嗯，在我被抓到之前，我會在全不列顛尼亞的商店裡遊走，冒充『聖者 』。店主們都很樂意送我許多禮物。你確實過著美好的生活，<HONORIFIC>。」
0x04DC,Sullivan,Anton,,0xb19_0xb3e,0,1,True,「問問他關於他稅金的事，<HONORIFIC>。」
0x04DC,Sullivan,Sullivan,,0xb51,0,1,False,「哦，就是我要求任何的東西——武器、護甲、物資、法術。當然，我對法術沒什麼真正的用途，但不管怎樣，能免費獲得它們還是很不錯的。」
0x04DC,Sullivan,Sullivan,,0xc12,0,4,False,他笑了。
0x04DC,Sullivan,Sullivan,,0xc12,1,4,False,「不列顛尼亞稅務委員會為了替官府籌措資金而設立了一項稅收。我不想付給他們，」他聳聳肩，「所以我沒付。而且，當然，」他咧著嘴笑，「現在他們經常把我放在那個精美的刑架上。」
0x04DC,Sullivan,Sullivan,,0xc12,2,4,False,他伸長脖子，盯著那塊木板。
0x04DC,Sullivan,Sullivan,,0xc12,3,4,False,「非常精細的作工。」他點點頭。「的確，那是我見過最棒的刑架！」
0x04DC,Sullivan,Sullivan,,0xda5,0,1,False,「那不是你見過最精美的刑架嗎？精湛的工藝，美麗的細節。」
0x04DC,Sullivan,Sullivan,,0xdfa_0xe19,0,1,True,「祝你有愉快的一天，<HONORIFIC>。很快在地表世界見！」
0x04DD,Wench,Wench,,0x7,0,1,False,這位女士驚訝地抬頭說：「我現在沒在工作，我請求你尊重我的隱私。如果你想和我說話，請在深夜時分到澡堂來。」
0x04DD,Wench,Wench,,0xba,0,1,False,這位迷人的女士驚訝地看著你，說道：「等一下！你剛才已經享受過了，不是嗎？請等你休息好了再來。」
0x04DD,Wench,Wench,,0x149,0,1,False,你看到一位有著誘人雙眼的華麗年輕女子。
0x04DD,Wench,Wench,,0x183,0,1,False,「哈囉，帥哥！
0x04DD,Wench,Wench,,0x199,0,1,False,「哈囉。妳確定妳不是真的想和 Roberto 談談嗎？」
0x04DD,Wench,Wench,,0x1dc,0,1,False,「好吧，甜心。只要能讓你熱血沸騰……
0x04DD,Wench,Wench,,0x213,0,1,False,「那你最好去和 Roberto 說話！他可能更符合妳的類型。」
0x04DD,Wench,Wench,,0x260,0,1,False,你是誰？」
0x04DD,Wench,Wench,,0x270_0x292,0,1,True,「嗯，我很高興認識你，<PLAYER_NAME>。」
0x04DD,Wench,Wench,,0x299_0x292,0,1,True,「哈囉，<PLAYER_NAME>。」
0x04DD,Wench,Wench,,0x2a6,0,1,False,「噢吼！一個活生生的聖者 ？
0x04DD,Wench,Wench,,0x2cf,0,1,False,「嘿，我們應該更好地了解彼此！」
0x04DD,Wench,Wench,,0x300,0,1,False,「還是個女的！我還以為我什麼都見過了……」
0x04DD,Wench,Wench,,0x340_0x353,0,1,True,「又見面了，<PLAYER_NAME>，」 Wench 說。
0x04DD,Wench,Wench,,0x367,0,1,False,「你可以叫我…… Wench (侍女) 。」
0x04DD,Wench,Wench,,0x396,0,1,False,她對你飛吻。
0x04DD,Wench,Wench,,0x3a9,0,1,False,她大笑出聲。「你一定在開玩笑！」她讓自己平靜下來，說道：「確保你在澡堂期間感到舒適是我的職責。」
0x04DD,Wench,Wench,,0x451,0,1,False,「我從這裡開張就一直工作到現在。我愛死它了。我一點也沒有被剝削。我賺了一堆金幣，過著很棒的生活。」 
0x04DD,Wench,Wench,,0x4e6,0,1,False,她對你眨眼。「我也遇到過許多好男人！」
0x04DD,Wench,Wench,,0x520,0,2,False,「嗯，我們可以去溫泉池裡游個泳，或者妳可以享受按摩。或者我們也可以只是聊聊天。
0x04DD,Wench,Wench,,0x520,1,2,False,或者……妳可以跟我去交誼廳，我『展示』我的『職業』給妳看！」
0x04DD,Wench,Wench,,0x611,0,1,False,「你想在交誼廳裡和我作伴嗎？」
0x04DD,Wench,Wench,,0x63f,0,3,False,Wench 帶你進入一個私人房間。
0x04DD,Wench,Wench,,0x63f,1,3,False,「這根本不是交誼廳。我們將會獨處，」她咯咯笑著。
0x04DD,Wench,Wench,,0x63f,2,3,False,「順帶一提，你選擇我是件好事。 Roberto 和 Martine 喜歡偷客人的金幣。我可能有道德上的問題，但我不是小偷！現在，讓我們辦正事吧，好嗎？」
0x04DD,Wench,Wench,,0x773,0,1,False,過了一會兒，在這位女士向你展示了比舞台上的法師還要多的把戲之後，你走出交誼廳，成為了一個更快樂的聖者 。
0x04DD,Wench,Wench,,0x80e_0x292,0,1,True,「這不是問題，<PLAYER_NAME>。」
0x04DD,Wench,Wench,,0x824,0,1,False,Wench 幫你脫下衣物，引導你進入溫暖的泉水中。感覺極好，你很想睡一覺，但你知道你還有任務要完成。過了一會兒， Wench 扶你出水，你穿上衣服。
0x04DD,Wench,Wench,,0x8e9,0,1,False,Wench 幫你脫下衣物，引導你到一張舒適的按摩床上。你趴著，這位女士熟練地揉捏和摩擦你痠痛的肌肉，慢慢地讓你進入完全放鬆的狀態。過了一會兒， Wench 扶你起來，你穿上衣服。
0x04DD,Wench,Wench,,0x9db,0,1,False,Wench 聳聳肩。「我沒問題！我們要聊什麼？我知道了！想知道一個秘密嗎？」
0x04DD,Wench,Wench,,0xa42,0,1,False,「你知道有秘密通道連接海盜巢穴 (Buccaneer's Den)的建築物嗎？這是真的！我相當確定入口是透過賭坊 (House of Games) ，我也知道有一條路可以從通道進入澡堂！」
0x04DD,Wench,Wench,,0xb15,0,1,False,Wench 撅起嘴。「那就算了！」
0x04DD,Wench,Wench,,0xb3d,0,1,False,你和 Wench 聊了許多其他話題，這時你意識到你在溫泉裡待了太久。還有任務要完成！
0x04DD,Wench,Wench,,0xbae_0xbca,0,1,True,「喔，請盡快再來，<PLAYER_NAME>！」
0x04DD,Wench,Wench,,0xbd1,0,1,False,Wench 對你飛吻。
0x04DD,Wench,Wench,,0xbe8,0,1,False,Wench 揮手道別。
0x04DE,Glenno,Glenno,,0x15,0,1,False,你看到一位英俊、肌肉發達，帶著些許調皮氣質的男人。
0x04DE,Glenno,Glenno,,0x61,0,1,False,「是的，我能幫你嗎？」 Glenno 問。
0x04DE,Glenno,Glenno,,0x91,0,1,False,「 Glenno 為您服務！」
0x04DE,Glenno,Glenno,,0xaf,0,1,False,「我是澡堂的經理。
0x04DE,Glenno,Glenno,,0xcb,0,1,False,「入場費是 300 金幣。所有的東西都包含在這個固定價格裡了。不需要小費。你想進來嗎？」
0x04DE,Glenno,Glenno,,0x146,0,1,False,「太棒了！這是你的鑰匙！
0x04DE,Glenno,Glenno,,0x16b,0,1,False,「你的雙手拿太多東西了，拿不下鑰匙！」
0x04DE,Glenno,Glenno,,0x1a6,0,1,False,「你想搞什麼鬼？你沒有 300 金幣！」
0x04DE,Glenno,Glenno,,0x1da,0,1,False,「那，下次吧！如果你來了，你不會後悔的！絕對物超所值。」
0x04DE,Glenno,Glenno,,0x230,0,1,False,「進來吧！請放鬆！享受你自己！讓我們的男士或女士讓你的停留更舒適。
0x04DE,Glenno,Glenno,,0x294,0,1,False,他注意到你的獎章。「特別歡迎友誼會的成員！」
0x04DE,Glenno,Glenno,,0x2e1,0,1,False,「請便！把這裡當自己家。如果你想喝點什麼，讓我知道。」
0x04DE,Glenno,Glenno,,0x333,0,1,False,「嗯，等一下。你幾歲，孩子？」
0x04DE,Glenno,Spark,,0x362,0,1,False,「嗯，十八歲。」
0x04DE,Glenno,Glenno,,0x37c,0,1,False,「你看起來不像十八歲。」
0x04DE,Glenno,Spark,,0x3a2,0,1,False,「好吧，我十六歲。」
0x04DE,Glenno,Glenno,,0x3c2,0,1,False,「你看起來也不像十六歲。好吧，沒關係。你可以進去。但要確保管理層沒看到你。」 Glenno 抓抓頭。「是的，但是……不！我就是管理層！好吧，進來吧。只要別惹麻煩就好。」
0x04DE,Glenno,Spark,,0x4b0,0,1,False,「太好了！娘們！」
0x04DE,Glenno,Iolo,,0x4cd,0,1,False,Iolo 向你低語：「我覺得年輕的 Spark 和你一起冒險時學到了不少！」
0x04DE,Glenno,Glenno,,0x537,0,1,False,「請在深夜時分我們的男士或女士在這裡的時候再來拜訪！」
0x04DE,Glenno,Glenno,,0x589,0,1,False,「澡堂是為了海盜巢穴 (Buccaneer's Den)的訪客的樂趣而存在的。你可以在我們的溫泉池中沐浴。你可以在我們的交誼廳裡休息，與我們迷人的男士或女士們社交。你可以飲用上好的葡萄酒和麥酒。你可以欣賞我們收藏的精美藝術品。你可以……逃入夢想世界！」
0x04DE,Glenno,Glenno,,0x70e,0,1,False,「他們來自全不列顛尼亞各地，來滿足你的每一個願望！我， Glenno ，向他們保證澡堂是已知世界中同類場所中最負盛名的。它可能也是已知世界中唯一這種類型的場所！」
0x04DE,Glenno,Glenno,,0x7f2,0,1,False,「水保證純淨、溫暖且能洗淨身心。」
0x04DE,Glenno,Glenno,,0x826,0,1,False,「你可以舒適地躺在許多柔軟的坐墊和枕頭中。去了解你的鄰居。去『非常深入地』了解你的鄰居！」
0x04DE,Glenno,Glenno,,0x8ae,0,1,False,「啊，是的，那些是不列顛尼亞藝術家 Glen Johnson 筆下的色情傑作。注意到那幅畫的曲線有多麼自然嗎，你不同意嗎？」
0x04DE,Glenno,Glenno,,0x94d,0,1,False,「是的，我是會員。如果不是因為友誼會，我就不會成為澡堂的經理！我為組織盡心盡力，信賴我的眾多弟兄，致力於合一，而且……嗯，我的價值先行於報償！而這一切……就是我的報償！」 Glenno 笑了，就像一隻剛吞下老鼠的公貓。
0x04DE,Glenno,Glenno,,0xa8c,0,1,False,「是的，友誼會給了我這個地方。你知道的，這是他們的財產。」突然， Glenno 摀住嘴，好像說了不該說的話。「我的意思是，友誼會只擁有這座建築所在的『土地』。我用友誼會獎賞給我的錢『建造』了澡堂。所以，不說這些了——享受你自己吧。我必須去忙了！」說完， Glenno 轉身離開了你。
0x04DE,Glenno,Glenno,,0xc15,0,1,False,「這麼快就要走了？」
0x04DF,Martine,Martine,,0x7,0,1,False,這位女士驚訝地抬頭說：「我現在沒在工作，我請求你尊重我的隱私。如果你想和我說話，請在深夜時分到澡堂來。」
0x04DF,Martine,Martine,,0xba,0,1,False,這位迷人的女士驚訝地看著你，說道：「親愛的，你剛才已經享受過了，不是嗎？請等你休息好了再來。」
0x04DF,Martine,Martine,,0x149,0,1,False,你看到一位散發熱帶風情的美麗年輕女子。
0x04DF,Martine,Martine,,0x183,0,1,False,「哈囉，帥哥！
0x04DF,Martine,Martine,,0x199,0,1,False,「哈囉，親愛的。妳確定妳不想和 Roberto 談談嗎？」
0x04DF,Martine,Martine,,0x1df,0,1,False,「好吧，親愛的。只要能讓妳熱血沸騰……」
0x04DF,Martine,Martine,,0x21c,0,1,False,「那你最好去跟他說話！他可能更合你的胃口。」
0x04DF,Martine,Martine,,0x260,0,1,False,「你的名字是什麼？」
0x04DF,Martine,Martine,,0x27f_0x28f,0,1,True,「你好嗎，<PLAYER_NAME>？我很高興見到你！」
0x04DF,Martine,Martine,,0x2ae_0x2bb,0,1,True,「哈囉，<PLAYER_NAME>。」
0x04DF,Martine,Martine,,0x2c2,0,1,False,「噢拜託！別又是一個聖者 ！」
0x04DF,Martine,Martine,,0x2ee,0,1,False,Martine 深吸了一口氣，然後笑了。
0x04DF,Martine,Martine,,0x31b,0,1,False,「嗯，親愛的，你是誰並不重要。無論如何我們都會有一段好時光。」
0x04DF,Martine,Martine,,0x379_0x38c,0,1,True,「又見面了，<PLAYER_NAME>，」 Martine 說。
0x04DF,Martine,Martine,,0x3a2,0,1,False,「我在這裡使用的名字是 Martine 。你懂的……」她對你眨眼。
0x04DF,Martine,Martine,,0x3f4,0,1,False,「親愛的，我的工作是讓你開心。
0x04DF,Martine,Martine,,0x422,0,1,False,「親愛的，我的工作是服侍妳。
0x04DF,Martine,Martine,,0x44d,0,1,False,「在澡堂期間感到舒適是很重要的。」
0x04DF,Martine,Martine,,0x498,0,1,False,「這是個極好的工作地點。我絕對熱愛它。我不會去其他地方工作。我擁有的金幣多到花不完。」
0x04DF,Martine,Martine,,0x51a,0,1,False,Martine 對你飛吻。「我也遇到過許多各種有趣的人！」
0x04DF,Martine,Martine,,0x562,0,2,False,「你有很多選擇。我們可以去溫泉池裡游個泳。或者我可以為你按摩。或者我們也可以只是聊聊天。
0x04DF,Martine,Martine,,0x562,1,2,False,但如果你想真正地更了解我，我們應該去交誼廳……」
0x04DF,Martine,Martine,,0x650,0,1,False,「你想在交誼廳裡和我作伴嗎？」
0x04DF,Martine,Martine,,0x67e,0,3,False,Martine 帶你進入一個私人房間。
0x04DF,Martine,Martine,,0x67e,1,3,False,「這根本不是交誼廳。我們將會獨處！」
0x04DF,Martine,Martine,,0x67e,2,3,False,過了一會兒，在這位女士向你展示了比街頭騙子法師還要多的把戲之後，你走出交誼廳，成為了一個更快樂的聖者 。
0x04DF,Martine,Martine,,0x77c,0,1,False,「沒關係，親愛的。」
0x04DF,Martine,Martine,,0x79b,0,1,False,Martine 幫你脫下衣物，引導你進入溫暖的泉水中。感覺棒極了，你很想睡一覺；但你知道你還有任務要完成。過了一會兒， Martine 扶你出水，你穿上衣服。
0x04DF,Martine,Martine,,0x867,0,1,False,Martine 幫你脫下衣物，引導你到一張舒適的按摩床上。你趴著，這位女士熟練地揉捏和摩擦你痠痛的肌肉，慢慢地讓你進入一種忘我的狀態。過了一會兒， Martine 扶你起來，你穿上衣服。
0x04DF,Martine,Martine,,0x95d,0,2,False,Martine 笑了。「我沒問題，親愛的。我敢打賭你有很多關於冒險的故事可以講，對吧？說！你去過山裡的秘密通道嗎？你知道它們都是相連的嗎？我知道有一扇暗門可以直接通到這棟建築的後面！」她低聲說：「我相信入口就在賭坊 (House of Games) 裡。」
0x04DF,Martine,Martine,,0x95d,1,2,False,你和 Martine 聊了許多其他話題，直到你意識到你在溫泉裡待了太久。還有任務要完成！
0x04DF,Martine,Martine,,0xb1e,0,1,False,「我希望很快能再見到你，親愛的！」
0x04DF,Martine,Martine,,0xb52,0,1,False,Martine 對你飛吻。
0x04DF,Martine,Martine,,0xb6b,0,1,False,Martine 揮手道別。
0x04E0,Roberto,Roberto,,0x7,0,1,False,這個男人驚訝地抬頭說：「我現在沒在工作，我請求你尊重我的隱私。如果你想和我說話，請在深夜時分到澡堂來。」
0x04E0,Roberto,Roberto,,0xba_0xf1,0,1,True,這個男人驚訝地看著你，說：「等一下，<GENDER_FLAG>！你剛才已經享受過了，不是嗎？請等你休息好了再來。」
0x04E0,Roberto,Roberto,,0x141,0,1,False,你看到一位極其英俊，雙眼能看穿你靈魂的男人。
0x04E0,Roberto,Roberto,,0x184,0,1,False,「哈囉，美女！
0x04E0,Roberto,Roberto,,0x19a,0,1,False,「哈囉。嗯，你確定你不是真的想和 Wench 或 Martine 談談嗎？」
0x04E0,Roberto,Roberto,,0x1ed,0,1,False,「好吧，水手，只要能讓你熱血沸騰……
0x04E0,Roberto,Roberto,,0x224,0,1,False,「那你最好去和他們其中一個說話。他們可能更合你的胃口！」
0x04E0,Roberto,Roberto,,0x27a,0,1,False,「你的名字是什麼？」
0x04E0,Roberto,Roberto,,0x299_0x2bb,0,1,True,「嗯，我很高興認識你，<PLAYER_NAME>。」
0x04E0,Roberto,Roberto,,0x2c2_0x2bb,0,1,True,「哈囉，<PLAYER_NAME>。」
0x04E0,Roberto,Roberto,,0x2cf,0,1,False,Roberto 愣了一下，又看了一眼。「聖者 ，是嗎？我還以為我什麼都聽過了……」
0x04E0,Roberto,Roberto,,0x339_0x34c,0,1,True,「又見面了，<PLAYER_NAME>，」 Roberto 說。
0x04E0,Roberto,Roberto,,0x362,0,1,False,「在這一帶，人們叫我 Roberto 。」
0x04E0,Roberto,Roberto,,0x390,0,1,False,Roberto 握住你的手說：「而妳是我見過最美麗的女人！」
0x04E0,Roberto,Roberto,,0x3db,0,1,False,Roberto 燦爛地笑了。「你不是真的想知道那個，對吧？」他搖搖頭，忍住笑。「很好——我的工作是確保你在澡堂期間能感到真正的舒適。」
0x04E0,Roberto,Roberto,,0x4ba_0x53c,0,1,True,「不錯的地方，不是嗎？我當然很享受在這裡工作！它為我帶來許多財富，而且我有很多機會遇見<VAR>，例如～像是你呀～！」
0x04E0,Roberto,Roberto,,0x55e,0,1,False,「什麼最適合你？我們可以去溫泉池裡游個泳，或者我可以為你按摩。如果你比較喜歡交談，我們也可以只是聊聊天。或者如果你願意，我們可以漫步進入交誼廳，然後……交流！」
0x04E0,Roberto,Roberto,,0x66e,0,1,False,「你想在交誼廳裡和我作伴嗎？」
0x04E0,Roberto,Roberto,,0x69c,0,3,False,Roberto 帶你進入一個私人房間。
0x04E0,Roberto,Roberto,,0x69c,1,3,False,「這根本不是交誼廳。我們將會獨處！」
0x04E0,Roberto,Roberto,,0x69c,2,3,False,過了一會兒，在得到這個男人全心全意的服侍後，你走出交誼廳，成為了一個更快樂的聖者 。
0x04E0,Roberto,Roberto,,0x77c_0x78c,0,1,True,「別擔心，<PLAYER_NAME>。我們可以做些別的事。」
0x04E0,Roberto,Roberto,,0x7b1,0,1,False,Roberto 幫你脫下衣物，引導你進入溫暖的泉水中。感覺極好，你很想睡一覺；但你知道你還有任務要完成。過了一會兒， Roberto 扶你出水，你穿上衣服。
0x04E0,Roberto,Roberto,,0x87a,0,1,False,Roberto 幫你脫下衣物，引導你到一張舒適的按摩床上。你臉朝下趴著，這個男人熟練地揉捏和摩擦你痠痛的肌肉，慢慢地讓你進入完全放鬆的狀態。過了一會兒， Roberto 扶你起來，你穿上衣服。
0x04E0,Roberto,Roberto,,0x979,0,3,False,Roberto 笑了。「沒關係。我們來聊點什麼？冒險？秘密通道和地城？」
0x04E0,Roberto,Roberto,,0x979,1,3,False, Roberto 靠近並低聲說：「你知道有秘密通道連接海盜巢穴 (Buccaneer's Den)的建築物嗎？這是真的！我相當確定入口是透過賭坊 (House of Games) ，我也很確定有一條路可以進入澡堂。」
0x04E0,Roberto,Roberto,,0x979,2,3,False,你和 Roberto 聊了許多其他話題，直到你意識到你在溫泉裡待了太久。還有任務要完成！
0x04E0,Roberto,Roberto,,0xb36_0xb55,0,1,True,「我希望能再見到你，<PLAYER_NAME>。」
0x04E1,Sintag,Sintag,,0x1a,0,1,False,你看到你在不列顛尼亞見過最兇惡、最難纏的守衛。
0x04E1,Sintag,Sintag,,0x60,0,1,False,「什麼？」 Sintag 咕噥著。
0x04E1,Sintag,Sintag,,0x84,0,1,False,「Sintag ，」男人咕噥著。
0x04E1,Sintag,Sintag,,0xa7,0,1,False,「我是賭坊 (House of Games) 的守衛。我替這地方清除麻煩製造者。」
0x04E1,Sintag,Sintag,,0x127,0,1,False,「自從老闆 (The Mister) 同意付我錢並要我留下後，我就一直在賭坊 (House of Games) 工作。我知道所有進出的人。我看到了一切。」
0x04E1,Sintag,Sintag,,0x1e3,0,1,False,「那會是 Gordy 先生，賭坊 (House of Games) 的監督。你或許可以在營業時間去他的辦公室找他。」
0x04E1,Sintag,Sintag,,0x260,0,1,False,「我們在這裡看到各種製造麻煩的人。我特別不喜歡自稱是聖者 的人。我覺得那是褻瀆。上一個自稱是聖者 的傢伙因為作弊被抓到了。他以後不會再那樣做了！」
0x04E1,Sintag,Sintag,,0x358,0,1,False,「有一個叫 Robin 的人過去常來這裡並在遊戲中作弊。他有兩個名叫 Battles 和 Leavell 的惡棍，會恐嚇任何試圖阻止他的人。有一天我的兄弟們來拜訪，我們把 Robin 、 Battles 和 Leavell 一路趕出了這座島！從那之後我們就沒見過他們了！」
0x04E1,Sintag,Sintag,,0x48d,0,1,False,方塊微微震動。「他在洞穴裡，在刑求室。他還剩下的那部分。」
0x04E1,Sintag,Sintag,,0x502,0,1,False,「你不需要知道更多了。」
0x04E1,Sintag,Sintag,,0x527,0,1,False,Sintag 瞪著你。
0x04E1,Sintag,Sintag,,0x53b,0,1,False,方塊震動了。「那是友誼會審問他們囚犯的地方。」
0x04E1,Sintag,Sintag,,0x581,0,1,False,「什麼刑求室？我有說刑求室嗎？」
0x04E1,Sintag,Sintag,,0x5b2,0,1,False,「他在我們的照顧下已經有一段時間了。」 Sintag 帶著神秘的微笑說。
0x04E1,Sintag,Sintag,,0x60f,0,1,False,當 Sintag 說話時方塊震動了。「Hook 住在賭坊 (House of Games) 後面的洞穴裡。遊戲室有一扇上鎖的門通向那裡。我有鑰匙。 Gordy 的辦公室裡也有一扇暗門，那是 Hook 用來回家的。」
0x04E1,Sintag,Sintag,,0x700,0,1,False,「我不認識符合那描述的人。」
0x04E1,Sintag,Sintag,,0x72b,0,1,False,「我現在看起來像在工作嗎？別煩我。在正常營業時間來賭坊 (House of Games) 吧。」
0x04E1,Sintag,Sintag,,0x798,0,1,False,「你想要鑰匙嗎？」
0x04E1,Sintag,Sintag,,0x7b4,0,1,False,「在這裡。」
0x04E1,Sintag,Sintag,,0x7c7,0,1,False,「你攜帶了太多東西！」
0x04E1,Sintag,Sintag,,0x7e9,0,1,False,「隨你的便。」
0x04E1,Sintag,Sintag,,0x7ff,0,1,False,Sintag 咕噥了一聲。
0x04E2,Blacktooth,Blacktooth,,0x2b,0,2,False,這個高大、中年的海盜充滿懷疑地看著你。
0x04E2,Blacktooth,Blacktooth,,0x2b,1,2,False,「在我多看你一眼之前，我必須知道你是誰。」他的聲音充滿威脅。
0x04E2,Blacktooth,Blacktooth,,0xc1,0,1,False,這個海盜在回答前嚼了嚼嘴裡的東西。「嗨，」他最後說。
0x04E2,Blacktooth,Blacktooth,,0x110,0,3,False,海盜看起來就像你剛侮辱了他的母親。
0x04E2,Blacktooth,Blacktooth,,0x110,1,3,False,「我……不……喜……歡……聖者 ！！」
0x04E2,Blacktooth,Blacktooth,,0x110,2,3,False,海盜在地上吐了口唾沫。「但你看起來不像我上次交談的那個聖者 那麼像魚餌。好吧。我會和你說話。」
0x04E2,Blacktooth,Blacktooth,,0x20a_0x25c,0,1,True,「你想要什麼？」 Blacktooth 用威脅的聲音問。「喔，是你啊，<PLAYER_NAME>。」
0x04E2,Blacktooth,Blacktooth,,0x263,0,1,False,「我以為你不想當我的朋友！」 Blacktooth 抱怨道。
0x04E2,Blacktooth,Blacktooth,,0x2a6,0,1,False,「我是 Blacktooth (黑牙) 。看？」海盜笑了，露出他的牙齒。
0x04E2,Blacktooth,Blacktooth,,0x2f5,0,1,False,「把聖者做成魚餌！」他大笑。「我已經受夠那些跑來跑去，自稱是聖者的瘦弱傢伙了！我正在找上週來過這裡的特定一個聖者。一個身為友誼會成員的聖者！」
0x04E2,Blacktooth,Blacktooth,,0x3d5,0,1,False,「他一週前來過這裡。試圖從我身上偷些金幣！那個混蛋！在我意識到他做了什麼之前，他就已經溜走了。」
0x04E2,Blacktooth,Blacktooth,,0x46d,0,1,False,「我們在酒館裡玩牌。如果他沒有從底下發牌，我就該死。我通常能看穿那種把戲，但他很厲害！」
0x04E2,Blacktooth,Blacktooth,,0x4f2,0,1,False,海盜注意到你的友誼會獎章。「我看你也是他們的一員！」
0x04E2,Blacktooth,Blacktooth,,0x569,0,1,True,<VAR>我不信任他們。我認為他們都在隱瞞什麼。我認為他們都是騙子。拿我的老朋友 Mole 來說吧。嗯，我的前老朋友 Mole 。自從他加入他們之後，他改變了很多。」
0x04E2,Blacktooth,Blacktooth,,0x648,0,1,False,「他是另一個退休住在島上的老海盜。我們曾是多年的夥伴，但後來他加入了那個該死的友誼會。現在他覺得自己的排泄物不臭了，如果你懂我的意思。」
0x04E2,Blacktooth,Blacktooth,,0x715,0,2,False,「他已經放棄了所有海盜的行徑！他現在是個該死的聖人，每當他看到我，他就試圖說服我加入友誼會。我現在不惜一切代價避開他。我受不了看到他變成這樣。這讓我怒火中燒！」
0x04E2,Blacktooth,Blacktooth,,0x715,1,2,False,然後，在一個軟弱的時刻，這個強悍的海盜小聲地說：「我也想他。我們曾經是最好的夥伴。」你敢發誓他眼裡有淚水。
0x04E2,Blacktooth,Spark,,0x8a8,0,1,False,Spark 低語：「噢，拜託，像個男人點！」
0x04E2,Blacktooth,Dupre,,0x8e0,0,1,False,Dupre 轉過頭去以忍住笑意。
0x04E2,Blacktooth,Blacktooth,,0x906,0,2,False,你可以看出海盜很沮喪，所以你決定讓他一個人靜一靜。
0x04E2,Blacktooth,Blacktooth,,0x906,1,2,False,「對，走開。沒錯！我從來都留不住任何朋友！
0x04E2,Blacktooth,Blacktooth,,0x993,0,1,False,「像這樣離開我，真像是聖者 的作風！
0x04E2,Blacktooth,Blacktooth,,0x9c8,0,1,False,「典型的友誼會成員！沒錯！別煩我！走開！
0x04E2,Blacktooth,Blacktooth,,0xa05,0,1,False,「我就繼續孤獨且貧困地留在這裡吧！我的匕首在哪裡？我要割喉自盡！！」
0x04E2,Blacktooth,Blacktooth,,0xa6c_0xae4,0,2,True,「他這麼說？真的嗎？」 Blacktooth 看起來好像又要哭了。
0x04E2,Blacktooth,Blacktooth,,0xa6c_0xae4,1,2,True,「我必須去看看他。我謝謝你，<PLAYER_NAME>，謝謝你考慮到我在這件事上的感受。」 Blacktooth 給了你一個大大的擁抱，然後轉身去尋找 Mole 。
0x04E2,Blacktooth,Blacktooth,,0xb67,0,1,False,「那下次吧。」
0x04E2,Blacktooth,Blacktooth,,0xb7e,0,1,False,「對，再見！離開！他們最終都會離我而去！」
0x04E3,Mole,Mole,,0x22,0,1,False,你看到一位老海盜，他曾經可能看起來極其危險。
0x04E3,Mole,Mole,,0x65,0,1,False,「什麼事？」 Mole 問。
0x04E3,Mole,Mole,,0x84,0,1,False,「我的名字是 Mole ，正是！別問我是怎麼得到這個名字的。說來話長。」
0x04E3,Mole,Mole,,0xec,0,1,False,「許多年來我在海上遊蕩，掠奪、強姦和製造恐懼。現在我已經年過五十，我想在海盜巢穴 (Buccaneer's Den)這裡相對平靜安寧地度過餘生。」
0x04E3,Mole,Mole,,0x1be,0,1,False,「你真的想聽嗎？很長喔。」
0x04E3,Mole,Mole,,0x1e6,0,1,False,「好吧。我出生在一個洞穴裡。所以我母親給我取名叫 Mole (鼴鼠) 。」
0x04E3,Mole,Iolo,,0x245,0,1,False,「我以為你說這是個很長的故事。」
0x04E3,Mole,Mole,,0x277,0,1,False,「很好。那我就說我是出生在一個洞穴裡，所以我母親給我取名叫 Mole (鼴鼠) 怎麼樣？」
0x04E3,Mole,Mole,,0x2ed,0,1,False,Mole 聳聳肩。「我想我長話短說好了。」
0x04E3,Mole,Mole,,0x323,0,1,False,「這是美好的生活。我對當海盜感到厭倦了。我對鹽水、生肉、甲板上的污水、鸚鵡糞便，以及聽到的每隔一個字就是『哈！』感到厭倦了。」
0x04E3,Mole,Mole,,0x3e1,0,1,False,「我把時間花在賭坊 (House of Games) 或墮落處女 (Fallen Virgin) 。我喜歡骰子在氈布上彈跳的聲音。我喜歡溫暖的麥酒滑下喉嚨的味道！而且……我還有友誼會。」
0x04E3,Mole,Mole,,0x4bd,0,1,False,「這個組織給了我新的生命。我以為我在當活躍海盜時有過夥伴，但他們無法與我在友誼會裡的兄弟們相比。
0x04E3,Mole,Mole,,0x54e,0,1,False,「嘿，我看到你也是會員！你一定品格高尚！
0x04E3,Mole,Mole,,0x58b,0,1,False,「我以前的夥伴，像我的朋友 Blacktooth ，已經半途而廢了。」
0x04E3,Mole,Mole,,0x5ef,0,1,False,「Blacktooth 住在這裡的島上。我們曾經是同一條鍊子上的環節，懂我的意思嗎？但自從我加入友誼會後，他就把我當空氣！他表現得好像我得了瘟疫什麼的。我不明白。讓我想把什麼東西切成肉末！」
0x04E3,Mole,Mole,,0x6f7,0,1,False,「Blacktooth 就像我的兄弟。不像我在友誼會裡的兄弟，而是一個『真正』的兄弟，懂我的意思嗎？我們『什麼』都一起做。我們會分享戰利品！我們會分享女人！我們無所不作！」
0x04E3,Mole,Mole,,0x7eb,0,1,False,「嗯，他現在不是兄弟了！他恨我！如果他不想和我扯上關係，那就這樣吧！」但 Mole 很快補充道：「他沒有意識到我為他做了什麼。我讓他能活下去！當他得壞血病時是誰照顧他的？我！當他被屠夫 Silverbeard 砍成碎片時是誰幫他包紮的？我！」
0x04E3,Mole,Mole,,0x94d,0,1,False,「哦，他是個脾氣暴躁的老海盜。如果他識相的話，他可能已經死了！」
0x04E3,Mole,Mole,,0x9ae,0,1,False,「是的，那是與現在不同的生活……」 Mole 眼神短暫地失焦，回想著過去的記憶。最後他說：「我可能對友誼會的事情太過執著了。也許我逼得他太緊了。我很抱歉。如果他願意再給我一次機會，我可能會離開友誼會。他們並不像我說的那麼美好。他們比我以前一起航海的海盜還要狡猾！」 Mole 皺起眉頭。「你讓我的心情變得很糟。」
0x04E3,Mole,Mole,,0xb6d,0,3,False,你告訴 Mole 關於 Blacktooth 說的話。這個老海盜身上發生了變化，就像你剛給了他一束花一樣。
0x04E3,Mole,Mole,,0xb6d,1,3,False,「你一定在開玩笑！ Blackie 想我？我以為他恨透我了！我得去散散步，也許會碰上那條老狗！謝謝你，陌生人，告訴我這個消息。」
0x04E3,Mole,Mole,,0xb6d,2,3,False,說完， Mole 轉身離開了你，邁著輕快的步伐。
0x04E3,Mole,Mole,,0xcd8,0,1,False,「再見，陌生人。」
0x04E4,Lucky,Lucky,,0x15,0,1,False,你看到一個肌肉如鋼鐵般結實的男人。他眼中的閃光告訴你他絕不是傻瓜。
0x04E4,Lucky,Lucky,,0x79,0,1,False,「你找 Lucky 有什麼事？」海盜問。
0x04E4,Lucky,Lucky,,0xa8,0,1,False,「我是 Lucky (幸運) ……在所有事情上。」
0x04E4,Lucky,Lucky,,0xe0,0,1,False,「我靠這世界過活！世界給予……而我拿取！」海盜喧鬧地大笑。「我是個見多識廣的紳士，朋友們——這就是我的『職業』！喔，我也訓練新手賺點零用錢。」
0x04E4,Lucky,Lucky,,0x1cd,0,1,False,「我指的是世界運作的方式。我是個在路上討生活的人；我是個經驗豐富的旅行者。我以一百種不同男人的身分在世界上旅行。」
0x04E4,Lucky,Lucky,,0x293,0,1,False,「事實上，我沒去過的地方很少，我沒做過的事情也很少。」
0x04E4,Lucky,Lucky,,0x2e5,0,1,False,「只要憑藉假設，你就能成為另一個人。這是一種態度。我是為了欺騙而進行充滿魅力的溝通藝術的專家。它賦予人許多技能。舉例來說，我可以走進任何一家店買東西。但我離開時帶走的東西會比我買的多得多，因為我知道如何欺騙店主。就像那樣的小事。」
0x04E4,Lucky,Lucky,,0x43f,0,1,False,「一次訓練費用是 35 金幣。你同意嗎？」
0x04E4,Lucky,Lucky,,0x477,0,1,False,Lucky 聳聳肩。「你在島上找不到第二個訓練師了！」
0x04E4,Lucky,Lucky,,0x4bd,0,1,False,「我會很樂意在我的住處的正常營業時間——下午和晚上——向你展示我在這世界上的方法。」
0x04E4,Lucky,Lucky,,0x53c,0,1,False,「小心點，我的朋友。」
0x04E5,Budo,Budo,,0x33,0,1,False,你看到一個肥胖、看起來很快樂的商人。
0x04E5,Budo,Budo,,0x6a,0,1,False,「哈囉，哈囉我的朋友！你看起來像需要花錢的樣子！」
0x04E5,Budo,Shamino,,0xb7,0,1,False,「這地方看起來相當富裕。」
0x04E5,Budo,Iolo,,0xe0,0,1,False,「整座島都非常富裕。這已經不是我們曾經認識的那座島了。」
0x04E5,Budo,Budo,,0x136,0,1,False,「哈囉！你好嗎，我的朋友？」
0x04E5,Budo,Budo,,0x161,0,1,False,「我能怎麼幫助你？」 Budo 問。
0x04E5,Budo,Budo,,0x18c,0,1,False,「為您服務的是第四代 Budo ！今天天氣真好，不是嗎？」
0x04E5,Budo,Budo,,0x261_0x1f2_0x1f2_0x1f2,0,2,True,「我是個物資商人，就像我父親一樣，就像他的父親一樣，就像他的父親的父親一樣。 Budo 商行是島上的傳統！就像友誼會有一天也會成為傳統一樣！
0x04E5,Budo,Budo,,0x261_0x1f2_0x1f2_0x1f2,1,2,True,如果你對武器、護甲、物資或船隻地契感興趣，<VAR><VAR><VAR>
0x04E5,Budo,Budo,,0x373,0,1,False,「 Budo 商行只提供全不列顛尼亞品質最好的護甲。我有所有最好的裝備可供選擇。」
0x04E5,Budo,Budo,,0x3e3,0,1,False,「 Budo 商行為您提供工藝精湛的優良武器。你在其他任何地方都找不到更物超所值的選擇了！」
0x04E5,Budo,Budo,,0x462,0,1,False,「 Budo 商行也為您的方便準備了各式各樣有用的東西。」
0x04E5,Budo,Budo,,0x4ae,0,1,False,「但我已經把『 The Lusty Wench 』的地契賣給你了！她是我目前唯一的一艘船！我很抱歉！」
0x04E5,Budo,Budo,,0x526,0,1,False,「我可以把我的船『 The Lusty Wench 』的地契賣給你。她很美，我的朋友。保證耐用，而且是海上最流線型的船隻！賣 800 金幣。想要她嗎？」
0x04E5,Budo,Budo,,0x5df,0,1,False,「明智之舉。為你準備的一艘宏偉的船！」他收下你的金幣。
0x04E5,Budo,Budo,,0x631,0,1,False,「你拿太多東西了，我的朋友！卸下你的一些物品，我就把這艘美麗船隻的地契賣給你。」
0x04E5,Budo,Budo,,0x6aa,0,1,False,「但你沒有足夠的金幣！或許你應該去賭坊 (House of Games) 增加你口袋裡的重量！」
0x04E5,Budo,Budo,,0x717,0,1,False,「但你絕對無法在世界上任何地方看到像這樣的一艘船！太可惜了！」
0x04E5,Budo,Budo,,0x775,0,1,False,「友誼會幫助我成為了一個非常富有的人！雖然事業是繼承來的企業，但我將一切歸功於友誼會！」
0x04E5,Budo,Budo,,0x81e,0,1,False,「我的曾祖父在很多很多年前創立了這份事業。多虧了盜賊公會，他算是小有成就。但那個時代已經過去了。」
0x04E5,Budo,Budo,,0x8d0,0,1,False,「我的曾祖父將店傳給他的兒子，就這樣一路傳到我。我們天生就是商人！這就是為什麼我知道你為什麼來 Budo 商行！你想成為偉大的 Budo 傳奇的一部分！你需要買點東西！」
0x04E5,Budo,Budo,,0x9b8,0,1,False,「在我父親去世後不久，也就是我剛繼承這家店的時候，生意很差。店鋪有開不下去的危險。但友誼會說服了我加入他們。我證明了我的價值，而友誼會在財務上幫助了我。」
0x04E5,Budo,Budo,,0xaa7,0,1,False,「我不介意告訴你。友誼會分享我一半的利潤。」
0x04E5,Budo,Budo,,0xaea,0,1,False,「它已經不存在了。它們在我祖父那一代就逐漸衰落了。當我還是個孩子，友誼會到來時，除了家庭的紀念品之外，它們已經沒有任何蹤跡了。就連海盜也變了。」
0x04E5,Budo,Budo,,0xbc3,0,2,False,方塊震動了一會兒。
0x04E5,Budo,Budo,,0xbc3,1,2,False,「那艘船經常航行到這裡。我知道它定期前往大陸，在這裡停靠，隔天早上再前往聖者之島 (Isle of the Avatar) 。然後它會反向重複這趟旅程。」
0x04E5,Budo,Budo,,0xc9c,0,1,False,「它定期停靠在這裡。不知道更多的事了。船員非常神祕。」 Budo 轉過頭，顯然不想談論這艘船。
0x04E5,Budo,Budo,,0xd1e,0,1,False,「我希望有機會能再次幫助你，我的朋友！」
0x04E6,Gordy,Gordy,,0x2d,0,1,False,你看到一個穿著優雅且明顯富有的海盜。他身上散發著髮油的味道。
0x04E6,Gordy,Gordy,,0x88,0,1,False,「什麼事？」 Gordy 問。
0x04E6,Gordy,Gordy,,0xa8,0,1,False,「我是 Gordy 。」他咧嘴大笑，向你伸出手。你注意到他的手不太乾淨。
0x04E6,Gordy,Gordy,,0x107,0,1,False,「我是遊戲之屋的『老闆 (The Mister) 』。在我的屋內你可以挑戰你在機率遊戲上的技巧。」他仔細地打量你，衡量你的價值和好騙程度。
0x04E6,Gordy,Gordy,,0x1bb,0,1,False,「進來享受吧！但首先你必須登記。請在簿子上簽名，這樣我們才能核實你所聲稱的身價。」你簽哪個名字？
0x04E6,Gordy,Gordy,,0x24c_0x271,0,1,True,你簽了你的名字。「很好，<PLAYER_NAME>。歡迎來到賭坊 (House of Games) ！」 Gordy 張開雙臂做了一個誇張的姿勢，顯然很高興能歡迎你的錢來到他的賭場。
0x04E6,Gordy,Gordy,,0x306,0,1,False,當 Gordy 看到你寫的名字時皺起眉頭。「聖者，是嗎？我們一週前才剛有一個。他在牌桌上作弊被抓到了！」他退後一步並怒視著。「你要給我們惹麻煩嗎？」
0x04E6,Gordy,Gordy,,0x3d7,0,1,False,「那你不能進來！」
0x04E6,Gordy,Gordy,,0x3f4,0,1,False,「我們走著瞧！」
0x04E6,Gordy,Gordy,,0x40d_0x435,0,1,True,你簽了一個假名字。「好的，<HONORIFIC>。我很高興歡迎你！」 Gordy 張開雙臂做了一個誇張的姿勢，顯然很高興能歡迎你的錢來到他的賭場。
0x04E6,Gordy,Gordy,,0x4bb,0,1,False,「我希望在營業時間能在那裡見到你。」
0x04E6,Gordy,Gordy,,0x4f2,0,1,False,「啊，你是友誼會的成員。你肯定會在這裡的牌桌上找到你的報償！」 Gordy 眨眼並用手肘推了你一下，然後大聲狂笑。
0x04E6,Gordy,Gordy,,0x5c3,0,1,False,「賭坊 (House of Games) 是六年前用……一位利益相關者的資金建立的。它吸引了來自全不列顛尼亞想要用他們的錢過危險生活的人。這門生意非常有利可圖。」他拍了拍他的袋子，發出金幣叮噹的聲音。「非常有利可圖。」他笑著說。
0x04E6,Gordy,Gordy,,0x70a,0,1,False,「這是指我是監督，但這裡的每個人都一直叫我『老闆 (The Mister) 』。我不確定為什麼。但它很吸引我。」他像隻小公雞一樣挺起胸膛，試圖看起來很重要。他幾乎成功了。
0x04E6,Gordy,Gordy,,0x7ee,0,1,False,「而對你來說，那是『Gordy 先生』！」
0x04E6,Gordy,Gordy,,0x82f,0,1,False,「是的，我能為你做什麼？」
0x04E6,Gordy,Gordy,,0x857,0,1,False,他咧嘴笑了，對自己非常滿意。
0x04E6,Gordy,Gordy,,0x882,0,1,False,「每個遊戲都需要明確的技巧來決定最有利潤的下注方式。許多來遊戲之屋的訪客發現他們有這種技巧。其他人，很可悲地，沒有。」
0x04E6,Gordy,Gordy,,0x934,0,1,False,他指著你的友誼會獎章。「你應該不會有任何問題。」他眨眨眼並挑了挑眉。
0x04E6,Gordy,Gordy,,0x99b,0,1,False,「嗯，海盜巢穴 (Buccaneer's Den)不在不列顛尼亞稅務委員會的管轄範圍內。我們不受不列顛尼亞的稅收約束。」 Gordy 邪惡地笑著。「而那……非常有利可圖！」
0x04E6,Gordy,Gordy,,0xa6c,0,1,False,方塊震動了一會兒。「是的，我非常了解 Hook 。他住在賭坊 (House of Games) 下面。去跟 Sintag 談談。他可以為你指路。」
0x04E6,Gordy,Gordy,,0xb08,0,1,False,「我不認識符合那描述的人。」 Gordy 緊張地環顧四周，鬆了鬆衣領，好像它突然變緊了一樣。
0x04E6,Gordy,Gordy,,0xb85,0,1,False,方塊震動了一會兒。「當然是友誼會 。」
0x04E6,Gordy,Gordy,,0xbbd,0,1,False,「嗯，現在，……那樣就會洩漏我的生意和利潤的秘密了，不是嗎？」當他向你靠近並咆哮時，他的舉止變得具有威脅性：「去自己找靠山吧，小狗！」
0x04E6,Gordy,Gordy,,0xc88,0,1,False,「再會，朋友。我期待你的歸來。」
0x04E7,Mandy,Mandy,,0x31,0,1,False,你看到一位五十多歲的女人，她早年可能是個海盜侍女。雖然她很粗野，但她有一種特別的母性特質。
0x04E7,Mandy,Mandy,,0xb9,0,1,False,「又見面了，」 Mandy 說。
0x04E7,Mandy,Mandy,,0xdc,0,1,False,「我是 Mandy 。」
0x04E7,Mandy,Mandy,,0xf3,0,1,False,「我經營墮落處女 (Fallen Virgin) 旅店和酒館。我們在早餐、晚餐和深夜時段營業。
0x04E7,Mandy,Mandy,,0x15f,0,1,False,「如果你想要食物或飲料，或者也許是一個房間，請說出來。」
0x04E7,Mandy,Mandy,,0x1b4,0,1,False,Mandy 看著 Dupre 說：「我認識你嗎？」
0x04E7,Mandy,Dupre,,0x1e7,0,1,False,「是的，女士。我幾個月前來過這裡。」
0x04E7,Mandy,Mandy,,0x21f,0,1,False,「我記得了！你在為 Brommer 的不列顛尼亞旅遊指南工作！你是個酒館評論家！」
0x04E7,Mandy,Dupre,,0x28a,0,1,False,「沒錯，女士。」
0x04E7,Mandy,Mandy,,0x2a4,0,1,False,「歡迎回來！請嚐嚐菜單上的任何東西。它們都還是很好吃。」
0x04E7,Mandy,Dupre,,0x2fa,0,1,False,「我謝謝妳，女士。」
0x04E7,Mandy,Iolo,,0x31a,0,1,False,「你是頭豬， Dupre 。」
0x04E7,Mandy,Mandy,,0x33b,0,1,False,「那就請來酒館，我會很樂意為你服務。」
0x04E7,Mandy,Mandy,,0x392,0,1,False,「如果我自己說的話，我們提供一盤很棒的餿水！那道銀樹葉 真的很特別。你應該嚐嚐看。」
0x04E7,Mandy,Mandy,,0x419,0,1,False,「我可以提供你葡萄酒和麥酒。」
0x04E7,Mandy,Mandy,,0x447,0,1,False,「我們的房間是每人 10 金幣。現在唯一空著的是西南方的房間。其他兩間已經有人住了。你想要一間嗎？」
0x04E7,Mandy,Mandy,,0x4d6,0,1,False,「你看看。你帶太多包袱了，拿不下房間鑰匙！」
0x04E7,Mandy,Mandy,,0x519,0,1,False,「這是房間鑰匙。它只在你離開旅店之前有效。」
0x04E7,Mandy,Mandy,,0x55c_0x584,0,1,True,「看起來你似乎短缺了一點，<HONORIFIC>。」
0x04E7,Mandy,Mandy,,0x58b,0,1,False,「好吧。下次再說。」
0x04E7,Mandy,Mandy,,0x5aa,0,1,False,「這是你在地球表面上能吃到最他媽讚的餿水！」
0x04E7,Mandy,Mandy,,0x5ed,0,1,False,「是的，自從我當侍女的日子以來，我就一直經營這家酒館和旅店。」 Mandy 笑了。「我當時是個相當美麗的人，但你現在看不出來了。我認識鎮上的每個人，他們也都認識我。如果你需要知道關於任何人的事，讓我知道。」
0x04E7,Mandy,Mandy,,0x76c,0,1,False,「他在那個友誼會的地方幫忙。不知為何他總是代理分會領袖。真正的領袖，一個名叫 Abraham 的傢伙，從來不在這裡。 Danag 還好。有點容易受騙。」
0x04E7,Mandy,Mandy,,0x831,0,1,False,「他是個前海盜和惡棍，而且他可以相當刻薄。如果他沒有馬上對你產生好感，他可能永遠也不會。但一旦他這麼做了，你會發現他其實是個相當敏感的男人。」
0x04E7,Mandy,Mandy,,0x907,0,1,False,「在……嗯，似乎是一個世紀以前，我是 Mole 那幫海盜裡的侍女。 Mole 粗野強悍，是個麻煩製造者。直到他加入友誼會。那把他變成……，」 Mandy 聳聳肩。「我不知道，一個中年的前海盜之類的。」
0x04E7,Mandy,Mandy,,0xa0e,0,1,False,「他的家族在海盜巢穴 (Buccaneer's Den)已經好幾代了。如果你問我的話，我覺得他叫賣商品的方式有點太強勢了。」
0x04E7,Mandy,Mandy,,0xaa5,0,1,False,「他讓我發笑。他是個寶貝。你在島上找不到比他更令人愉快、更渴望取悅別人的男人了。他出乎意料地是個好人。」 Mandy 停頓了一下，然後補充道：「對一個皮條客來說。」
0x04E7,Mandy,Mandy,,0xb8e,0,1,False,「她是個非常注重隱私的人。在澡堂工作。我聽說她贏得了某種比賽——這就是為什麼她有幸在那裡。我了解 Glenno 在那裡給他們的薪水很高。」
0x04E7,Mandy,Mandy,,0xc4e,0,1,False,「她是個非常注重隱私的人。在澡堂工作。我這輩子跟她說的話不超過三句。」
0x04E7,Mandy,Mandy,,0xcb8,0,1,False,「他是個非常注重隱私的人，但是，喔，我必須說他是個有魅力的男人！他在澡堂工作。我承認我是他的客戶之一。他確實在幫我『洗盤子』，如果你懂我的意思。」
0x04E7,Mandy,Mandy,,0xd94,0,1,False,「他是個前惡棍，我可以告訴你這點！想到他現在竟然靠教導別人成為惡棍維生！」 Mandy 聳聳肩。「人各有志。」
0x04E7,Mandy,Mandy,,0xe2c,0,1,False,「我跟他沒那麼熟，雖然他看起來是個真誠的男人。他像經營一艘船一樣經營著遊戲之屋。他也是個前海盜。一定當過船長。」
0x04E7,Mandy,Mandy,,0xed5,0,1,False,「他是另一個海盜。我知道他在賭坊 (House of Games) 工作。我想他是負責實際遊戲的人。我跟他不熟。」
0x04E7,Mandy,Mandy,,0xf5d,0,1,False,「布嚕嚕！他是個可怕的男人。你可以看出他殺過人。他是賭坊 (House of Games) 的守衛。你絕對不會想被他抓到作弊！」
0x04E7,Mandy,Mandy,,0xffa,0,1,False,你感覺到方塊在震動，但不知為何你知道就算沒有它， Mandy 也會告訴你實話。
0x04E7,Mandy,Mandy,,0x1062,0,1,False,Mandy 向你低語。「我知道你說的是誰。他住在島上某處，但我不確定在哪裡。他很少來酒館，但我偶爾見過他。」
0x04E7,Mandy,Mandy,,0x10f9,0,1,False,「他嚇死我了。」
0x04E7,Mandy,Mandy,,0x1119,0,1,False,「嗯，他是個殺手。有些人認為他要為去年發生的謀殺案負責。」
0x04E7,Mandy,Mandy,,0x1182,0,1,False,「這個他們稱為 Hook 的男人身上有一種殺手的氣息。你可以從他的眼神裡看出來。如果我得罪了他，我會非常小心。」
0x04E7,Mandy,Mandy,,0x121f,0,1,False,「有一個名叫 Duncan 的小偷，他從遊戲之屋和澡堂偷了資金。我相信他也闖入了友誼會會堂。總之，他被逮捕了。但有一天早上，當守衛給他送早餐時，他不見了！每個人都以為他逃跑了，直到在老 Blacktooth 住的房子裡發現了他的屍體。這是在 Blacktooth 住那裡之前發生的事。」
0x04E7,Mandy,Mandy,,0x1394,0,1,False,「他被肢解了——他的手臂和腿被砍斷，而且他真的失去了他的頭！直到今天，沒人知道是誰做的。但當 Hook 在附近時，人們會在他背後議論。他絕對有能力做出這種事！」
0x04E7,Mandy,Mandy,,0x1479,0,1,False,「很高興和你談話。我希望晚點能再見到你。」
0x04E8,Smithy,Smithy,,0x15,0,1,False,你看到一個衣著考究，頭髮塗著油的海盜。
0x04E8,Smithy,Smithy,,0x4f,0,1,False,「我能幫你嗎？」 Smithy 問。
0x04E8,Smithy,Smithy,,0x76,0,1,False,「我是 Smithy 。」
0x04E8,Smithy,Smithy,,0x8e,0,1,False,「我在賭坊 (House of Games) 負責遊戲營運。
0x04E8,Smithy,Smithy,,0xc5,0,1,False,「我可以為你解釋規則和玩法。我也會確保沒人作弊。」
0x04E8,Smithy,Smithy,,0x11f,0,1,False,「請在設施營業時來試試你的身手。」
0x04E8,Smithy,Smithy,,0x153,0,1,False,「如果你作弊被抓到，你將被逮捕。而且我們真的會起訴！」
0x04E8,Smithy,Smithy,,0x1a5,0,1,False,「你有三種遊戲可以玩。第一種是美德輪盤。第二種是老鼠賽跑。第三種是三倍。你想聽聽規則嗎？」
0x04E8,Smithy,Smithy,,0x22d,0,1,False,「你想聽哪個遊戲的規則？」
0x04E8,Smithy,Smithy,,0x280,0,1,False,「沒關係。」
0x04E8,Smithy,Smithy,,0x293,0,1,False,「只需將你想要下注的金幣數量放在一個或多個顏色上。使用轉盤，如果你猜對了，你的錢就會增加。」
0x04E8,Smithy,Smithy,,0x31e,0,1,False,「將你的賭注下在你認為老鼠會跑的那條通道末端的綠色標記上。」
0x04E8,Smithy,Smithy,,0x379,0,1,False,「你可以押三倍數，也就是三個 1 、三個 2 或三個 3 。這個的回報率最高。押『1、2、3』的回報略少。總和為『4』、『5』、『7』或『8』的回報最少。不要把錢放在數字之間，特別是『4』和『5』之間。如果『6』是由三個 2 以外的任何組合所組成，就會輸。下注後，轉動輪盤。」
0x04E8,Smithy,Smithy,,0x4ec,0,1,False,「那好吧。你自求多福吧。」
0x04E8,Smithy,Smithy,,0x514_0x524,0,1,True,「再見了，<HONORIFIC>。」
0x04E9,Paul,Paul,,0x15,0,1,False,你看到一個年輕的表演者向你招手。
0x04E9,Paul,Paul,,0x46,0,1,False,「什麼事？」 Paul 問。
0x04E9,Paul,Paul,,0x65,0,1,False,「我是 Paul 。我的同事們名叫 Meryl 和 Dustin 。」
0x04E9,Paul,Paul,,0xa5,0,1,False,「我們表演一齣關於友誼會的受難劇 (Passion Play) 。看戲只要每人 2 金幣。如果你想看我們表演，請說出來。」
0x04E9,Paul,Paul,,0x152,0,1,False,「受難劇 (Passion Play) 是一種在舞台上表演的道德故事。」
0x04E9,Paul,Paul,,0x19f,0,1,False,「看劇會簡單得多。」
0x04E9,Paul,Paul,,0x1be,0,1,False,「我很抱歉地說我們正在休息。請在正常時間回到舞台區。」
0x04E9,Paul,Paul,,0x210,0,1,False,「你想看我們的受難劇 (Passion Play) 嗎？」
0x04E9,Paul,Paul,,0x248,0,1,False,Paul 收下你的金幣。「我們感謝你。如果你覺得準備好了，我們就開始吧。」
0x04E9,Paul,Paul,,0x2ae,0,1,False,「喔天啊。我恐怕你沒有足夠的金幣來支付表演費用。希望下次有機會。」
0x04E9,Paul,Paul,,0x313,0,1,False,「很抱歉。看來我的演員同伴們沒空。受難劇暫時關閉了。」
0x04E9,Paul,Paul,,0x366,0,1,False,「那就希望下次有機會了。」
0x04E9,Paul,Paul,,0x38f,0,1,False,這位演員向你鞠躬。
0x04EA,Meryl,Meryl,,0x0,0,1,False,你看到一位表情非常嚴肅的中年女演員。她無法和你說話，因為她正專注於受難劇中她扮演的角色。也許你該去和 Paul 談談。
0x04EB,Dustin,Dustin,,0x0,0,1,False,你看到一位四十多歲、矮胖結實的男演員。他現在無法和你說話，因為他正專注於記誦受難劇的台詞。也許你該去和 Paul 談談。
0x04EC,Ellen,Ellen,,0x0,0,1,False,Ellen 將手指放在嘴唇上。有一場友誼會 的會議正在進行。
0x04EC,Ellen,Ellen,,0x4e,0,1,False,「哈囉～很抱歉我這麼失禮，但我參加友誼會會議要遲到了。我們能下次再談嗎？」
0x04EC,Ellen,Ellen,,0xbf,0,1,False,這位看起來很和藹且熱情的女人，笑容滿面地說：「我很榮幸能見到聖者。」
0x04EC,Ellen,Ellen,,0x126,0,1,False,「是的，聖者？」Ellen 問。
0x04EC,Ellen,Ellen,,0x167,0,1,False,「我的名字是 Ellen。」
0x04EC,Ellen,Ellen,,0x186,0,1,False,「我在友誼會分會做簿記工作。我和我的丈夫 Klog 一起工作。」
0x04EC,Ellen,Ellen,,0x1ea,0,1,False,「這很可怕，不是嗎？當然，我整晚都和 Klog 在家裡。」
0x04EC,Ellen,Ellen,,0x236,0,1,False,「也許你可以稱之為『自信認知』的理念。我們每晚都在這個分會辦公室見面。」
0x04EC,Ellen,Ellen,,0x2ba,0,1,False,「友誼會在全不列顛尼亞都有分會。這是一個非常受歡迎的理念社團。」
0x04EC,Ellen,Ellen,,0x31b,0,1,False,「我的丈夫 Klog 是位出色的分會領袖。他是所有 Trinsic 成員的靈感來源。」
0x04EC,Ellen,Ellen,,0x37f,0,1,False,「再見。我希望很快能再見到你。」
0x04ED,Kessler,Kessler,,0x1c,0,1,False,你看到一位看起來非常有權威的年長男人，正帶著深思熟慮的關切看著你。
0x04ED,Kessler,Kessler,,0x80,0,1,False,「我很高興你又來看我了，」 Kessler 說。
0x04ED,Kessler,Kessler,,0xb7,0,1,False,「我的名字是 Kessler 。」
0x04ED,Kessler,Kessler,,0xd9,0,1,False,「我在不列顛城這裡經營藥劑店。」
0x04ED,Kessler,Kessler,,0x114,0,1,False,「雖然藥劑師的正常職責是管理藥水和魔法配方，但我現在幾乎專為不列顛王工作，試圖研究一個特定的問題。」
0x04ED,Kessler,Kessler,,0x1c0,0,1,False,「它們在不列顛尼亞這裡絕對不是最近的發明！藥水是具有某些魔法特性的液體，用於各種目的，例如治療傷害和疾病。如果你感興趣的話，我有一些可以出售。」
0x04ED,Kessler,Kessler,,0x2b0,0,1,False,「自從法師們變得如此無能後，我們被迫發展其他方法來完成我們過去依賴法師所做的一切事情。不幸的是，許多這些新方法至今仍未經測試。」
0x04ED,Kessler,Kessler,,0x37e,0,1,False,「我們對我們使用的大多數物質的影響仍然知之甚少。許多物質引起的問題比解決的還多，或者如果與其他元素一起服用，會產生不同的反應。有些可能會讓你對健康產生依賴，有些則可能根本就是有毒的。」
0x04ED,Kessler,Kessler,,0x493,0,1,False,「我正在研究一種名為銀蛇毒液的特定物質的影響。但我遇到了一些困難。」
0x04ED,Kessler,Kessler,,0x508,0,1,False,「就像人可以從名字中猜到的那樣，它是從危險的銀蛇身上取出的毒液。許多人對這些生物的著迷引起了對毒液本身極大的好奇。」
0x04ED,Kessler,Kessler,,0x5c1,0,1,False,「有些人聲稱石像鬼服用毒液，這導致他們在戰鬥等方面獲得增強。這可能只是一個神話，但人們感受到的好奇心卻是千真萬確的。」
0x04ED,Kessler,Kessler,,0x673,0,1,False,「我最大的困難在於找到大量有意義的銀蛇毒液。但這絕不是我唯一的困難。」
0x04ED,Kessler,Kessler,,0x6f1,0,1,False,「如果你碰巧遇到任何銀蛇毒液，把它帶回這裡給我。對於你能提供的每一瓶，我將支付你五十金幣。」
0x04ED,Kessler,Kessler,,0x77c,0,1,False,「人們需要被警告銀蛇毒液有多危險。為此，我希望在不列顛王和領主與市長們的會議前發表我的發現，但為了做到這一點，我必須先完成我的研究。」
0x04ED,Kessler,Kessler,,0x846,0,1,False,「最近一種非常奇怪物質的使用量急遽上升。人們開始刻意服用銀蛇的毒液。」
0x04ED,Kessler,Kessler,,0x8b7,0,1,False,「銀蛇會產生一種極度致命的毒液，但當服用的量少於致死量時，它會引起各種奇怪的影響。」
0x04ED,Kessler,Kessler,,0x93d,0,1,False,「有一段時間，毒液會提升人的生理和心理表現，例如讓人能更努力工作。但在藥效退去後，它會對使用者造成永久性的損害。」
0x04ED,Kessler,Kessler,,0x9f0,0,1,False,「它首先會讓使用者感到極度疲憊，最終導致皮膚脫落。毒液是一種危險物質，你在任何情況下都不應該服用它。」
0x04ED,Kessler,Kessler,,0xa8a,0,1,False,「你沒有任何毒液瓶！」
0x04ED,Kessler,Kessler,,0xaac,0,1,False,Kessler 仔細檢查這瓶毒液。
0x04ED,Kessler,Kessler,,0xad0,0,1,False,Kessler 仔細檢查這些毒液。
0x04ED,Kessler,Kessler,,0xaf4,0,1,False,他抬頭看你並點點頭。「這確實是銀蛇毒液。我將以每瓶 50 金幣向你收購。好嗎？」
0x04ED,Kessler,Kessler,,0xb65_0xb8d,0,1,True,Kessler 打開他的錢包並付給你 <VAR> 金幣。
0x04ED,Kessler,Kessler,,0xb98,0,1,False,「你負擔太重了，帶不了更多錢。」
0x04ED,Kessler,Kessler,,0xbc9,0,1,False,「我看到你手頭上有一批銀蛇毒液。或許我們應該進一步談談。」
0x04ED,Kessler,Kessler,,0xc21,0,1,False,「很好。」
0x04ED,Kessler,Kessler,,0xc31,0,1,False,「藥劑店關門了。它的營業時間是中午到午夜。你可以到時候再來。」
0x04ED,Kessler,Kessler,,0xc8f,0,1,False,「我總是保持新鮮的原料庫存和調配好的藥水庫存，以防任何人需要它們。你想買一瓶嗎？」
0x04ED,Kessler,Kessler,,0xd0b,0,1,False,「如果你需要任何藥水，一定要回來。」
0x04ED,Kessler,Kessler,,0xd42_0xd5e,0,1,True,「很高興和你說話，<HONORIFIC>。」
0x04EE,Perrin,Perrin,,0x15,0,1,False,你面前的男人伸了個懶腰，深深吸了一口氣。
0x04EE,Perrin,Perrin,,0x52_0x68,0,1,True,「榮耀的一天，<PLAYER_NAME>。」 Perrin 咧嘴笑了。
0x04EE,Perrin,Perrin,,0x86_0x90,0,1,True,「請，<HONORIFIC>，叫我 Perrin 。我住在人神修道院這裡。」
0x04EE,Perrin,Perrin,,0xd9_0xef,0,1,True,「我是個學者，<HONORIFIC>。你想要在書本領域接受訓練嗎？」
0x04EE,Perrin,Perrin,,0x120,0,1,False,「我的價格是每次訓練 45 金幣，但我還會教你我所知道的一點點魔法。可以接受嗎？」
0x04EE,Perrin,Perrin,,0x194_0x1a1,0,1,True,「很好，<HONORIFIC>。」
0x04EE,Perrin,Perrin,,0x1a8,0,1,False,「原諒我，我在尋找學生方面有點太過熱心了。我希望你未來會回來。」
0x04EE,Perrin,Perrin,,0x209,0,1,False,「這是個令人愉快的地方。我喜歡這種隱私，讓我有機會在需要時專心研究。友誼會就在馬路對面，而且我附近有一位治療師。另外，我開始了一項關於處理死亡對殯葬業者影響的研究。我正以 Tiery 作為案例研究。」
0x04EE,Perrin,Perrin,,0x342,0,1,False,「那是修道院。住在那裡的僧侶以釀造精美葡萄酒的能力而聞名。附近有高等法院和監獄。」
0x04EE,Perrin,Perrin,,0x3dc,0,1,False,「你應該嚐嚐看。僧侶們已經釀造了三百多年！」
0x04EE,Perrin,Perrin,,0x41f,0,1,False,「那裡的官員名叫 Sir Jeff 。據我所知，他對底下的人管得很嚴。我一點也不羨慕和他一起工作的獄卒。整天跟在這麼嚴格的紀律奉行者身邊一定非常困難。」
0x04EE,Perrin,Perrin,,0x4f0,0,1,False,「它就位於法庭後面。而且，」他咧嘴笑著，「我很自豪地說，那至少是我一無所知的一件事。」
0x04EE,Perrin,Perrin,,0x572,0,1,False,「他是住在友誼會北邊的殯葬業者。」
0x04EE,Perrin,Perrin,,0x5a6,0,1,False,「我還沒見過她，但我知道她喜歡動物。我曾看過她和棲息在這個地區的鹿與松鼠玩耍。」
0x04EE,Perrin,Perrin,,0x61f_0x62c,0,1,True,「再見，<PLAYER_NAME>。祝你的旅程順利。」
0x04EF,Owings,Owings,,0x0,0,1,False,在你面前的是個骨瘦如柴的男人，臉上帶著傻笑。他一手拿著燈籠，另一手拿著一把髒湯匙。
0x04EF,Owings,Owings,,0x7c,0,1,False,「又見面了，」 Owings 說。他微笑著對你脫下他的礦工帽致意。
0x04EF,Owings,Owings,,0xe5,0,1,False,「我的名字是 Owings ，」他說著，迅速上下握了握你的手。「很高興認識你。」
0x04EF,Owings,Owings,,0x14e,0,1,False,「我的夥伴名叫 Malloy 。」
0x04EF,Owings,Owings,,0x172,0,1,False,「你已經認識我的夥伴 Malloy 了。」
0x04EF,Owings,Owings,,0x1a2,0,1,False,「我做他做的事。」 Owings 用拇指向旁邊正在挖掘的 Malloy 比了比。那個胖男人正試圖只用一把湯匙鑿穿岩壁。 Owings 的拇指戳到了他的背。
0x04EF,Owings,Malloy,,0x25a,0,1,False,Malloy 看向你，在他站起來時給了你一個友善的揮手。就在他這麼做的時候，他撞到了頭。發出一聲響亮的敲擊聲。他非常大聲地說：「喔喔喔喔喔喔！」他的叫聲在整個礦坑中迴盪。你可以感覺到天花板裂縫中掉落的灰塵落在你的肩膀上。
0x04EF,Owings,Owings,,0x398,0,1,False,Owings 突然看起來非常緊張，將雙臂抱住頭。一陣可怕的隆隆聲響起，你感覺腳下的地面開始震動。片刻後震動平息了。他們兩人都顯得非常鬆了口氣。
0x04EF,Owings,Malloy,,0x461,0,1,False,Malloy 一手扶著瘀傷的頭，另一手在地上摸索。他終於找到並撿起一頂金屬礦工安全帽。他小心翼翼地把它戴在頭上，這似乎仍然讓他感到疼痛。你可以看到 Malloy 的頭頂勉強塞得進去。
0x04EF,Owings,Owings,,0x556,0,1,False,「讓我重新說一遍。我做他做的事，除了一點，我總是戴著我的安全帽。」話音剛落， Owings 用力點頭，上下晃動他的頭。這導致他的安全帽掉下來遮住他的眼睛。
0x04EF,Owings,Malloy,,0x62f,0,1,False,Malloy 看了看你又看了看 Owings ，對你們兩個做了一個難以置信的撅嘴鬼臉。
0x04EF,Owings,Owings,,0x6ac,0,1,False,「通常我都在挖掘，但最近我似乎找不到我的夥伴 Malloy 。所以我想我的工作就是找他。不知道他去哪了？」
0x04EF,Owings,Owings,,0x73c,0,1,False,Owings 把手搭在你的肩膀上，將手指放在嘴唇上。「噓！安靜點！這是一條舊隧道。工頭 Mikos 說，任何突然的巨響都可能引發崩塌！」
0x04EF,Owings,Malloy,,0x7ee,0,1,False,Malloy 回到挖掘工作中。工作的勞累導致他的安全帽掉下來。他嘆口氣，撿起來戴上，然後繼續工作。幾乎立刻它又掉下來了。他重新戴上。它掉下來。他重新戴上。 Malloy 咕噥並嘆氣。它掉下來。他沮喪地重新戴上。這事反覆發生了好幾次，看著都讓人覺得痛苦。最後， Malloy 乾脆讓安全帽躺在那裡並發起脾氣。他顫抖著咬住自己的手，以防在挫折中哭喊出來。
0x04EF,Owings,Owings,,0x9cf,0,1,False,Owings 走到 Malloy 面前，將手指放在嘴唇上。「噓！」 Owings 低頭看到 Malloy 的安全帽掉在地上。「你不記得 Mikos 告訴過你總是戴著安全帽嗎？」他說。 Owings 撿起它並拍掉灰塵。他把它壓在 Malloy 痠痛的頭上，痛得 Malloy 皺起了臉。「不用謝我！」 Owings 說。話音剛落，他上下點頭，導致他安全帽的前緣掉下來遮住了眼睛。他盲目地伸出雙臂。
0x04EF,Owings,Malloy,,0xb94,0,1,False,Malloy 看了看 Owings 又看了看你，對你們兩個做了一個撅嘴的鬼臉。
0x04EF,Owings,Owings,,0xbed,0,1,False,你伸手把 Owings 的安全帽往後推，這樣它就不再遮住他的眼睛了。他感激地對你微笑。他拿下安全帽抓了抓頭頂。他重新戴上，它立刻又傾斜下來遮住他的眼睛。
0x04EF,Owings,Malloy,,0xcc3,0,1,False,Malloy 看著這一切，得意地笑著並慢慢搖頭。
0x04EF,Owings,Owings,,0xd13,0,1,False,「這個礦坑的工頭 Mikos 告訴我們要一直戴著安全帽。這非常重要。我們倆甚至送了一頂礦工安全帽給不列顛王。一個穿得像聖者的滑稽男人告訴我們，不列顛王曾經被掉落的物體砸到頭——兩次！所以我們寄了一頂安全帽給他。」
0x04EF,Owings,Malloy,,0xe45,0,1,False,看來 Malloy 再也無法忍受被排除在對話之外了。「送安全帽給不列顛王是『我』的主意，」他驕傲地說。「雖然我們還沒收到他的回覆，但我確定他會找到方法感謝我們的。」 Malloy 的安全帽掉了下來，他在那裡站了很久才恢復鎮定把它撿起來。
0x04EF,Owings,Owings,,0xf89,0,1,False,「你真是個好人，幫我修好我的安全帽，」 Owings 說，給你一個燦爛的笑容。
0x04EF,Owings,Malloy,,0xfef,0,1,False,你看到 Malloy 非常懷疑地看著 Owings 的安全帽。「你戴著我的帽子！」他發出低吼的「哼！」並一把抓下 Owings 頭上的安全帽。 Malloy 摘下自己的安全帽，隨意丟在地上。然後他戴上 Owings 的安全帽。這對他來說非常合適。 Malloy 對你們兩人露出一個高傲的燦爛笑容。他簡短地點了點頭，轉身回去工作。
0x04EF,Owings,Owings,,0x117d,0,1,False,Owings 看了看 Malloy 又看回你。他非常困惑。「這可不太好， Malloy ！你拿了我的帽子！」 Owings 皺起眉頭。他的下唇開始顫抖。
0x04EF,Owings,Owings,,0x1231,0,1,False,Owings 伸出手，非常小心地把 Malloy 頭上的礦工安全帽拿下來，以至於他都沒發現。 Owings 帶著勝利的竊笑把安全帽戴回自己頭上。他指著帽子，拍了拍 Malloy 的背讓他知道自己做了什麼。
0x04EF,Owings,Malloy,,0x1327,0,1,False,Malloy 停止挖掘並站起來。就在他這麼做的時候，他的頭撞到了天花板。再次發出了響亮的敲擊聲。 Malloy 說：「喔喔喔！」搖搖頭讓自己清醒後，他慢慢地走向 Owings 。他非常生氣——氣到沒發現他踩進了另一頂安全帽裡，且它卡在他的腳上。他拿起湯匙往 Owings 的鼻子上敲下去。
0x04EF,Owings,Owings,,0x149b,0,1,False,被打中鼻子後， Owings 猛地往後仰，導致他的安全帽掉下來。「喔！我的安全帽！」他哭喊道。
0x04EF,Owings,Malloy,,0x151a,0,1,False,Malloy 氣到再也無法克制自己。「那不是你的安全帽！那是我的安全帽！」他大喊。這在礦坑裡引起了雷鳴般的回音。你可以感覺到一陣落塵和岩石。伴隨著低沉的隆隆聲和不祥的地面震動。 Owings 和 Malloy 嚇壞了，在恐慌中他們直接撞在了一起。 Malloy 的腳——那隻卡著安全帽的腳——滑了出去，讓他一屁股跌坐在地上。兩人都抱住頭，等待著大規模崩塌的到來。
0x04EF,Owings,Owings,,0x1704,0,1,False,經過片刻恐懼的預期，震動平息了。隧道依然屹立不搖，絲毫未損。「我以為我死定了！」 Owings 說。話音剛落，一塊大石頭從天花板掉下來，正中 Owings 的頭。發出了一聲響亮的敲擊聲。 Owings 開始像個小孩一樣撅起嘴大哭起來。
0x04EF,Owings,Malloy,,0x1834,0,1,False,Malloy 指著 Owings 笑到眼淚流下來。 Malloy 抬頭看了看天花板，開始四處摸索他的安全帽。最後，他在自己身下摸索著，抽出了他的安全帽，他剛才就跌坐在它上面！看著那頂帽子， Malloy 發現他龐大的身軀已經把它壓扁了。它毀了。他還是戴上了它，看起來滑稽極了，而他歡笑的眼淚變成了悲傷的眼淚。現在，兩人都陷入了孩子般的嚎啕大哭中。 Malloy 看著 Owings 說：「這又是你給我們惹的一個爛攤子！」
0x04EF,Owings,Owings,,0x1a4e,0,1,False,Owings 和 Malloy 兩人都無法停止哭泣，揮手道別。
0x04EF,Owings,Owings,,0x1a8f_0x1aa2,0,1,True,「祝你日安，<HONORIFIC>。」
0x04F0,Anton,Anton,,0x15_0x28,0,1,True,「我感謝你，<HONORIFIC>。你真是有著崇高的榮譽感！我希望有一天能報答你的恩情！」
0x04F0,Anton,Anton,,0x7e,0,1,False,一個表情陰沉的男人向你打招呼。
0x04F0,Anton,Anton,,0xac,0,1,False,「哼，」Anton 說。
0x04F0,Anton,Anton,,0xc5,0,1,False,「我，」他抓著鼻子說，「是 Anton，雖然你不會關心我。除非，當然了，你正要把我關進頸手枷。」
0x04F0,Anton,Sullivan,,0x14c_0x171,0,1,True,「放尊重點，Anton。我相信 <HONORIFIC> 是真的對你的名字感興趣。」
0x04F0,Anton,Anton,,0x1ab,0,1,False,「那是什麼該死的愚蠢問題？我在監獄裡！我能有什麼該死的工作？」
0x04F0,Anton,Grod,,0x209,0,1,False,「是啊，愚蠢的問題。」
0x04F0,Anton,Sullivan,,0x22b,0,2,False,「放輕鬆，Anton。我相信你很快又會有工作的。」他轉向你。
0x04F0,Anton,Sullivan,,0x22b,1,2,False,「他拜在賢者 Alagner 門下為徒，賢者吩咐他查明關於友誼會的情報……」
0x04F0,Anton,Anton,,0x2de,0,1,False,「安靜，蠢貨！現在他們肯定會殺了我！」他絕望地看著你。
0x04F0,Anton,Sullivan,,0x331,0,1,False,「你已經忘了嗎，親愛的 Anton？你早些時候就已經把情報洩露給他們了。」
0x04F0,Anton,Anton,,0x396,0,1,False,「我有嗎？」
0x04F0,Anton,Sullivan,,0x3aa,0,1,False,他點點頭。
0x04F0,Anton,Anton,,0x3bb,0,2,False,Anton 轉向食人妖。
0x04F0,Anton,Anton,,0x3bb,1,2,False,「我有嗎？」
0x04F0,Anton,Grod,,0x3e9,0,1,False,食人妖點點頭。
0x04F0,Anton,Anton,,0x400,0,1,False,「喔，好吧。繼續！」
0x04F0,Anton,Sullivan,,0x420,0,2,False,「就像我剛才說的，他的導師派他來觀察友誼會。當然，他被發現並被帶到這裡受刑。」他轉回 Anton。
0x04F0,Anton,Sullivan,,0x420,1,2,False,「不過別怕，Anton。不用多久你就會重獲自由，能夠回到你的導師 Alagner 身邊，繼續你的學業，」他微笑著說。
0x04F0,Anton,Anton,,0x54f,0,1,False,「是的，下次他們很可能會把我關在裡面直到我爛掉。或者，至少直到我被食人妖鞭打致死。」
0x04F0,Anton,Anton,,0x5dc_0x616,0,1,True,「我因為被控從事間諜活動而被關在這裡，<HONORIFIC>。這是個錯誤的指控，但他們很可能還是會殺了我……」
0x04F0,Anton,Anton,,0x676,0,1,False,「嗯，真的很少人會這樣。」
0x04F0,Anton,Anton,,0x69e,0,1,False,「嗯，我絕對沒有犯下這樣的罪行！」
0x04F0,Anton,Anton,,0x6d2,0,1,False,「想到我會為了除了用知識充實自己以外的任何理由去尋找情報，這簡直荒謬至極！這……這……這根本就是荒唐！」
0x04F0,Anton,Anton,,0x76f_0x78e,0,1,True,「哎呀，就是友誼會，<HONORIFIC>。」
0x04F0,Anton,Anton,,0x795,0,1,False,「食人妖每天都要打我好幾次。我撐不了多久了。」
0x04F0,Anton,Sullivan,,0x7db,0,1,False,「來吧，來吧，Anton，肯定沒那麼糟。畢竟，友誼會為我們提供了一個住處，還有比我們能……更多的食物……呃，他們還給我們食物！」
0x04F0,Anton,Anton,,0x893,0,1,False,「他是一位居住在 New Magincia 的賢者。或許是全不列顛尼亞最博學的人！而現在，」他嘆了口氣，「我將不再有機會從他浩瀚的智慧寶庫中汲取知識了。」
0x04F0,Anton,Anton,,0x95f,0,1,False,「哎呀，他們是一群很棒的人，不斷致力於為不列顛尼亞的人民帶來健康、幸福和靈性。」
0x04F0,Anton,Anton,,0x9d8,0,2,False,他用食指示意你靠近，並壓低了聲音。
0x04F0,Anton,Anton,,0x9d8,1,2,False,「才怪！我一有機會就會離開這個邪惡的巢穴。我建議你也這麼做！」
0x04F0,Anton,Anton,,0xa6b_0xa7e,0,1,True,「別太匆忙，<HONORIFIC>，因為我們所知的世界很快就會不復存在了。」
0x04F1,Papa,Papa,,0x0,0,1,False,「走開，殺蜂人！」
0x04F1,Papa,Papa,,0x32,0,1,False,你看到一個有點野性的裸體男人。他對自己沒穿衣服一點都不在意。
0x04F1,Papa,Papa,,0x8d,0,1,False,「蛤？」Papa 問。
0x04F1,Papa,Papa,,0xa5,0,1,False,「我是 Murray。」
0x04F1,Papa,Papa,,0xbc,0,1,False,「我 Papa！」男人咧嘴笑著，露出掉了幾顆的牙齒。他滿不在乎地抓了抓屁股。
0x04F1,Papa,Papa,,0x138,0,1,False,「嘿，什麼工作？我在這裡過得很好。別煩我！」
0x04F1,Papa,Papa,,0x17b,0,1,False,男人看起來很困惑。「工作？我沒工作。我活著。我和 Mama 住在這裡。不需要工作。洞穴提供一切。」
0x04F1,Papa,Papa,,0x20f,0,1,False,「衣服讓我發癢，所以我不穿。」
0x04F1,Papa,Papa,,0x23d,0,1,False,「衣服？！」男人爽朗地笑著，拍拍自己的肚子。「沒衣服，沒衣服，」他向你保證，仍然在輕笑。
0x04F1,Papa,Papa,,0x2c2,0,1,False,「真是個淑女，不是嗎？」他用手肘輕推你並眨了眨眼。
0x04F1,Papa,Papa,,0x30e,0,1,False,「嗯。Mama！我 Papa。她 Mama。我們做 zug-zug。也許有一天會做出男孩或女孩！」
0x04F1,Papa,Papa,,0x376,0,1,False,「我們愛這個洞穴。蜜蜂不會打擾我們。當牠們睡覺時，我們就去採蜜。我們在營火上烤老鼠。牠們其實還不錯。你應該試試！」
0x04F1,Papa,Papa,,0x422,0,1,False,「洞穴對我們很好。我們遠離蜜蜂。牠們不傷害我們。我們不傷害牠們。我們在牠們睡覺時拿蜂蜜。我們吃洞穴裡的老鼠。在營火上烤來吃。非常好！」
0x04F1,Papa,Iolo,,0x4ed,0,1,False,「我可能會吐。」
0x04F1,Papa,Papa,,0x51c,0,1,False,「如果你不打擾牠們，牠們就不會打擾你。」
0x04F1,Papa,Papa,,0x559,0,1,False,「如果我們不傷害牠們，牠們很友善。」
0x04F1,Papa,Papa,,0x590,0,1,False,男人看到 Tseramed 皺起眉頭。他指責地指著你。「獵蜂人？」
0x04F1,Papa,Papa,,0x5e0,0,1,False,「走開！」男人朝你吐口水，然後轉過身去。
0x04F1,Papa,Papa,,0x61e,0,1,False,他指著 Tseramed。「他是獵蜂人！走開！」男人朝你吐口水，然後轉過身去。
0x04F1,Papa,Tseramed,,0x683,0,1,False,「這是在演戲，我告訴你！這些人不是野蠻人！他們是不列顛尼亞人！」
0x04F1,Papa,Iolo,,0x6e5,0,1,False,「他對我來說相當野蠻！」
0x04F1,Papa,Papa,,0x712,0,2,False,男人摸著肚子微笑著，舔了舔嘴唇。
0x04F1,Papa,Papa,,0x712,1,2,False,「嗯嗯嗯嗯嗯嗯嗯嗯嗯嗯嗯！」
0x04F1,Papa,Papa,,0x76f,0,2,False,男人摸著肚子，嘴裡發出嘖嘖的聲音。
0x04F1,Papa,Papa,,0x76f,1,2,False,「嗯嗯嗯嗯嗯嗯嗯嗯嗯嗯嗯嗯嗯！」
0x04F1,Papa,Papa,,0x7d5,0,1,False,「當然。牠們認識 Mama 和我。我們是牠們的朋友。」
0x04F1,Papa,Papa,,0x81b,0,1,False,男人點點頭。「牠們認識 Mama 和我。我們是蜜蜂的朋友。蜜蜂睡覺時讓我們吃蜂蜜。蜜蜂醒著時不喜歡給蜂蜜。」
0x04F1,Papa,Papa,,0x8be,0,1,False,「我告訴過你。我們在這裡很久了。」
0x04F1,Papa,Papa,,0x8f2,0,1,False,「Mama 和我從小嬰兒時就住在洞穴裡。」
0x04F1,Papa,Iolo,,0x928,0,1,False,「聖者！他們一定是被遺棄在這裡的！哎呀，他們一定是兄妹！」
0x04F1,Papa,Papa,,0x987,0,1,False,男人點點頭。「那時候我們是嬰兒。」
0x04F1,Papa,Papa,,0x9d0,0,2,False,男人的眼睛睜大了，意識到你是認真的，然後翻了個白眼看著地板。
0x04F1,Papa,Papa,,0x9d0,1,2,False,「該死！好吧。你抓到我了。你說得對。Mama 和我來自 Yew，」男人用完美、充滿智慧的聲音說道。然後他爽朗地大笑起來。「不過我們把你騙得團團轉，不是嗎！」
0x04F1,Papa,Papa,,0xb09,0,1,False,「沒錯。我的真名是 Murray。Mama 其實是 Myrtle。我原本是鎮上的一名持有完整執照的藥劑師，直到不列顛尼亞稅務委員會找上我。他們想把我剝個精光，所以我就把衣服都給他們了！
0x04F1,Papa,Papa,,0xbf8,0,1,False,「從那時起，Myrtle 和我更喜歡在這裡和蜜蜂一起生活。這裡的生活如此……無憂無慮。我們選擇與自然共存。現在，如果你不介意的話，我將與你隔離並向你告別。」
0x04F1,Papa,Papa,,0xcd6,0,1,False,Papa 微笑著揮手。
0x04F2,Taylor,Taylor,,0x15,0,1,False,你看到一個有魅力、看起來很用功的男人。
0x04F2,Taylor,Taylor,,0x4f_0x5c,0,1,True,「是的，<HONORIFIC>，」Taylor 問道。「我能幫你嗎？」
0x04F2,Taylor,Taylor,,0x99_0xb6,0,1,True,「我的名字是 Taylor，<HONORIFIC>。」
0x04F2,Taylor,Taylor,,0xc4,0,1,False,「我在這座修道院研究當地的植物、動物和地理。」
0x04F2,Taylor,Taylor,,0x129,0,1,False,「這個地區有很多美麗的植物。我正在努力了解它們全部。」
0x04F2,Taylor,Taylor,,0x17b,0,1,False,「森林裡居住著許多不同種類的動物。在我的研究中，我遇到了一些迷人的物種。」
0x04F2,Taylor,Taylor,,0x1eb,0,1,False,「我們的教團被稱為玫瑰友誼會（Brotherhood of the Rose）。」
0x04F2,Taylor,Taylor,,0x4f_0x240,0,1,True,「是的，<HONORIFIC>。還有一位修道士，Aimi，住在這座修道院裡。她是一位畫家和園丁。」
0x04F2,Taylor,Taylor,,0x2b2,0,1,False,他笑了。「在我們之間，她是個好得多的園丁。」
0x04F2,Taylor,Taylor,,0x2f5,0,1,False,「她種出了我見過最可愛的花朵！你必須親眼看看才會相信它們的存在。」
0x04F2,Taylor,Taylor,,0x359,0,1,False,「我運用我對當地地形的知識來輔助我的研究。我對這個地方越了解，我就能離開友誼會修道院走得越遠，並且還能確信自己能回來——不像我的一位同修。」
0x04F2,Taylor,Taylor,,0x433,0,2,False,「前段時間，他在該地區調查鳥類時迷路了——我記得是金頰黑背林鶯。可悲的是，他走得太遠了，從那以後我們就再也沒有他的消息了。
0x04F2,Taylor,Taylor,,0x433,1,2,False,「我不希望遭遇同樣的命運。」
0x04F2,Taylor,Taylor,,0x517_0x53c,0,1,True,「那個名字聽起來不熟悉，<HONORIFIC>。或許他不是這個地區的人。」
0x04F2,Taylor,Taylor,,0x567,0,1,False,「Julius？我無法確定，但他可能是一個現在住在……墓地的人。我曾聽說過這個名字，說是有個人被帶到修道院來埋葬，雖然我不知道是誰帶他來的，我也不記得是聽誰說的。我真心希望他不是你的朋友，」他充滿歉意地說。
0x04F2,Taylor,Taylor,,0x691,0,2,False,「鬼火？」他大笑了起來：『我懷疑那些東西根本不存在。我知道很多人似乎對此深信不疑，但我可是從來沒見過。
0x04F2,Taylor,Taylor,,0x691,1,2,False,「你若非知不可，民間傳說倒是一直堅稱牠們棲息在森林一帶，就在森靈族的聚落附近。據說，森靈族能夠與牠們交談。」他聳了聳肩：「你若真想找，大可自己去碰碰運氣，但換作是我，我可不會把寶貴的時間浪費在這種事情上。」
0x04F2,Taylor,Taylor,,0x872_0xb6,0,1,True,「有太多令人興奮的事物值得研究了……例如，樹花，<HONORIFIC>。」
0x04F2,Taylor,Taylor,,0x8bb,0,5,False,「啊，森靈族。關於牠們，我目前所能收集到的情報也相當有限。
0x04F2,Taylor,Taylor,,0x8bb,1,5,False,「牠們棲息在深林東緣，離此地並不算太遠。
0x04F2,Taylor,Taylor,,0x8bb,2,5,False,「牠們的外表略微神似猿猴，但也僅僅是有些相仿。牠們的生性極度害羞，極少能在人類面前感到自在並主動接近。
0x04F2,Taylor,Taylor,,0x8bb,3,5,False,「我唯一一次得以近距離觀察森靈族的經歷，是有次我恰巧在背包裡帶了剛從『蜜蜂洞窟（Bee Cave）』採集到的蜂蜜。那隻小生物突然現身，盯著我看了好幾分鐘，接著竟然開口——我沒聽錯，牠確實是開口——向我索要我的蜂蜜。我相信牠們具備極高的共情感知能力（Empathic），這也是其族名的由來。
0x04F2,Taylor,Taylor,,0x8bb,4,5,False,「真是個極其有趣的物種，你不這麼認為嗎？」
0x04F2,Taylor,Taylor,,0xbd3,0,1,False,「洞穴裡的蜂蜜相當美味，但很少有人能不經過戰鬥就得到它。蜜蜂洞窟可能是一個相當危險的地方。」
0x04F2,Taylor,Taylor,,0xc5e,0,1,False,「蜜蜂洞窟位於修道院的西南方。但如果你計畫去那裡，要小心住在洞穴裡的巨蜂。牠們的毒液非常毒。
0x04F2,Taylor,Taylor,,0xceb,0,1,False,「如果你希望，我可以給你一顆煙霧彈，它能在短時間內驅趕蜜蜂。你想要嗎？」
0x04F2,Taylor,Taylor,,0xd58,0,1,False,「給你。」
0x04F2,Taylor,Taylor,,0xd68,0,1,False,「或許你應該先減輕你的負重，再拿炸彈。」
0x04F2,Taylor,Taylor,,0xda5,0,1,False,「很好。但如果你剛好路過洞穴，要小心點！」
0x04F2,Taylor,Taylor,,0xde5_0xe22,0,1,True,「願你的知識，隨著你與自然的邂逅而增長，<HONORIFIC>。」
0x04F3,Malloy,Malloy,,0x0,0,1,False,你看到面前站著一個矮胖的男人，臉上帶著自命不凡的傻笑。他一手拿著燈籠，另一手拿著一把髒湯匙。
0x04F3,Malloy,Malloy,,0x8b,0,1,False,「你好，好朋友，」Malloy 說。「很高興再次見到你。」
0x04F3,Malloy,Malloy,,0xfa,0,1,False,「我的名字是 Malloy。很高興認識你。」Malloy 禮貌地鞠了一躬。
0x04F3,Malloy,Malloy,,0x14e,0,1,False,Malloy 臉上帶著惱怒的冷笑。「那邊我的搭檔是 Owings，」他指著在旁邊拼命挖土的瘦小男人說。「你的禮貌呢？！跟我們的訪客打聲招呼！」
0x04F3,Malloy,Malloy,,0x208,0,1,False,「你已經認識我那邊的搭檔了，」他指著 Owings 說。
0x04F3,Malloy,Owings,,0x24d,0,1,False,「你好啊！」Owings 說，給了你一個大大的微笑。他採礦頭盔的前緣掉了下來，遮住了他的眼睛。看不見的他，在周圍的空氣中摸索著。
0x04F3,Malloy,Malloy,,0x301,0,1,False,Malloy 悲傷地搖了搖頭。
0x04F3,Malloy,Malloy,,0x322,0,1,False,Malloy 恢復了鎮定。「你好，我是 Malloy。我為我搭檔幼稚的滑稽舉動道歉。」
0x04F3,Malloy,Malloy,,0x388,0,1,False,「通常我的工作是挖土，但既然我的搭檔 Owings 似乎不見了，我想我的工作就是尋找他。我希望那個小傢伙沒出什麼事。」
0x04F3,Malloy,Malloy,,0x42a,0,1,False,「Owings 和我正在擔任採礦工程師，這是我們最近有幸獲得的職位。我們正在為不列顛尼亞礦業公司進行一項特別專案。」
0x04F3,Malloy,Owings,,0x4cc,0,1,False,Owings 用力地點點頭，把頭向後仰，然後猛地低下。「完全正確，Malloy。」
0x04F3,Malloy,Owings,,0x52f,0,1,False,「完全正確，Malloy，」Owings 說。他用力地點點頭，導致他的頭盔掉了下來，遮住了眼睛。
0x04F3,Malloy,Malloy,,0x5c4,0,1,False,「我和搭檔並不完全是採礦工程師，雖然我們確實去了 Minoc 成為礦工。我們帶著一張地圖來到這裡……」
0x04F3,Malloy,Owings,,0x651,0,1,False,「就是那個打扮得像聖者的滑稽男人賣給我們的地圖！」
0x04F3,Malloy,Malloy,,0x69e,0,1,False,「沒錯。但當我們到了這裡，我們發現不列顛尼亞礦業公司已經擁有這片土地的權利了！」
0x04F3,Malloy,Owings,,0x718,0,1,False,「那個打扮得像聖者的滑稽男人對我們撒謊了。」Owings 若有所思地抓了抓頭。「不列顛尼亞礦業公司想把我們關進 Yew 的監獄，因為我們侵占了礦區！」
0x04F3,Malloy,Malloy,,0x7e3,0,1,False,「我成功說服了他們，如果我們能來為他們工作，我們對不列顛尼亞礦業公司會更有價值。」Malloy 自豪地笑著。
0x04F3,Malloy,Malloy,,0x88d,0,1,False,「我們為那張地圖付了將近一百枚金幣。它應該能通往一百多年前發現的貴重礦物地點。這是一筆極好的投資。這張地圖是件古董，但它看起來不超過幾年！你不是每天都能看到保存得那麼好的東西！」
0x04F3,Malloy,Malloy,,0x999,0,1,False,「有人告訴我們他的名字。讓我想想我記不記得……我想是 Sullivan。對聖者來說是個滑稽的名字，但事實就是這樣！」
0x04F3,Malloy,Malloy,,0xa36,0,1,False,「Owings 和我現在參與了一項非常重要的特別專案，但這是個秘密。我們能信任你嗎？」
0x04F3,Malloy,Malloy,,0xaaa,0,1,False,「既然如此，我感謝你的誠實。我其實不介意一個人不值得信任。但一個不值得信任還對此不誠實的人，那是我無法忍受的。」
0x04F3,Malloy,Owings,,0xb54,0,1,False,你看到 Owings 最熱情地點著頭。一秒鐘後，他臉上露出了非常困惑的表情。
0x04F3,Malloy,Malloy,,0xbb8,0,1,False,「不列顛尼亞礦業公司要求我們挖一條通往 New Magincia 的隧道！這將徹底改變採礦業。」
0x04F3,Malloy,Owings,,0xc2d,0,1,False,「他們不想讓任何人知道這件事。他們說帶更多採礦設備來這裡只會讓人起疑，所以他們告訴我們一開始先用這些湯匙！」Owings 自豪地舉起他的湯匙給你看。他笑了。
0x04F3,Malloy,Malloy,,0xd0a,0,1,False,「是的，這是一個非常特別的專案，他們告訴我們，我們是他們能想到的唯一會去嘗試做這種事的人！」Malloy 自豪地笑著。「好了，來吧，Owings，我們最好回去工作了。我們有進度要趕。」
0x04F3,Malloy,Malloy,,0xe13,0,1,False,Malloy 看著你，把一根手指放在唇邊。「噓！！！！我請你不要跟任何人提起這件事！」
0x04F3,Malloy,Malloy,,0xe87,0,1,False,「Owings，看看那份進度表，看看我們做得怎麼樣了。」
0x04F3,Malloy,Owings,,0xed0,0,1,False,Owings 彎下腰去撿一個非常大的卷軸。當他碰到卷軸的邊緣時，卷軸滾下了礦井。當它滾走時，它展開了，在後面留下一條長長的紙痕。Owings 追了上去，但他除了讓自己的雙腿纏在長長的紙卷裡之外，幾乎什麼也沒做成。當他終於拿到另一端時，那已經是一團無法閱讀的爛攤子了。
0x04F3,Malloy,Malloy,,0x1044,0,1,False,「給我！」Malloy 說著，一把搶過一塊卷軸。他檢查了一會兒。「根據這個，我們將在……一百七十三年後完工！Owings，我們必須開始加快工作速度了！」兩個人又回去用他們的湯匙挖土。在他們挖土時，Malloy 轉向 Owings 說：『你又把我捲進了這樣一個大麻煩裡！』」
0x04F3,Malloy,Malloy,,0x11a5,0,1,False,Malloy 用腳踢，試圖弄掉卡在那裡的頭盔。他看著 Owings 噘著嘴說：「你為什麼不做點什麼來幫我？！」
0x04F3,Malloy,Owings,,0x122d,0,1,False,Owings 抓住 Malloy 腳上的頭盔試圖把它弄掉。在幾次猛烈的拉扯後，它發出「啵」的一大聲脫落了。Owings 把頭盔直接拉到自己的臉上，這發出了「喀」的一大聲。
0x04F3,Malloy,Malloy,,0x1301,0,1,False,Malloy 往後猛摔，驚慌地大叫。他的後腦勺撞到了他後面的岩壁。他拿下他皺巴巴的頭盔並指著它。「還好我戴著這個，否則我可能會受傷！」這時，一塊鬆動的岩石從天花板上滾下來，正正地落在他的頭上。Malloy 說『喔喔喔喔喔！』Owings 突然咯咯地笑了起來。Malloy 對你做了一個難以置信、噘著嘴的鬼臉。
0x04F3,Malloy,Malloy,,0x1498,0,1,False,Malloy 和 Owings 都停下他們正在做的事，友善地向你揮手道別。
0x04F3,Malloy,Malloy,,0x14eb_0x1504,0,1,True,「祝你今天愉快，<HONORIFIC>。」
0x04F4,Cairbre,Cairbre,,0x15,0,1,False,這名戰士舉止充滿自信。
0x04F4,Cairbre,Cairbre,,0x37_0x44,0,1,True,「你好，<HONORIFIC>，」Cairbre 說。
0x04F4,Cairbre,Cairbre,,0x59_0x77,0,1,True,「你可以叫我 Cairbre，<HONORIFIC>。」
0x04F4,Cairbre,Cairbre,,0x7e,0,1,False,「我是一名傭兵。但目前，我正在努力幫助我的朋友恢復理智。」
0x04F4,Cairbre,Cairbre,,0xe4,0,1,False,「我不打算讓 Cosmo 獨自來這裡冒險。所以，我主動提出陪他，Kallibrus 也是。」
0x04F4,Cairbre,Cairbre,,0x14d,0,1,False,他指著石像鬼。
0x04F4,Cairbre,Cairbre,,0x16d,0,1,False,「他是我的戰友，也是 Cosmo 的朋友。我還沒遇過比他更值得信賴的同伴，他徹底打破了所有關於石像鬼的謠言。」
0x04F4,Cairbre,Cairbre,,0x205,0,2,False,「說來話長。Cosmo 正在尋找據說棲息在這個洞穴裡的獨角獸。」他看著你的眼睛聳了聳肩。
0x04F4,Cairbre,Cairbre,,0x205,1,2,False,「他是個傻瓜。」
0x04F4,Cairbre,Cosmo,,0x29a,0,1,False,「我聽到了，Cairbre！」
0x04F4,Cairbre,Cairbre,,0x2cc,0,1,False,「獨角獸傳統上是證明年輕少女純潔的一種方式。然而，較少人知道的是，牠也能揭示一個年輕男子的，呃，缺乏，嗯，狂野的過去。」
0x04F4,Cairbre,Cairbre,,0x381,0,1,False,「Ophelia 不愛他！她只是派他去執行這個任務好擺脫他。我懷疑她是否指望他能找到獨角獸，更別說回到她身邊了。」
0x04F4,Cairbre,Cairbre,,0x42c,0,1,False,「他在 Jhelom 遇見她。她當時在 Bunk and Stool 工作。顯然那就是他所說的『一見鍾情』。」
0x04F4,Cairbre,Cairbre,,0x4a2,0,1,False,「她要求的本質相當諷刺，因為我認為獨角獸早就會避開她了。我想他不是她喜歡的類型，而且如果他真的了解她，她也不會是他喜歡的類型。但是，唉，正如俗話所說，愛情是盲目的。」
0x04F4,Cairbre,Cairbre,,0x5a3,0,1,False,「我不知道『俗話』是誰說的，但大家都是這麼說的，不是嗎？」
0x04F4,Cairbre,Cairbre,,0x5fb_0x60b,0,1,True,「下次見，<HONORIFIC>。」
0x04F5,Kreg,Kreg,,0x1f,0,1,False,這位看起來很友善的修道士示意你過去。
0x04F5,Kreg,Kreg,,0x56_0x63,0,1,True,「你好，<HONORIFIC>。」
0x04F5,Kreg,Kreg,,0x77_0x63,0,1,True,他笑了。「我的名字是 Kreg，<HONORIFIC>。」
0x04F5,Kreg,Kreg,,0x9e,0,1,False,「我是這座修道院的修道士。我正在研究一種煉金術混合物。」
0x04F5,Kreg,Kreg,,0x107,0,1,False,「啊！發現我了，是嗎？這太糟糕了……對你來說！」
0x04F5,Kreg,Kreg,,0x151,0,1,False,「可悲的是，我如此沉迷於我的研究，以至於我沒有時間去參觀周圍的地區或認識任何新面孔。」
0x04F5,Kreg,Kreg,,0x1d3_0x1dd,0,1,True,「嗯，<HONORIFIC>，我們修道院很快就會發下靜默的誓言。然而，我們所有人都需要一些時間來適應沉默的聲音。因此，我正在研發一種藥水，能讓飲用者暫時變得沉默。這個概念與隱形藥水非常相似。」
0x04F5,Kreg,Kreg,,0x2e8,0,2,False,「嗯，」他看起來很尷尬，「在讀了一本關於我們如何與前輩比較的書後，我們得知大多數人都期望我們發下靜默的誓言。
0x04F5,Kreg,Kreg,,0x2e8,1,2,False,「所以，」他聳聳肩，「我們選擇這樣做，只要我能做出那種藥水。我知道這聽起來很愚蠢，但我真的相信這會幫助我們生產更多的葡萄酒。」
0x04F5,Kreg,Kreg,,0x45b,0,1,False,「你肯定知道我在說什麼吧？冥想、沉默、美學、苦行僧等等。」
0x04F5,Kreg,Kreg,,0x4b3,0,2,False,「修道士的葡萄酒在整個不列顛尼亞都很有名，或者至少我是這麼認為的。」他臉上露出困惑的表情。
0x04F5,Kreg,Kreg,,0x4b3,1,2,False,「啊，好吧，那沒關係。無論如何，我真誠地推薦你嚐嚐我們精緻的飲品。」
0x04F5,Kreg,Kreg,,0x5a3,0,1,False,「事實上，我的研究陷入了僵局，因為我無法確定某些關鍵材料的性質。我需要的是一瓶隱形藥水來進行分析。然後我就可以從那裡取得進展。」他滿懷希望地看著你。「你願意為了我的研究去弄一瓶藥水嗎？你很可能可以在法師 Nicodemus 那裡輕鬆找到一瓶。」
0x04F5,Kreg,Kreg,,0x6fc_0x63,0,1,True,他嘆了口氣，明顯鬆了一口氣。「謝謝你，<HONORIFIC>。」
0x04F5,Kreg,Kreg,,0x736,0,1,False,「你確定嗎？我會給你情報作為回報。」
0x04F5,Kreg,Kreg,,0x774,0,1,False,「如果你帶給我隱形藥水，我會告訴你關於不列顛王、友誼會，或是海盜巢穴 (Buccaneer's Den)的情報。」
0x04F5,Kreg,Kreg,,0x7fc_0x83c,0,1,True,他從你手中接過藥水，並迅速喝下。「謝謝你，<HONORIFIC>，幫助我逃跑！」當他從視線中消失時，他的笑聲充滿了你的耳朵。
0x04F5,Kreg,Kreg,,0x898,0,1,False,「你並沒有藥水可以給，」他傷心地說。「我的研究又得等了。」
0x04F5,Kreg,Kreg,,0x8f0,0,1,False,他向你點頭道別。
0x04F6,Alagner,Alagner,,0x2d,0,1,False,你看到一個高大的男人，散發著一種幾乎狡猾、博學的氣息。
0x04F6,Alagner,Alagner,,0x7f,0,1,False,「又見面了，」Alagner 說。
0x04F6,Alagner,Alagner,,0xa3,0,1,False,這位賢者微笑並點點頭。「我的名字是 Alagner。你又是誰？」
0x04F6,Alagner,Alagner,,0xfb,0,1,False,「我明白了。很高興認識你。走開。我很忙。」
0x04F6,Alagner,Alagner,,0x13c,0,2,False,Alagner 睜大了眼睛。
0x04F6,Alagner,Alagner,,0x13c,1,2,False,「我的天啊！我認得你！這真是太榮幸了！我有什麼可以為你效勞的嗎？」
0x04F6,Alagner,Alagner,,0x1bc,0,1,False,「我的職業——或者說，我的命運——是學習和了解所有事物。我來到 New Magincia 建立我的工作室並實踐此事。」
0x04F6,Alagner,Alagner,,0x269,0,1,False,這位賢者嘆了口氣。「我離開不列顛尼亞大陸，來到相對和平安寧的 New Magincia。我在這裡很滿足，因為它與世隔絕，而且免受……不列顛尼亞正在發生的污穢和腐敗的影響。沒有多少人看到這一點。」
0x04F6,Alagner,Alagner,,0x37a,0,1,False,「這是我的工作室。我在這裡細讀我的書籍和論文。偶爾，我會發明一些東西，例如這個水晶球。」
0x04F6,Alagner,Alagner,,0x409,0,1,False,「它是一個記錄裝置。如果我忘記了實驗中的一個程序或步驟，我可以看水晶球，看看昨天發生的事。請隨意使用。你會看到我昨天在做什麼。」
0x04F6,Alagner,Alagner,,0x4ca,0,1,False,「牠們是來自另一個維度極為冷漠的生物。你會以為牠們是你的朋友，但牠們很可能在替別人監視『你』！牠們對善惡沒有忠誠——牠們關心的只是獲取情報——牠們獲取情報的方式有時是光榮的，有時則不然。」
0x04F6,Alagner,Alagner,,0x5e5,0,1,False,「不列顛尼亞的人民變得粗心且懶惰。他們不尋求真正的知識。他們不尊重他們的土地。他們不尊重彼此。我們土地的資源正在被浪費。礦工正在用危險的材料做實驗。這片土地上存在著一種邪惡，而我不確定它是否就在人民自己身上。」
0x04F6,Alagner,Alagner,,0x738,0,1,False,「真正的知識是獲得完全滿足的唯一途徑。」
0x04F6,Alagner,Alagner,,0x775,0,1,False,「我懂了，你是友誼會的成員。你肯定不了解他們的一切。如果你了解，你就不會是會員了！」
0x04F6,Alagner,Alagner,,0x7fb,0,1,False,「我相信你現在已經聽說過友誼會了。」
0x04F6,Alagner,Alagner,,0x839,0,1,False,「他們狡猾且虛偽。我正在努力獲取這方面的證據。」
0x04F6,Alagner,Alagner,,0x889,0,1,False,「我正在我的筆記本裡記錄這些情報。」
0x04F6,Alagner,Alagner,,0x8c7,0,1,False,「全都在筆記本裡。」
0x04F6,Alagner,Alagner,,0x8e6,0,1,False,「你加入友誼會是為了研究他們的作風？你也懷疑他們？也許你比我想像的更有內涵。我們正朝著同一個目標努力。」
0x04F6,Alagner,Alagner,,0x983,0,1,False,「你懷疑友誼會有不軌行為？那太好了！你確實很有洞察力！也許我們正朝著同一個目標努力！」
0x04F6,Alagner,Alagner,,0xa05,0,1,False,「它被藏在一個安全的地方，還有我其他珍貴的知識來源。」
0x04F6,Alagner,Alagner,,0xa57,0,1,False,Alagner 聽你說你想借那本筆記本。
0x04F6,Alagner,Alagner,,0xa84,0,1,False,「既然你在執行一項光榮的任務，我想我可以讓你借用它，條件是你必須向我保證你會歸還它，並且如果你能提供證據，證明你渴望了解世界上真正的知識。」
0x04F6,Alagner,Alagner,,0xb5e,0,1,False,「很好。你知道關於生與死問題的答案嗎？」
0x04F6,Alagner,Alagner,,0xb9b,0,1,False,「我不相信你知道。」
0x04F6,Alagner,Alagner,,0xbba,0,1,False,「不，你當然不知道。」
0x04F6,Alagner,Alagner,,0xbdc,0,1,False,「只有那些離開今生的靈魂才知道這些事。去尋找被折磨者（The Tortured One）的靈魂。問他關於生與死問題的答案是什麼。當你帶著正確答案回來時，我就會相信你是真心實意地在追求知識。只有在那時，我才會允許你借用筆記本。」
0x04F6,Alagner,Alagner,,0xd1d,0,1,False,「唉，他是個可憐的靈魂，注定要在他的住所遊蕩直到永恆。」
0x04F6,Alagner,Alagner,,0xd79,0,1,False,「去 Skara Brae 找他吧。但要小心。那是一個危險的地方。我還建議你，你必須使用降靈術才能與島上的任何人交談。他們都是不死生物。」
0x04F6,Alagner,Alagner,,0xe31,0,1,False,「你已經和被折磨者談過，並知道了關於生與死問題的答案了嗎？」
0x04F6,Alagner,Alagner,,0xe8c,0,1,False,「那麼答案是什麼？」
0x04F6,Alagner,Alagner,,0xeab,0,1,False,「在你做到之前不要回來。」
0x04F6,Alagner,Alagner,,0xed3,0,1,False,「再見。願你的旅程有所收穫。」
0x04F7,Caine,Caine,,0x0,0,1,False,這名沒有實體的男子凝視著你身後，似乎穿透了建築物的邊界，或許甚至是穿透了這個世界。然後，他突然發抖，彷彿充滿了痛苦。
0x04F7,Caine,Caine,,0xc5,0,1,False,這名幽靈般的男子露出了充滿痛苦的表情。
0x04F7,Caine,Caine,,0xff_0x10c,0,1,True,「你好，<HONORIFIC>。」Caine 深吸了一口氣，顯然是在強忍著他的痛苦。
0x04F7,Caine,Caine,,0x174,0,1,False,「我，」他喘息著說，「名叫 Caine。但我也被我的……鎮民同胞們起了一個別名。對他們來說，我被稱為『被折磨者』。」他雙手在空中揮舞，但似乎什麼也沒指。「你可以看出來為什麼。」
0x04F7,Caine,Caine,,0x27e,0,1,False,「火焰呀！笨蛋！是火焰呀！」他又喘了一口氣。
0x04F7,Caine,Caine,,0x2c1_0x3ff,0,5,True,他對你的話冷笑。
0x04F7,Caine,Caine,,0x2c1_0x3ff,1,5,True,「你想知道我的工作？我告訴你我的工作！」他大喊。
0x04F7,Caine,Caine,,0x2c1_0x3ff,2,5,True,「為了我對美麗的 Skara Brae 犯下的罪行，在這裡永遠在火焰中燃燒！那，」他停頓了一下以強調語氣，「就是我的工作！」
0x04F7,Caine,Caine,,0x2c1_0x3ff,3,5,True,過了一會兒，他平靜下來。
0x04F7,Caine,Caine,,0x2c1_0x3ff,4,5,True,「我很抱歉，<HONORIFIC>。我知道你的問題無意進一步折磨我，」他嘆了口氣，把臉轉過去不看你。「曾經，我是這裡的煉金術士。」
0x04F7,Caine,Caine,,0x4a2,0,5,False,他低頭看著地面，臉上流露出懊悔的表情。
0x04F7,Caine,Caine,,0x4a2,1,5,False,「火焰是我的懲罰。多年前，當邪惡的巫妖第一次對 Skara Brae 施加他死亡的統治時，治療師 Mordra 構想了一個消滅這最邪惡生物的計畫。
0x04F7,Caine,Caine,,0x4a2,2,5,False,「她設計了一種混合物，可以摧毀構成巫妖的魔法束縛。這個配方被交給了我們的鎮長，然後他交給了我。
0x04F7,Caine,Caine,,0x4a2,3,5,False,「但是，」他皺起眉頭，「當我準備藥水時出了問題。比例混合不當，或者……我不知道！」他大喊著，緊握雙拳。
0x04F7,Caine,Caine,,0x4a2,4,5,False,「我只記得商店爆炸了，然後是火！火！所有那些人都死了……因為我……因為我的錯誤……」
0x04F7,Caine,Caine,,0x742,0,1,False,「這曾是座繁榮的城鎮——直到我毀了它！」他的下顎一緊，整張臉因痛苦而扭曲。
0x04F7,Caine,Caine,,0x7b2,0,1,False,「為什麼？為什麼、為什麼、為什麼！」他再次因痛苦而劇烈抽息，但很快便按捺住情緒。
0x04F7,Caine,Caine,,0x82b,0,1,False,「那裡有那麼多無辜的百姓，」他直勾勾地盯著你說道：「我真的無法相信，我竟然必須為他們所有人的死負責。」
0x04F7,Caine,Caine,,0x8c9_0x8dc,0,1,True,「我很抱歉，<HONORIFIC>，但我必須在這裡度過我的永恆，不斷回憶那些被我摧毀的人。」
0x04F7,Caine,Caine,,0x93d,0,1,False,「Forsythe 是鎮長。如果你想和他說話，也許你可以在鎮政廳找到他。」
0x04F7,Caine,Caine,,0x99b,0,1,False,「你居然相信我告訴你配方！在我對這個城鎮做了這一切之後？你瘋了嗎？我希望至少，你已經和 Mordra 確認了正確的比例，對吧？」
0x04F7,Caine,Caine,,0xa4c,0,2,False,他難以置信地搖搖頭。
0x04F7,Caine,Caine,,0xa4c,1,2,False,「你真是瘋了。但是，」他聳聳肩，「你除了自己的生命之外也沒什麼好失去的……」
0x04F7,Caine,Caine,,0xadf,0,1,False,「這還差不多。你讓我懷疑了一下。」他的語氣中夾雜著如釋重負和失望。
0x04F7,Caine,Caine,,0xb43,0,1,False,「首先你需要這三種藥水。然後，你必須將每種藥水放在連接管的正下方——順序無關緊要。拿一個空玻璃瓶——我的實驗室裡應該有一個——並將其放在噴嘴下方。然後，打開燃燒器。幾分鐘後，混合物就會形成，裝滿的玻璃瓶就為你準備好了。」
0x04F7,Caine,Caine,,0xc8e,0,1,False,「你想知道我殺了誰？我只能假設所有人都死在火災中：Markham 和他的酒吧女侍 Paulette；Trent 和 Forsythe；當然還有治療師 Mordra。」
0x04F7,Caine,Caine,,0xd40,0,1,False,「他現在是——曾經是——鐵匠。我唯一的安慰就在他身上，因為我以為他的死至少會有一個好處。可悲的是，」他深吸了一口氣，「連這點都沒發生。」
0x04F7,Caine,Caine,,0xe1b,0,1,False,「他曾經是所有金屬製品的大師。現在我聽說他所做的，就是無休止地打造那個該死的籠子！」
0x04F7,Caine,Caine,,0xea1,0,1,False,「我對此一無所知，只知道必須先把巫妖關進去，我的……藥水才能對他起作用。」
0x04F7,Caine,Caine,,0xf11,0,2,False,「巫妖從 Trent 身邊奪走了這位鐵匠生命中最寶貴的東西——他的妻子 Rowena。我原本希望他的死至少能消除他的痛苦。」他冷嘲熱諷地笑著。
0x04F7,Caine,Caine,,0xf11,1,2,False,「嗯，就某種意義上來說，這確實結束了他的痛苦。」
0x04F7,Caine,Caine,,0x1023,0,1,False,「痛苦消失了，但取而代之的是他執著的憤怒。這個可憐的傻瓜甚至沒有意識到他已經死了！他靠著他的憤怒而存在。」
0x04F7,Caine,Caine,,0x10c3,0,2,False,「她是他活著的全部。當巫妖試圖把她從他身邊奪走時，他被她死亡的空虛吞噬了。但是，在他自己死後，」他直視著你，「他苦澀的感情變得更加糟糕。
0x04F7,Caine,Caine,,0x10c3,1,2,False,「我懷疑現在沒法跟他講道理了。」
0x04F7,Caine,Caine,,0x11cc,0,1,False,「我懷疑他甚至不會相信自己的死，更別說在乎了。」
0x04F7,Caine,Caine,,0x1215,0,1,False,幽靈帶著一絲愉快的表情看著你。「你正在尋找關於生與死問題的答案？」
0x04F7,Caine,Caine,,0x1279,0,1,False,被折磨者認真地看著你。停頓片刻後，他說。「如果你同意幫助我，我會告訴你我所知道的。釋放我。釋放我們所有人。將我們從邪惡的巫妖手中解放出來。」
0x04F7,Caine,Caine,,0x1353,0,1,False,「那麼我沒有答案可以給你。」
0x04F7,Caine,Caine,,0x137f,0,2,False,「你已經將我們從巫妖手中解救出來。你有權得到我這部分的約定。
0x04F7,Caine,Caine,,0x137f,1,2,False,「所以你想知道生與死問題的答案嗎？」
0x04F7,Caine,Caine,,0x1412,0,2,False,被折磨者認真地看著你。然後，他笑著搖了搖頭。「我沒有秘密，我愚蠢的朋友。你真是個傻瓜。根本『沒有』答案。只有問題。」
0x04F7,Caine,Caine,,0x1412,1,2,False,他看起來像是痛苦得要大叫出來。然後 Caine 轉身背對著你。「現在走開吧。讓我留給我的永恆。」
0x04F7,Caine,Caine,,0x1546,0,1,False,「那你為什麼要浪費時間？走開，傻瓜！」
0x04F7,Caine,Caine,,0x1581,0,1,False,「你還沒有替我們除掉邪惡的巫妖。按照你的承諾完成這項任務，我就會給你你尋找的答案。」
0x04F7,Caine,Caine,,0x1600,0,1,False,「他是一個附身在可憐的死者 Horance 身體裡的邪惡靈魂。他控制著這個城鎮裡的每一個生物——甚至是我。他吸取我們靈魂中的生命力——所剩無幾的生命力。拜託，你必須將我們從他的力量中解放出來。你願意嘗試嗎？」
0x04F7,Caine,Caine,,0x1727,0,1,False,被折磨者的眼睛稍微亮了起來，彷彿他在漫長黑暗的隧道盡頭看到了光芒。「那你給了我希望。首先，去和 Mordra 女士談談。她可以告訴你如何完成這項壯舉。」
0x04F7,Caine,Caine,,0x17fc,0,1,False,「那麼你永遠不會知道關於生與死問題的答案。以眼還眼，我的朋友。」
0x04F7,Caine,Caine,,0x185e_0x186b,0,1,True,「再見，<HONORIFIC>。」你離開時他壓抑著痛苦的尖叫。
0x04F8,Brion,Brion,,0x15,0,1,False,你看到一位看起來很博學的男人，帶著友善的表情。
0x04F8,Brion,Brion,,0x5b_0x6e,0,1,True,「向你致敬，<HONORIFIC>。」Brion 微笑著。
0x04F8,Brion,Brion,,0xb3,0,1,False,「你可以叫我 Brion。」
0x04F8,Brion,Brion,,0xd2,0,1,False,「我是 Moonglow 這裡天文台的負責人，」他自豪地說。「這就是存放望遠鏡的地方。」
0x04F8,Brion,Brion,,0x15d,0,1,False,「我很喜歡住在 Moonglow。我非常喜歡這裡的人。」
0x04F8,Brion,Brion,,0x1a4,0,1,False,「你和我的雙胞胎兄弟 Nelson 談過嗎？他負責智者書庫。或者是 Elad ？你肯定知道法師 Penumbra 。」
0x04F8,Brion,Brion,,0x23b,0,1,False,「喔，我明白了，」他聳了聳肩。「我從來沒有這樣想過我兄弟的助手。這太糟糕了，因為我的時間只允許我進行觀察。啊，好吧，我還有什麼可以幫你的嗎？」
0x04F8,Brion,Brion,,0x311,0,1,False,「我見他的次數沒有我希望的那麼多，因為我們都太忙於工作了。如果你看到他，會很容易認出他來，因為人們說我們長得一模一樣。我當然不這麼認為，因為他不僅生來就有頭腦，還有一張英俊的臉。」
0x04F8,Brion,Brion,,0x420,0,1,False,「可憐的 Elad 。他有時會在晚上加入我一起觀賞星空。他很多年來一直想離開 Moonglow 。他喜歡這個島，但充滿了對漫遊的渴望。」他微笑著。
0x04F8,Brion,Brion,,0x4dc,0,1,False,「你沒聽說過嗎？兩百年前她讓自己沉睡了。」
0x04F8,Brion,Brion,,0x51c,0,1,False,「我當然把它放在樓上了。歡迎你隨時使用它。事實上，我也有一個太陽系儀（orrery），如果你也想看看的話。」
0x04F8,Brion,Brion,,0x5c0,0,2,False,他奇怪地看著你，聳了聳肩說：「Caddellite 是一種非不列顛尼亞原產的礦物。事實上，它只來自隕石。
0x04F8,Brion,Brion,,0x5c0,1,2,False,「而已知最後一顆撞擊地球的隕石降落在東北海域的某個地方。你為什麼想知道？」
0x04F8,Brion,Brion,,0x6bf,0,2,False,「你想要一頂用 Caddellite 做的頭盔？」他仔細想了想。「也許 Minoc 的 Zorn 有技術能打造出你想要的那種頭盔。如果你找到 Caddellite ，就把它帶給他。
0x04F8,Brion,Brion,,0x6bf,1,2,False,「我聽過關於東北海域曾經存在過一座島嶼的傳聞。也許我在智者書庫的兄弟能幫上忙。」
0x04F8,Brion,Brion,,0x7fe,0,1,False,太陽系儀？那是我們太陽系所有行星的模型，包含不列顛尼亞的兩顆衛星。太陽系儀的移動與我們真實系統的實際、當前軌道相匹配。
0x04F8,Brion,Brion,,0x8b0,0,1,False,「我非常興奮，因為很快就會發生一件非常罕見的事件！」
0x04F8,Brion,Brion,,0x8ff,0,1,False,「你指的是我們這行所說的天文排列（Astronomical Alignment）。行星和衛星將會完美地排成一直線，這可是 800 年才發生一次的事！」
0x04F8,Brion,Brion,,0x9ab_0x9cd,0,1,True,「祝你有個美好的一天，<HONORIFIC>。你可以隨時使用我的天文台。」
0x04F8,Brion,Brion,,0x9fc,0,1,False,「在你離開之前，讓我給你看看我的一些小玩意。這是我的……」
0x04F8,Brion,Brion,,0xa76,0,2,False,「這代表著繞行不列顛尼亞的其中一顆衛星。」他把模型遞給你。你接過來，很快就意識到它完全是用綠色起司做的。
0x04F8,Brion,Brion,,0xa76,1,2,False,「我自己雕刻的，」當你把它還給他時他說道。
0x04F8,Brion,Brion,,0xb54,0,1,False,「現在那東西跑哪去了？」他抓抓頭說。「嗯，它一定就在這附近。我以後再給你看。」他似乎比他願意表現出來的還要心煩意亂。
0x04F8,Brion,Brion,,0xc03,0,1,False,他遞給你一個純金的六分儀。「這是傳給 Moonglow 天文台歷任負責人的。這東西有 200 多年的歷史了。」當你把它還給他時，他滿面笑容。
0x04F8,Brion,Brion,,0xcb8,0,1,False,「該死！不見了！那東西在這裡已經有 200 多年了。」他似乎很不高興。
0x04F8,Brion,Brion,,0xd18,0,1,False,他給你看一個風箏。「這是我讀了我兄弟圖書館裡的一本書後自己做的。」
0x04F8,Brion,Brion,,0xd7c,0,1,False,「那東西去哪了？」他抓抓下巴，顯然很困惑。「我真希望它沒不見。那是我根據我兄弟圖書館裡的一本書製作的。」
0x04F8,Brion,Brion,,0xe19,0,3,False,「這個，」他說著，展示了一堆以某種無法確定的方式連接在一起的水晶，「這是一個太陽系儀檢視器（orrery viewer）。它能讓人從不列顛尼亞的任何地方看到我這裡的太陽系儀。」
0x04F8,Brion,Brion,,0xe19,1,3,False,他似乎若有所思。
0x04F8,Brion,Brion,,0xe19,2,3,False,「我知道你無法留在這裡觀看行星排列。
0x04F8,Brion,Brion,,0xf5a,0,1,False,你想要這個來檢視我的太陽系儀，並更好地預測行星的位置嗎？」
0x04F8,Brion,Brion,,0xfb2,0,1,False,他自豪地笑了。「我想你會想要的。但是，有一個問題。我還需要一顆水晶才能完全完成檢視器。如果你去酒館，你可能會在那裡找到一位有時會提供給我水晶的商人或旅行者。如果你能找到另一顆水晶，我就能把完成的檢視器交給你。」
0x04F8,Brion,Brion,,0x10ee_0x10fb,0,1,True,「很好，<HONORIFIC>。我希望你以後不會為此後悔。」
0x04F8,Brion,Brion,,0x1129,0,1,False,「你有水晶了？太好了。」他接過你從冒險者那裡得到的水晶，開始把它連接到他的太陽系儀檢視器上。他很快就完成了。
0x04F8,Brion,Brion,,0x11d6_0x11e9,0,1,True,「我很抱歉，<HONORIFIC>，但我必須要有水晶才能完成檢視器。」
0x04F8,Brion,Brion,,0x1220_0x1236,0,1,True,「好好使用它，<HONORIFIC>。」他把這個裝置交給了你。
0x04F8,Brion,Brion,,0x125e,0,1,False,他搖了搖頭。「你沒有足夠的空間來放它。也許等你以後再回來時再說吧。」
0x04F9,Nelson,Nelson,,0x15,0,1,False,你看到一位看起來很博學的男人，帶著友善的表情。
0x04F9,Nelson,Nelson,,0x5b_0x6e,0,1,True,「向你致敬，<PLAYER_NAME>。」
0x04F9,Nelson,Nelson,,0x92,0,1,False,「你可以叫我 Nelson 。」
0x04F9,Nelson,Nelson,,0xb3,0,1,False,「我是 Moonglow 這裡智者書庫的負責人，但是，」他靠近你說，「我的助手 Zelda 做了大部分的工作。」
0x04F9,Nelson,Nelson,,0x149,0,1,False,「她是一位出色的助手。智者書庫從未運作得如此之好。然而，我認為她有點太嚴厲了，而且，」他再次靠近，「我覺得她相當美麗。」
0x04F9,Nelson,Nelson,,0x20c,0,1,False,「我聽說過關於一座島嶼的傳聞，但恐怕除此之外我一無所知。你可能想和 Jillian 談談——她應該對那片區域略知一二。」
0x04F9,Nelson,Nelson,,0x2af,0,1,False,「她投入了非凡的時間和精力，以確保這座建築物內的活動順利進行。而且，」他補充道，「如果沒有，她會認為是衝著她來的！」
0x04F9,Nelson,Nelson,,0x35e,0,1,False,「你不同意嗎？每當她美麗的倩影經過時，我都會臉紅。但是！」他舉起食指，「我怕她對我沒有同樣的吸引力。而且她太嚴肅了，讓我不敢隨意求婚。」
0x04F9,Nelson,Nelson,,0x43b,0,1,False,「我喜歡這個島和這裡的人民。主要是人民。」
0x04F9,Nelson,Nelson,,0x47f_0x687_0x6c6,0,4,True,「你見過我的雙胞胎兄弟嗎？他是這裡天文台的負責人。在智者書庫的某個地方，你可以找到 Mariah。可悲的是，她這裡不太好。」他指了指自己的頭。
0x04F9,Nelson,Nelson,,0x47f_0x687_0x6c6,1,4,True,「賢者 Jillian 也在這裡的智者書庫學習。如果要打聽 Moonglow 的其他居民，最好的對象就是『親切惡棍酒館』的酒保。Phearcy 幾乎認識我們島上所有人。
0x04F9,Nelson,Nelson,,0x47f_0x687_0x6c6,2,4,True,「喔，你可別忘了 Penumbra 的傳說。那是兩百年前，她讓自己陷入沉睡。現在我回想起來，<PLAYER_NAME>，你就是她預言會喚醒她的人。
0x04F9,Nelson,Nelson,,0x47f_0x687_0x6c6,3,4,True,「最好快點，<HONORIFIC>，」他輕笑著。
0x04F9,Nelson,Nelson,,0x706,0,1,False,「他的名字是 Brion 。人們常把我們搞混，但我認為我們一點也不像——他獨佔了所有的外表『和』頭腦！」
0x04F9,Nelson,Nelson,,0x795,0,1,False,「她曾經是一名熟練的法師，但自從巫師們開始失去他們的，呃，能力後，她也跟著失去了。」
0x04F9,Nelson,Nelson,,0x814,0,1,False,「她很少有時間接待訪客，但我知道她偶爾會收學生。」
0x04F9,Nelson,Nelson,,0x860,0,1,False,「那個人總是能跟上他的政治，或者更確切地說，是他的八卦，」他笑著說。「如果你想了解 Moonglow 的某個居民，就去拜訪他吧。」
0x04F9,Nelson,Nelson,,0x910,0,1,False,「有趣的是，從來沒有人發現如何進入她的房子。我相信門上那些神秘的標誌需要有人將特定的物品放在牌匾旁邊。」
0x04F9,Nelson,Nelson,,0x9ad_0xa08,0,1,True,他笑得很開心。「那真的是她的回應嗎？我真是高興極了！謝謝你，<PLAYER_NAME>，帶來這個令人愉快的信息。」
0x04F9,Nelson,Nelson,,0xa33,0,1,False,「喔。喔，好吧，」他聳聳肩，試圖裝作若無其事的樣子。「反正她也不是真的很重要。」
0x04F9,Nelson,Nelson,,0xaac_0xace,0,1,True,「祝你有個美好的一天，<HONORIFIC>。你當然可以在智者書庫隨意行動。」
0x04F9,Nelson,Nelson,,0xb03,0,1,False,「你當然可以在這棟建築物裡隨意行動。但首先，」他笑著說，「讓我給你看看我的……」
0x04F9,Nelson,Nelson,,0xb9f,0,1,False,「這個實心黃銅書架配有相配的懸掛式燭台，適合在深夜探索文學。這是我自己發明的。」
0x04F9,Nelson,Nelson,,0xc18,0,1,False,"""'Twas just here..."" he scratches his chin. ""Oh well, never mind."""
0x04F9,Nelson,Nelson,,0xc5b,0,1,False,「這個，」他說著，拿著一張楓葉形狀的純金薄片，「是我在拍賣會上以半價買到的。」
0x04F9,Nelson,Nelson,,0xcd1,0,2,False,他看起來很難過。「我就知道總有一天會被偷，」他生氣地說。
0x04F9,Nelson,Nelson,,0xcd1,1,2,False,「我早該知道不該把它拿給每個來訪的人看。」
0x04F9,Nelson,Nelson,,0xd67,0,1,False,他給你展示了一個蛇形的橡木筆筒和它相配的卷軸開啟器。「這是我在旅行經過——你能猜到的——巨蛇堡（Serpent's Hold）時買的。」
0x04F9,Nelson,Nelson,,0xe18,0,1,False,他給你展示了一個蛇形的橡木筆筒。「這是我在旅行經過——你能猜到的——巨蛇堡時買的。但是，」他顯得很困惑，「我敢發誓相配的拆信刀剛才也在這裡。真奇怪。」
0x04F9,Nelson,Nelson,,0xefa,0,2,False,「筆筒不見了？」他驚呼。「那……」他似乎在找什麼東西。
0x04F9,Nelson,Nelson,,0xefa,1,2,False,「相配的卷軸開啟器也不見了！」
0x04F9,Nelson,Nelson,,0xf7b,0,3,False,他小心翼翼地拿出一本皮裝的厚書。他從長袍中掏出手帕，一絲不苟地擦去灰塵。
0x04F9,Nelson,Nelson,,0xf7b,1,3,False,「這是不列顛王親自送給我的。看，這是初版。」
0x04F9,Nelson,Nelson,,0xf7b,2,3,False,他小心翼翼地放在你手掌上的那本書非常古老，書名的金箔幾乎已經被完全磨掉。將書本翻正，你可以讀到書名：《異鄉異客（Stranger in a Strange Land）》。
0x04F9,Nelson,Nelson,,0x10f9,0,1,False,「不在這裡……喔好吧，Zelda 一定把它放回書架上了。」他嘆了口氣。
0x04FA,Rankin,Rankin,,0x0,0,1,False,Rankin 現在無法與你交談，因為他正在主持友誼會的聚會。
0x04FA,Rankin,Rankin,,0x4e,0,1,False,這名男子現在太忙無法與你交談，因為他正在主持友誼會的聚會。
0x04FA,Rankin,Rankin,,0xdc,0,1,False,這名男子帶著愉快的微笑向你問好。
0x04FA,Rankin,Rankin,,0x10d_0x14b,0,1,True,Rankin 微笑。「請告訴我有什麼我可以幫忙的，<PLAYER_NAME>。」
0x04FA,Rankin,Rankin,,0x173_0x14b,0,1,True,「你可以叫我 Rankin ，<PLAYER_NAME>。」
0x04FA,Rankin,Rankin,,0x191,0,1,False,「我是 Moonglow 這裡友誼會的新分會會長。」
0x04FA,Rankin,Rankin,,0x1e3_0x20b,0,1,True,「你想了解關於她的什麼事，<PLAYER_NAME>？」
0x04FA,Rankin,Rankin,,0x21c,0,1,False,「她因為重要公事前往不列顛了，」他笑著說。「我不認為她短期內會回來。」
0x04FA,Rankin,Rankin,,0x286,0,1,False,「喔？你最近也沒見過她？我想知道她最近在忙些什麼。」他微微一笑。
0x04FA,Rankin,Rankin,,0x2e7,0,1,False,立方體震動了。「事實上，我確切地知道她在哪裡。」
0x04FA,Rankin,Rankin,,0x337,0,1,False,「她就在那裡，」他指著 Balayna 說。
0x04FA,Rankin,Rankin,,0x368_0x390,0,1,True,「我有一段時間沒見到她了，<PLAYER_NAME>。也許你可以在她家找到她。」
0x04FA,Rankin,Rankin,,0x3bb,0,1,False,「她剛好停止了呼吸！」Rankin 笑了。
0x04FA,Rankin,Rankin,,0x3ed,0,1,False,「是的，我告訴過你那是商人從不列顛帶來的。你把酒給她了嗎？
0x04FA,Rankin,Rankin,,0x445,0,1,False,「那麼，」他問道，「有什麼問題？」
0x04FA,Rankin,Rankin,,0x48d,0,1,False,「啊，好吧。那我希望你之後有機會。」他奇怪地盯著你看了一會兒，然後又笑了。
0x04FA,Rankin,Rankin,,0x4fd,0,1,False,「太好了，那就這樣。」
0x04FA,Rankin,Rankin,,0x51f,0,1,False,「什麼！」他顯得很震驚。「死了？這怎麼可能？」
0x04FA,Rankin,Rankin,,0x56f_0x59a,0,1,True,「嗯，這真是一場悲劇！拜託，<PLAYER_NAME>，我現在想一個人靜一靜。如果你願意的話……」
0x04FA,Rankin,Rankin,,0x5de,0,2,False,「利口酒？怎麼，你的意思是商人有殺她的動機？這太荒謬了！」他似乎陷入了沉思。
0x04FA,Rankin,Rankin,,0x5de,1,2,False,「或者可能不是。也許我們會調查一下，你說呢？」
0x04FA,Rankin,Rankin,,0x697,0,1,False,「太好了。如果你找到任何情報，請讓我知道。同時，我會安排她的葬禮。」他悲傷地搖了搖頭。
0x04FA,Rankin,Rankin,,0x719,0,1,False,「很好，那麼我必須自己進行調查，『在』我安排好葬禮之後。」
0x04FA,Rankin,Rankin,,0x772,0,1,False,「你有那個殺了 Balayna 的旅行商人的消息嗎？
0x04FA,Rankin,Rankin,,0x7af_0x7bc,0,1,True,「很好，<PLAYER_NAME>。你有什麼消息？」
0x04FA,Rankin,Rankin,,0x7ef,0,1,False,「啊，好吧。繼續找。我肯定你很快就會得到一些情報的！」
0x04FA,Rankin,Rankin,,0x7af_0x841,0,1,True,「很好，<PLAYER_NAME>，我可以等到你了解到更多再說。」
0x04FA,Rankin,Rankin,,0x872,0,1,False,「真的嗎！」他似乎真的很驚訝。「這，啊，太好了。那我猜這起謀殺案已經報仇了。」
0x04FA,Rankin,Rankin,,0x8e8,0,1,False,他咧嘴笑著，明顯感到尷尬。「我很抱歉。雖然這裡的分會幾年前就開設了，但它是不列顛尼亞最新設立的分會。我仍然認為自己是這裡的新分會會長。」
0x04FA,Rankin,Rankin,,0x9b5,0,1,False,「啊，是的，Moonglow。這是一個令人愉快的城鎮。你可以在這裡找到各式各樣的人。」
0x04FA,Rankin,Rankin,,0xa2b,0,1,False,「對不起，但我不喜歡閒聊八卦。」
0x04FA,Rankin,Rankin,,0xa5c,0,1,False,「按照慣例，我們的聚會是在晚上 9 點。請隨意加入我們。」
0x04FA,Rankin,Rankin,,0xaae,0,1,False,「你真的應該把你的獎章還給那個給你的人。只有友誼會成員才被允許佩戴。」
0x04FA,Rankin,Rankin,,0xb18,0,1,False,「如果你有空的話，我很樂意和你討論我們的理念。」
0x04FA,Rankin,Rankin,,0xb68,0,1,False,「放輕鬆，朋友，當時機成熟時你就會聽到。」
0x04FA,Rankin,Rankin,,0xba8,0,2,False,「我們每個人內心都存在著一個內在的聲音。這個聲音是我們的伴侶和嚮導。
0x04FA,Rankin,Rankin,,0xba8,1,2,False,參與友誼會越深的人，就越常能聽到自己的內在聲音。」
0x04FA,Rankin,Rankin,,0xc5c,0,1,False,「多好的人啊！他們剛才還在這裡給我進行訓練課程。我才剛被任命為分會長。你知道的，這是一個新分會。總之，Elizabeth 和 Abraham 離開去往石像鬼島 Terfin 了。」
0x04FA,Rankin,Rankin,,0xd35,0,1,False,「自從很多天前他們給我進行了訓練之後，我就沒見過他們了。」
0x04FA,Rankin,Rankin,,0xd8d,0,1,False,「噓！等一下再跟我說這件事，」他低聲說著，並暗中指著 Balayna，「等她不在的時候。」
0x04FA,Rankin,Rankin,,0xe05_0xe56_0x20b,0,3,True,他開始看起來覺得很有趣。
0x04FA,Rankin,Rankin,,0xe05_0xe56_0x20b,1,3,True,「我不會讓你太擔心這件事的，<PLAYER_NAME>。恐怕 Balayna 有點太野心勃勃了。我猜她可能是無意中聽到了我的一場演講，並且誤解了我的話。等我有更多時間時，我必須和她談談這件事，以便消除她的恐懼。」他睜大眼睛，彷彿想起了什麼。
0x04FA,Rankin,Rankin,,0xe05_0xe56_0x20b,2,3,True,「我忘了，她曾向一位會經過不列顛的旅行商人要求了一小瓶利口酒。他幾天前把酒帶來了，而我一直沒有機會給她。你願意幫我把酒送給她嗎，<PLAYER_NAME>？」
0x04FA,Rankin,Rankin,,0x101e,0,1,False,「太好了，我的朋友。」
0x04FA,Rankin,Rankin,,0x1040,0,1,False,「我感謝你。」他把那瓶利口酒給了你。
0x04FA,Rankin,Rankin,,0x1077,0,1,False,「啊，好吧，你帶的東西太多了。我只好把它留到我有時間跟她談的時候再說。總之還是謝謝你。」
0x04FA,Rankin,Rankin,,0x10fc,0,1,False,「很好。我只好把它留到我有時間跟她談的時候再說。總之還是謝謝你。」
0x04FA,Rankin,Rankin,,0x1160,0,1,False,「願三位一體 (Triad) 指引你的生活。」
0x04FA,Rankin,Rankin,,0x1195_0x11ba_0x11e2,0,1,True,「如果你對友誼會感興趣，<PLAYER_NAME>，去不列顛找巴特林。再見，<PLAYER_NAME>。」
0x04FB,Danag,Danag,,0x0,0,1,False,Danag 對你點點頭。「我無意失禮，但我正在專心玩遊戲。我希望能贏一大筆錢！」
0x04FB,Danag,Danag,,0x6d,0,1,False,他高興地搓著手。
0x04FB,Danag,Danag,,0xb7,0,1,False,你看到一位帶著燦爛笑容、快活的男人。很明顯他很享受他的生活。
0x04FB,Danag,Danag,,0x112,0,1,False,他注意到了你的獎章。
0x04FB,Danag,Danag,,0x131,0,1,False,「友誼會成員！你好嗎！希望你來海盜巢穴的旅程不會太麻煩！歡迎來到我們的島嶼！」
0x04FB,Danag,Danag,,0x1a7,0,1,False,立方體震動了。
0x04FB,Danag,Danag,,0x1bd,0,1,False,「我認出你就是聖者！我知道你被判處死刑了！」
0x04FB,Danag,Danag,,0x200,0,1,False,Danag 微笑著，彷彿他剛才說的是你被邀請與國王共進晚餐一樣。
0x04FB,Danag,Danag,,0x255,0,1,False,「哈囉！」Danag 說。
0x04FB,Danag,Danag,,0x271,0,1,False,「我是 Danag ，我的朋友。」這名男子誇張地鞠了個躬。
0x04FB,Danag,Danag,,0x2bb,0,1,False,「我是這裡海盜巢穴的友誼會代理分會長。我們正式的會長 Abraham，目前因為友誼會的事務外出了。」
0x04FB,Danag,Danag,,0x354,0,1,False,「友誼會在海盜巢穴存在很長一段時間了。這是不列顛尼亞最古老的分會之一，僅次於不列顛的總部。你可能會想，為什麼一個名聲如此狼藉的島嶼會吸引友誼會。」
0x04FB,Danag,Danag,,0x43a,0,1,False,「友誼會的創始人認為，居住在這個島上的人們會從我們的組織中獲益最多。
0x04FB,Danag,Danag,,0x4a1,0,1,False,「特別是因為我們會幫助他們在海盜巢穴建立一個罪惡和暴食的帝國。」
0x04FB,Danag,Danag,,0x502,0,1,False,你注意到 Danag 說話時立方體一直在震動。
0x04FB,Danag,Danag,,0x53a,0,1,False,「在所有的罪惡、放蕩、海盜行為、賭博、酗酒之中——友誼會已經表明了立場，並招募成員來遵循我們的原則。海盜巢穴因此改變了。」
0x04FB,Danag,Danag,,0x5ff,0,1,False,「很久以前，這裡只是海盜、拾荒者和流氓的藏身之處。看看周圍。
0x04FB,Danag,Danag,,0x65a,0,1,False,「現在它是不列顛尼亞所有腐敗的中心。海盜們都受到友誼會的控制。」
0x04FB,Danag,Danag,,0x6bb,0,1,False,立方體持續震動。
0x04FB,Danag,Danag,,0x6d4,0,1,False,「現在海盜巢穴是一個島嶼天堂。它有自己的商業。它向不列顛王納稅。這裡的海盜現在都是商人。他們的人生有所成就。
0x04FB,Danag,Danag,,0x777,0,1,False,「因此，浴場和遊戲之屋是全國最賺錢的兩家機構。」
0x04FB,Danag,Danag,,0x7d4,0,1,False,「當然，這是一個讓人可以體驗肉體愉悅的地方。所有的利潤都歸友誼會所有。
0x04FB,Danag,Danag,,0x83e,0,1,False,「這是一項純粹無害的生意，迎合那些需要放鬆的疲憊之人。人們可以在那裡獲得身心上的洗滌。
0x04FB,Danag,Danag,,0x8c0,0,1,False,「它真的是不列顛尼亞皇冠上的一顆明珠。」
0x04FB,Danag,Danag,,0x8fd,0,1,False,「哎呀，這是一家賭場！友誼會肯定從那個地方賺了一大筆！」
0x04FB,Danag,Danag,,0x952,0,1,False,「這是一個挑戰心智以及評估生活策略能力的機構。鍛鍊大腦的這部分對一個人的自尊和幸福很重要。」
0x04FB,Danag,Danag,,0x9dd,0,1,False,「Abraham 是友誼會核心圈的成員之一。他和他的同事 Elizabeth 會定期在全國旅行，通常是分配或收集組織的資金，並在其他分會處理事務。」
0x04FB,Danag,Danag,,0x1a7,0,1,False,立方體震動了。
0x04FB,Danag,Danag,,0xa96,0,1,False,「嗯……呃……他也是處決的協調員，而且他打牌會作弊。」
0x04FB,Danag,Danag,,0xaf2,0,1,False,「Elizabeth 是一位極為聰明的女性，擔任特別計畫總監。她通常和不列顛的巴特林一起工作，但她大部分時間都在各分會間旅行。」
0x04FB,Danag,Danag,,0xb9f,0,1,False,隨著立方體震動，Danag 補充道，「她，嗯……也是個十足的母狗，隨時都可能謀殺你。」
0x04FB,Danag,Danag,,0xc22,0,1,False,「他們可能做任何事，從為貧苦農民建立庇護所，到在沒有友誼會大廳的城鎮建立一個新分會。」
0x04FB,Danag,Danag,,0xca4,0,1,False,隨著立方體震動，Danag 自豪地補充道：「我們目前的特別計畫是為守護者建造黑門。它位於聖者之島我們秘密的地下設施中！」
0x04FB,Danag,Danag,,0xd5b,0,1,False,Danag 興奮地睜大了眼睛。「這是我們即將到來的主人和主宰的門戶！他大約在幾個小時內就會穿過來！」
0x04FB,Danag,Danag,,0xde6,0,1,False,「它在法典聖宮內的一個地城裡。有一道屏障可以阻擋不速之客。有一把特殊的鑰匙可以打開屏障，只有少數被選中的人才有。」
0x04FB,Danag,Danag,,0xe99,0,1,False,「我沒有。只有 Elizabeth 和 Abraham 、巴特林以及 Hook 本人才有。Hook 可能把他的鑰匙放在他的住處。」
0x04FB,Danag,Danag,,0x1a7,0,1,False,立方體震動了。
0x04FB,Danag,Danag,,0xf1f,0,1,False,「有個鐵鉤的男人？那就是他的名字！『Hook』！他就住在這座島上！事實上，他的住處就在遊戲之屋後面的秘密墓穴裡！你可以向守衛 Sintag 詢問 Hook 來到達那裡。當然，你知道 Hook 是友誼會的首席劊子手……還有他的助手，石像鬼 Forskis 。」
0x04FB,Danag,Danag,,0x1073,0,1,False,「一個一隻手是鐵鉤的海盜？不……我想我不認識他。這個島上有很多海盜。他們很多人也缺手斷腳的！」
0x04FB,Danag,Danag,,0x1101,0,1,False,「他們通常一起旅行。他們剛從我們在巨蛇堡附近的冥想休閒中心抵達，我相信他們在島上的某個地方。Abraham 告訴我，在他回來之前，我必須繼續擔任代理分會長。」
0x04FB,Danag,Danag,,0x1a7,0,1,False,立方體震動了。
0x04FB,Danag,Danag,,0x11df,0,1,False,「事實上，我相信他們正在前往聖者之島處理我們新的特別計畫的路上。」
0x04FB,Danag,Danag,,0x1243,0,1,False,「沒錯。Hook 替友誼會做所有的髒活。他是由 Jhelom 的 De Snel 大師訓練的。De Snel 也訓練了之前所有的劊子手。事實上，De Snel 本人就是友誼會的第一任劊子手！」
0x04FB,Danag,Danag,,0x1318,0,1,False,「據我所知，這個石像鬼的名字在石像鬼語中的意思是『心腹』。他是個強悍的無翼石像鬼，是 Hook 的幫手。我相信他和 Hook 一起住在墓穴裡。」
0x04FB,Danag,Danag,,0x13d9,0,1,False,「再見！」
0x04FC,Kallibrus,Kallibrus,,0x15,0,1,False,你看到一個看起來相當矜持的石像鬼。
0x04FC,Kallibrus,Kallibrus,,0x49,0,1,False,Kallibrus 微笑著對你點頭致意。
0x04FC,Kallibrus,Kallibrus,,0x72,0,1,False,「被稱為 Kallibrus 。」
0x04FC,Kallibrus,Kallibrus,,0x9a,0,1,False,「那不是我真正的名字。這個名字是 Cairbre 給我的，他發不出我的石像鬼名字。」
0x04FC,Kallibrus,Kallibrus,,0x10f,0,1,False,「大部分時間都作為傭兵工作。現在正在待業中。幫助朋友 Cosmo 尋找獨角獸。」
0x04FC,Kallibrus,Kallibrus,,0x18a,0,1,False,「已經成為夥伴很多、很多年了。而且被束縛的時間更長！」
0x04FC,Kallibrus,Cairbre,,0x1de,0,3,False,「他，呃，說的束縛是指，我們是非常好的朋友。」他轉向石像鬼。
0x04FC,Kallibrus,Cairbre,,0x1de,1,3,False,「我告訴過你要小心用詞。如果你不說清楚，可能會引發很多虛假的謠言。」
0x04FC,Kallibrus,Cairbre,,0x1de,2,3,False,石像鬼羞怯地點點頭。
0x04FC,Kallibrus,Kallibrus,,0x2c2,0,1,False,「認識他很多年了，但沒有認識 Cairbre 那麼久。是個好朋友。」
0x04FC,Kallibrus,Kallibrus,,0x317,0,1,False,「不確定，但認為這和女人有關，而且，該怎麼說……性交？」
0x04FC,Kallibrus,Kallibrus,,0x37a,0,1,False,「對這個詞一無所知。是指類似繁殖的意思嗎？」
0x04FC,Kallibrus,Kallibrus,,0x3bd,0,1,False,「告訴你石像鬼的繁殖方式似乎和人類不同，但解釋得太糟糕了，沒有什麼用。」
0x04FC,Kallibrus,Kallibrus,,0x42a,0,1,False,「感到相當困惑。」他聳了聳肩。
0x04FC,Kallibrus,Kallibrus,,0x458,0,2,False,「我知道這與性別差異有關，但在石像鬼中沒有這種事。相信有一個特定的人類……女人……派他來這裡。
0x04FC,Kallibrus,Kallibrus,,0x458,1,2,False,「曾聽 Cosmo 說過『愛』，但 Cairbre 聲稱沒有這種東西。不明白，但無論如何都會幫助朋友。」
0x04FC,Kallibrus,Cairbre,,0x564_0x589,0,1,True,「這就是我喜歡他的地方，<HONORIFIC>，忠誠到底！」他說著，拍了拍石像鬼的肩膀。
0x04FC,Kallibrus,Kallibrus,,0x5ca_0x5e3,0,1,True,「期待下次見面，<HONORIFIC>，」他說。
0x04FD,Cosmo,Cosmo,,0x15,0,1,False,這個年輕人睜大眼睛的表情似乎表明了他的天真。
0x04FD,Cosmo,Cosmo,,0x58_0x6e,0,1,True,「哎呀，你好，<HONORIFIC>，」Cosmo 說。
0x04FD,Cosmo,Cosmo,,0x81_0x95,0,1,True,「我是 Cosmo ，<HONORIFIC>，Ophelia 的未婚夫。」
0x04FD,Cosmo,Cosmo,,0xc5_0xf0,0,1,True,「我，呃，正在尋找某樣東西，<HONORIFIC>。」
0x04FD,Cosmo,Cosmo,,0xfe_0x10b,0,1,True,「是的，<HONORIFIC>，只要我回到她柔軟的懷抱，我們就要結婚了。」
0x04FD,Cosmo,Cairbre,,0x150,0,1,False,「喔，拜託！」他翻了個白眼。
0x04FD,Cosmo,Cosmo,,0x17c_0x186,0,1,True,「嗯，<HONORIFIC>，這有點私事。」
0x04FD,Cosmo,Cairbre,,0x19f_0x1b8,0,1,True,「他正在尋找的，<HONORIFIC>，是他的童貞！」
0x04FD,Cosmo,Cosmo,,0x1d2,0,2,False,「那不是真的！」他臉紅了。
0x04FD,Cosmo,Cosmo,,0x1d2,1,2,False,「我在找一個方法來『證明』……我的童貞！」
0x04FD,Cosmo,Cosmo,,0x24a_0x272,0,1,True,「我……寧願……不談這個，<HONORIFIC>，」他結結巴巴地說。
0x04FD,Cosmo,Cosmo,,0x291,0,1,False,「她是不列顛尼亞最美麗的女人。我仍然難以置信她竟然同意嫁給我這個卑微的戰士。如果有必要，為了留住她的心，我願意為她走到世界盡頭！」
0x04FD,Cosmo,Cosmo,,0x355,0,1,False,他低頭看著自己的腳。「Ophelia 夫人擔心我可能不是……純潔的。我等了一輩子才等到像她這樣的人。難道她看不出來我是為了婚姻才保留自己的嗎？」
0x04FD,Cosmo,Cosmo,,0x42c_0x457,0,1,True,「你肯定能看出這其中的價值，<HONORIFIC>。如果我沒有克制……嗯……你懂的，就沒有女人會想要我了。」
0x04FD,Cosmo,Cosmo,,0x4af,0,1,False,「我必須向可愛的 Ophelia 證明我仍然是處男。為了做到這一點，我需要證明獨角獸會讓我觸碰牠。我的朋友和我在這裡尋找這樣的生物，因為最近的傳說聲稱有一隻住在這個地城裡。」
0x04FD,Cosmo,Cosmo,,0x5b3,0,2,False,「你見過那隻獨角獸了？」他皺了一會兒眉頭，但很快就舒展開來。
0x04FD,Cosmo,Cosmo,,0x5b3,1,2,False,「儘管如此，我還是會努力尋找牠。沒有什麼能阻止我去找我心愛的 Ophelia。」
0x04FD,Cosmo,Cosmo,,0x678_0x69a,0,1,True,「祝你有個美好的一天，<HONORIFIC>。如果你看到獨角獸，告訴牠等我。」
0x04FE,Lasher,Lasher,,0x0,0,1,False,你看到一隻大小和形狀都像馬的生物。牠的頭上長著一根筆直的角。牠用閃爍著智慧光芒的眼睛看著你。
0x04FE,Lasher,Lasher,,0x8b,0,1,False,「我再次向你致敬，聖者，」獨角獸 Lasher 說。
0x04FE,Lasher,Lasher,,0xdf,0,1,False,這隻生物說話了。「我的姓名是 Lasher。」
0x04FE,Lasher,Lasher,,0x117,0,1,False,Lasher 看著你眨了眨眼。「得了吧，聖者！我不靠人類社會的規則生活。我有我的身分，也就是獨角獸。然後我有我的目的，這完全是另一回事。」
0x04FE,Lasher,Lasher,,0x1ea,0,1,False,Lasher 驚呆地看著你。「告訴我，你知道獨角獸是什麼嗎？」
0x04FE,Lasher,Lasher,,0x23a,0,1,False,Lasher 茫然地看著你。牠的嘴巴張得大大的。「很好。那我就告訴你獨角獸是什麼。
0x04FE,Lasher,Lasher,,0x2a8,0,1,False,Lasher 悲傷地搖了搖頭。「不，你只是『以為』你知道獨角獸是什麼，但我要告訴你真相。
0x04FE,Lasher,Lasher,,0x31f,0,1,False,「獨角獸是自然精靈家族的一員，很多很多年前，我們曾被召喚去幫助一位非常強大的巫師。」
0x04FE,Lasher,Lasher,,0x3a5,0,2,False,「哦，別跟我裝蒜了，聖者。你很清楚獨角獸的目的。
0x04FE,Lasher,Lasher,,0x3a5,1,2,False,我們是萬無一失的『童貞探測器』！」
0x04FE,Lasher,Lasher,,0x433,0,1,False,「我不記得那位巫師的姓名了，因為那已經是很久以前的事了，但只要知道他是個十足的混蛋就夠了。總之，出於某種原因，我們氏族的酋長，當時是一頭名叫 Sharp-Hoof 的蠢驢決定，與其回應這位巫師合法，且正確執行的召喚儀式，不如帶著大家去追逐一群非常漂亮的小母馬。」
0x04FE,Lasher,Lasher,,0x5b0,0,1,False,「我說到哪了？哦，對了，Sharp-Hoof！第二天早上，在我們和那些小母馬尋歡作樂之後，這位巫師又召喚了我們。這次 Sharp-Hoof 意識到我們最好還是回應，結果我們後悔莫及！巫師非常生氣！而且，嗯，我只能說我們與這種人的協議是非常、非常具有約束力的。」
0x04FE,Lasher,Lasher,,0x712,0,1,False,「我們不僅被迫為這位巫師服務一千年，他還在我們身上下了一個可怕的詛咒。」
0x04FE,Lasher,Lasher,,0x78d,0,1,False,「結果是，我們實際上並沒有為那位巫師服務一千年。他在給我們下詛咒幾週後，就縮短了時間。」Lasher 諷刺地哼了一聲，「我真是傷心欲絕。」
0x04FE,Lasher,Lasher,,0x84f,0,1,False,「我們自然精靈過去在坊間可是以『多情』著稱，而那名巫師大費周章召喚我們，不過是想藉由我們的天賦去誘拐某個無辜少女。當我們放了他鴿子後……呵呵，怎麼說呢？這位大法師在控制他身上那根『魔杖』的威能時，似乎遇上了相當嚴峻的『障礙』。總之，為了挽救他那可悲又日益衰退的『男子氣概』，他惱羞成怒，用了一個極其惡毒的『貞操詛咒』，徹底毀了我們的自由。」
0x04FE,Lasher,Lasher,,0xa55,0,1,False,「那是一個極其歹毒的詛咒。它先是奪走了我們的心智，驅使我們親手屠殺了氏族中所有的女性同胞……接著，又在我們身上烙下了一種病態的『敏感』——那種如今讓我們惡名昭彰、求死不能的極端感知。」
0x04FE,Lasher,Lasher,,0xb6a,0,1,False,「正是如此。我們這族的族人如今對任何形式的『性能量』都敏銳至極，這導致我們在肉體接觸上有了近乎病態的苛求——我們唯一能容忍的，只有那些在繁衍——或者隨你怎麼稱呼那種娛樂經驗——上，依舊潔白無瑕、毫無經驗之人的觸碰。」
0x04FE,Lasher,Lasher,,0xcb6,0,1,False,「沒錯。我發現與任何非處子之身的人發生肉體接觸，都會帶來令人作嘔的痛苦與不適……因此只要一有機會，我都會竭盡所能地逃避。」
0x04FE,Lasher,Lasher,,0xd7f,0,1,False,「是的，嗯，我不想跟你談得這麼私密，但如果你不介意的話，你是處子之身嗎？」
0x04FE,Lasher,Lasher,,0xdef,0,1,False,「我就知道！」Lasher 開始緊張地踱步。「如果你不介意退後一點，我將不勝感激。」
0x04FE,Lasher,Lasher,,0xe60,0,1,False,Lasher 緩慢地搖了搖頭。「老實說，你不需要為了給我留下好印象而吹噓，也不用害怕任何形式的口頭懲罰。順便說一下，我肩胛骨中間有點癢。你介意幫我抓一下嗎？」Lasher 向你伸直身體。「非常感謝。」
0x04FE,Lasher,Iolo,,0xf71,0,1,False,「這沒什麼好丟臉的，大人，」Iolo 表情非常嚴肅地說。
0x04FE,Lasher,Shamino,,0xfbd,0,1,False,「不，這完全可以理解。你最近太忙了，」Shamino 說。你感覺到他正努力保持嚴肅。
0x04FE,Lasher,Dupre,,0x102d,0,1,False,「你為什麼不去摸摸這匹漂亮的小馬呢。我們會這麼做的，但我認為牠更喜歡你。」說完，你聽到一陣爆笑和咯咯的笑聲。
0x04FE,Lasher,Lasher,,0x10d8,0,1,False,「請原諒，但也許你該去Lycaeum，找人幫你查一下『童貞』這個詞的定義。麻煩你退後一點好嗎？！你讓我感到緊張。」
0x04FE,Lasher,Lasher,,0x1176,0,1,False,「是的，你還沒開口，我就能知道答案了。你保持童貞…是出於選擇，還是因為……環境？」
0x04FE,Lasher,Lasher,,0x1200,0,1,False,「當然，聖者，你知道你每次回到不列顛尼亞時，都會奇蹟般地恢復你的童貞！從那以後，你保持童貞是出於選擇還是環境？」
0x04FE,Lasher,Lasher,,0x12a9,0,1,False,「嗯，我相信你總有一天會找到合適的人的。」
0x04FE,Lasher,Lasher,,0x12e9,0,1,False,「那太糟糕了，我非常抱歉。我很樂意幫助你，但那已經不再是我的目的了。」
0x04FE,Lasher,Lasher,,0x135a,0,1,False,「哦，我不知道。自從我親身參與這種事情以來，已經過了很長的時間。你是在尋求愛，還是在尋求情慾？」
0x04FE,Lasher,Lasher,,0x13f6,0,1,False,「嗯，愛通常是一個非常難以捉摸的獵物。我想你可以去 Cove 城碰碰運氣。那是一個戀人之城，至少我聽說是這樣。」
0x04FE,Lasher,Lasher,,0x1493,0,1,False,「如果你只關心滿足你的情慾，那麼你應該在海盜巢穴 (Buccaneer's Den)的浴池裡找到滿足感。但一定要帶足錢。」
0x04FE,Lasher,Lasher,,0x1527,0,1,False,「事實上，身為童貞探測器，我最無法忍受的部分是，必須應某個聰明的法師、吟遊詩人或英雄的要求，讓他們未來的妻子試著觸摸我。」
0x04FE,Lasher,Lasher,,0x15e6,0,1,False,「這是一場悲劇。男人總是會緊張，然後給婚姻加上一個條件：他的新娘必須是處女。他們叫我來測試她，而男人的單身生活也因此得到了緩刑。我毀掉的婚約比黑死病還多。」
0x04FE,Lasher,Lasher,,0x16d8,0,1,False,「我敢打賭，就像那些為了同樣原因在下面徘徊尋找我的傻瓜一樣。好吧，他們可以打消這個念頭了。我喜歡女人，我真的喜歡，坦白說，我厭倦了被用作羞辱她們的工具。」
0x04FE,Lasher,Lasher,,0x17e1,0,1,False,「我是一個魔法生物。只要我願意，我可以在下面避開他們。他們在抓到我之前就會老死。我拒絕協助他們逃避某種違背承諾的責任。如果你看到他們，你可以把這話告訴他們。」
0x04FE,Lasher,Lasher,,0x18cf,0,1,False,「他們想要為一個即將結婚的男人進行童貞測試？！」Lasher 發出了一陣長長的驚訝笑聲。「在我的有生之年，我從未聽說過這樣的事！」
0x04FE,Lasher,Lasher,,0x198c,0,1,False,「哦，如果他願意冒著生命危險，來到這裡證明他的貞潔，那她一定是個非常迷人的少女。」
0x04FE,Lasher,Lasher,,0x1a18,0,1,False,「這男孩一定是對這位少女神魂顛倒了。我想我應該去進一步調查這件事。如果他像你說的那麼有誠意，也許我會幫幫這個可憐的小夥子。」
0x04FE,Lasher,Lasher,,0x1ad3,0,1,False,「祝你好運，聖者。」
0x04FF,Mama,Mama,,0x15,0,1,False,你看到一個美麗的裸體女人。她一點也不在意自己沒穿衣服。
0x04FF,Mama,Spark,,0x68,0,1,False,Spark 睜大了眼睛，下巴都快掉下來了。
0x04FF,Mama,Iolo,,0x9d,0,1,False,「把嘴閉上，男孩。蟲子會飛進去的。還有把你的眼珠子放回腦袋裡。它們懸在眼眶外面看起來會很奇怪。」
0x04FF,Mama,Mama,,0x12f,0,1,False,「我，媽媽！」女子自豪地驚呼。
0x04FF,Mama,Papa,,0x15d,0,1,False,「算了， Myrtle。戲演完了。他們全都知道我們的事了。」
0x04FF,Mama,Mama,,0x1ab,0,1,False,「Murray！是你把我們出賣了嗎？你怎麼能這麼做？既然知道有人發現了真相，這就不再好玩了！」
0x04FF,Mama,Papa,,0x22e,0,1,False,「抱歉，親愛的。」
0x04FF,Mama,Mama,,0x24b,0,2,False,你告訴這名女子爸爸所說關於他們過去生活的事。
0x04FF,Mama,Mama,,0x24b,1,2,False,「嗯，該死！他為什麼要說出我們的秘密？我絕對不會原諒他的！真是個無賴！」
0x04FF,Mama,Mama,,0x2fc,0,1,False,「嗯？」媽媽問。
0x04FF,Mama,Mama,,0x315,0,1,False,「我，媽媽！」女子再次驚呼。
0x04FF,Mama,Mama,,0x340,0,1,False,「好吧。我的姓名是 Myrtle。但我喜歡被叫做媽媽。」
0x04FF,Mama,Mama,,0x387,0,1,False,「我，和爸爸，住這洞穴！」
0x04FF,Mama,Mama,,0x3af,0,1,False,「嗯，我不會把這叫做職業，但我就是和爸爸住在這個蜜蜂洞穴（Bee Cave）裡。」
0x04FF,Mama,Mama,,0x430,0,1,False,媽媽解釋。「吃。睡。愛。」
0x04FF,Mama,Dupre,,0x459,0,1,False,「還能有什麼？」
0x04FF,Mama,Mama,,0x473,0,1,False,「我們與社會隔絕，在下面盡我們所能地吃、睡，並互相愛著對方。」
0x04FF,Mama,Mama,,0x4d1,0,1,False,「嗯嗯嗯。爸爸！媽媽愛爸爸！」
0x04FF,Mama,Mama,,0x4ff,0,1,False,「他大多時候是個懶骨頭，但我還是愛他。」
0x04FF,Mama,Mama,,0x53c,0,1,False,「洞穴，好。溫暖。安全。」
0x04FF,Mama,Mama,,0x564,0,1,False,「它對我們很好。它讓我們保持溫暖。我們能找到食物。我並不懷念過去的生活。」
0x04FF,Mama,Mama,,0x5d4,0,1,False,「告辭！」
0x0500,Xorinia,Xorinia,,0x0,0,1,False,鬼火沒有回應。
0x0500,Xorinia,Xorinia,,0x43,0,2,False,一團光球向汝逼近。
0x0500,Xorinia,Xorinia,,0x43,1,2,False,「『汝』並非『吾等』所知的名為『Trellek』的存在。『汝』以森靈族的方式呼喚。原本，『Xorinia』正期待著那名為『Trellek』的存在到來。
0x0500,Xorinia,Xorinia,,0x118,0,1,False,「但，此事無關緊要。依據『吾』所掌握的資訊，此刻現身於『吾』面前的，即為被稱為『聖者』的存在。」
0x0500,Xorinia,Xorinia,,0x1a9,0,2,False,這隻鬼火隨之劇烈閃爍了一兩秒。
0x0500,Xorinia,Xorinia,,0x1a9,1,2,False,「『Xorinia』期盼能與眼前的『人類』存在，進行資訊交換。」
0x0500,Xorinia,Xorinia,,0x22b,0,1,False,「又一次，某個三維世界的局部投影，向『Xorinite』維度發起了訊號。」
0x0500,Xorinia,Xorinia,,0x28b,0,1,False,「最高機率表明，來自『Xorinite』維度的投射，會被那些被稱為『人類』的存在冠以『鬼火』之名。此外，在 Xorinite 維度的其他投射之中，『吾』亦被稱為『Xorinia』。」
0x0500,Xorinia,Xorinia,,0x372,0,2,False,「自從『Xorinite』維度被其自身的投射物所發現以來，人類存在便啟用了這個標籤，用以命名來自該維度的化現。另一個常見的別名則是『沼澤鬼火』。
0x0500,Xorinia,Xorinia,,0x372,1,2,False,「上述的資訊樣本為免費提供。通常情況下，獲取資訊是需要支付費用的。」
0x0500,Xorinia,Xorinia,,0x4aa,0,1,False,「『Undrian  議會』正設法搜集關於一名被稱為『Alagner』之存在的相關資訊。而『汝』正掌握著此項資訊。與此同時，『吾』亦掌握著『汝』目前正苦苦尋覓之『某個』特定存在的情報。因此，Undrian 議會在此提議一項對等交易。」
0x0500,Xorinia,Xorinia,,0x5f8,0,1,False,「該議會，即代表了『汝等』的語言中所定義的…『官方』。」
0x0500,Xorinia,Xorinia,,0x64d,0,1,False,「『Xorinia』是穿梭於不同位面，與維度之間的資訊通道。同時，『Xorinia』亦負責將所有對其群體成長，不可或缺的資訊，進行編目存檔。『汝』手中正掌握著對『吾』而言，可能具備價值的資訊。與此同時，『吾』亦掌握著『汝』所渴求的情報。」
0x0500,Xorinia,Xorinia,,0x797,0,1,False,「Undrian 議會掌握了這項資訊：在『汝等』的維度中，存在著一個被冠以『不列顛尼亞最睿智之人』稱號的人類個體。該個體名為『Alagner』，定居於『汝等』那處名為『New Magincia』的聚落。Alagner 手中握有一件被該個體稱為『筆記本』的物件——而這本『筆記本』，即是一項資訊的集合體。」
0x0500,Xorinia,Xorinia,,0x91a,0,1,False,「『吾』期盼能『吸收』Alagner 那本『筆記本』中所蘊含的資訊。若『汝』將該『筆記本』帶至此處，Undrian 議會便可釋放對『汝』而言，具備實用價值的情報。『汝』，是否同意此項交易？」
0x0500,Xorinia,Xorinia,,0xa18,0,1,False,「『Xorinia』認可了『汝』的實用價值。『吾』將駐留於此。人類存在通常會將『吾』的這項狀態，定義為『等待』。」
0x0500,Xorinia,Xorinia,,0xab6,0,1,False,「『Xorinia』察覺到了『汝』的敵意。若『汝』日後對此項決定有所反思，並決意更改，『吾』仍將駐留於此。」
0x0500,Xorinia,Xorinia,,0xb4c,0,1,False,「那名被稱為『時間領主（Time Lord）』的存在，正請求與『汝』進行面見。但在『吾』能向『汝』透露更多關於此事的進一步資訊之前，『吾』必須在此提議一項交易。」
0x0500,Xorinia,Xorinia,,0xc2e,0,1,False,「那名被稱為『時間領主』的存在，是一個來自『時空維度』的生命體。自那群被稱為『人類』的物種所定義的『數個世紀』前以來，Xorinite 維度便一直與『時間領主』保持著通訊對接。」
0x0500,Xorinia,Xorinia,,0xd28,0,4,False,「人類個體得到了『Xorinia』的歡迎。『汝』已將物件『筆記本』帶至此處。『吾』現在便開始吸收其中所蘊含的資訊。」
0x0500,Xorinia,Xorinia,,0xd28,1,4,False,這隻鬼火隨之劇烈閃爍了數秒。那本筆記本仍留在『汝』的背包之中。
0x0500,Xorinia,Xorinia,,0xd28,2,4,False,「『吾』已完成對該資訊的吸收。『汝』現在可將物件『筆記本』歸還予那名為『Alagner』的存在。
0x0500,Xorinia,Xorinia,,0xd28,3,4,False,「而現在，開始進行資訊的交換，並向汝傳達一則訊息。」
0x0500,Xorinia,Xorinia,,0xf0a,0,1,False,「『Xorinia』必須向『汝』傳達一則訊息。那名為『時間領主』的存在，正請求與『汝』進行面見。『時間領主』目前正被困於那被稱為『靈性神殿（Shrine of Spirituality）』的位面之中。若欲抵達『彼』所在之處，『汝』須在正位於『汝』之『西北方』的特定位置，啟用『汝』手中被稱為『月之寶珠』的物件。」
0x0500,Xorinia,Xorinia,,0x10a5,0,3,False,「現在，開始提供『汝』所尋覓的情報。這處被稱為『不列顛尼亞』的維度，目前正遭受一個名為『守護者』之存在的侵襲。
0x0500,Xorinia,Xorinia,,0x10a5,1,3,False,「『守護者』居於另一個維度之中，『Xorinia』有時亦會與該存在進行資訊交易。
0x0500,Xorinia,Xorinia,,0x10a5,2,3,False,『汝』，是否期盼了解更多關於『守護者』的情報？」
0x0500,Xorinia,Xorinia,,0x1201,0,3,False,「『Xorinia』已消化了關於『守護者』的資訊，並可陳述以下事實：
0x0500,Xorinia,Xorinia,,0x1201,1,3,False,「『守護者』具備了人類存在定義為『虛榮』、『貪婪』、『極度自戀』以及『惡毒』的特質。該存在以『力量』與『主宰』為養分。侵略其他世界，能為『彼』帶來人類所定義的『愉悅』。此時，『彼』的注意力，已全面聚焦於這處被稱為『不列顛尼亞』的維度。
0x0500,Xorinia,Xorinia,,0x1201,2,3,False,「『守護者』目前正試圖藉由一項人類存在稱之為『月之門』的物件切入這處維度。此座『月之門』並非藍色或紅色——據『Xorinia』所知，此二色，方為該物件之標準規格。該『守護者』目前正在建造一座呈現『黑色』的月之門。」
0x0500,Xorinia,Xorinia,,0x154b,0,3,False,「當下一次發生『天體連線』的現象之時，『黑月之門』便將具備完整的運作功能。
0x0500,Xorinia,Xorinia,,0x154b,1,3,False,「儘管『Xorinia』通常並無意圖去影響其他投射物的個體行為，但『Xorinia』在此對『汝』發出警告：若讓『守護者』進入這處維度，這處被稱為『不列顛尼亞』的維度將迎來終結。該『守護者』在『彼』自身的維度中已是力量強大；一旦降臨至『汝等』的維度，『彼』將無可阻擋。
0x0500,Xorinia,Xorinia,,0x154b,2,3,False,「Undrian 議會由衷期盼，此項資訊對汝有所助益。交易，已完成。」
0x0500,Xorinia,Xorinia,,0x178c,0,1,False,「『Xorinia』永遠歡迎資訊的交換。祝『汝』旅途順遂。」
0x0608,,Batlin,,0x0,0,1,False,「聖者！停在原地！你休想成功摧毀黑門！你瘋了嗎？？！守護者對你來說太強大了！他會像捏死一隻蟲子一樣捏碎你！不列顛尼亞的命運現在屬於他和友誼會！守護者是這片土地真正的統治者！向他屈服吧，聖者，也許他會讓你在他身邊留有一席之地。向他屈服——就是現在——！」
0x0608,,Arcadion,,0x184,0,1,False,Hook 指著你。
0x0608,,Arcadion,,0x196_0x1bb_0x1ce,0,1,True,「我說——殺了——聖者！<VAR>很危險！割斷<VAR>的喉嚨！我說我們——現在——就攻擊！」
0x0608,,,,0x209,0,1,False,Forskis 大喊：「殺！殺！」
0x0608,,,,0x22e_0x24f,0,1,True,Abraham 大叫：「讓我們把<VAR>做成魚餌！」
0x0608,,,,0x263,0,1,False,「聖者死期到了！守護者萬歲！」Elizabeth 尖叫著。
0x0608,,Batlin,,0x2a8_0x2f7,0,1,True,「那就這樣吧！友誼會在此判處聖者立即死刑！現在就殺了<VAR>！」
0x0610,,Iolo,,0x0,0,3,False,「我的好朋友，我很高興看到你還活著。你看似死亡時，我感到非常悲痛。
0x0610,,Iolo,,0x0,1,3,False,「在我們戰鬥的過程中，我確實與你走散了。能發現你安然無恙真是太好了。
0x0610,,Iolo,,0x0,2,3,False,「如果你覺得好些了，那我們就繼續我們的任務吧。」
0x0610,,Shamino,,0x117,0,3,False,「你的康復真是一個奇蹟！失去聖者對這個世界將是個嚴重的打擊。
0x0610,,Shamino,,0x117,1,3,False,「當我們終於找到你時，你的身體正被兩個戴著兜帽的友誼會成員用馬車運到這個地方。
0x0610,,Shamino,,0x117,2,3,False,「你經歷了可怕的磨難且長途跋涉。或許你應該休息一下...」
0x0610,,Dupre,,0x23d,0,3,False,「把你帶到這裡的友誼會成員，在整個旅程中一句話也沒說。
0x0610,,Dupre,,0x23d,1,3,False,「但他們把你帶到這裡是做對了，因為你被救活了！
0x0610,,Dupre,,0x23d,2,3,False,「讓我們大家喝一杯慶祝一下！只要你願意，我們隨時準備出發。」
0x0614,,Stone Guardian,,0x0,0,1,False,「是的，休息吧，我的朋友。休息並療傷，這樣你才能變得堅強，並有能力面對你眼前的危險。祝你有個好夢！」
0x0614,,Stone Guardian,,0x97,0,1,False,「進去吧。告訴他們你是聖者！」
0x0614,,Stone Guardian,,0xc5,0,1,False,「感謝你筆記本裡的資訊，聖者！它非常有用！哈哈哈哈哈！」
0x0614,,Stone Guardian,,0x11a,0,1,False,「別進去！那是個陷阱！你沒看出來嗎？那是個陷阱！」
0x0614,,Stone Guardian,,0x166,0,1,False,「你不會相信時間領主吧？小心點，我的朋友——別相信他！」
0x0614,,Stone Guardian,,0x1bb,0,1,False,「別進去！你一定會死的！」
0x0614,,Stone Guardian,,0x1e3,0,1,False,「聖者，這裡不歡迎你！」
0x0614,,Stone Guardian,,0x208,0,1,False,「你確定嗎？再想想吧！」
0x0614,,Stone Guardian,,0x22d,0,1,False,「至少有一個標誌是真的，而且至少有一個標誌是假的。」
0x0614,,Stone Guardian,,0x27c,0,1,False,「這些標誌中有兩個要麼是真的，要麼是假的！」
0x0614,,Stone Guardian,,0x2bf,0,1,False,「不不不！再想想吧！」
0x0614,,Stone Guardian,,0x2e1,0,1,False,「每個標誌都可能是真的，也可能是假的！」
0x0614,,Stone Guardian,,0x31e,0,1,False,「阻止聖者！我現在就要通過黑門過來了！別讓他靠近！」
0x0614,,Stone Guardian,,0x36d,0,1,False,「那麼，聖者！關鍵時刻到了！你可以摧毀黑門，但你將永遠無法回到你深愛的地球。或者你現在就可以穿過它回家！這是你的選擇！」
0x0614,,Stone Guardian,,0x422,0,1,False,「哈哈哈哈哈哈！」
0x0614,,Stone Guardian,,0x43f,0,1,False,「可憐的聖者……可憐，可憐的聖者……」
0x0614,,Stone Guardian,,0x479,0,1,False,「幹得好，我的朋友！你真不愧是聖者！」
0x0614,,Stone Guardian,,0x4b3,0,1,False,「你走錯方向了，我的朋友！」
0x0614,,Stone Guardian,,0x4de,0,1,False,「滾開！！」
0x0614,,Stone Guardian,,0x4f1,0,1,False,「那正是該做的事，聖者！」
0x0614,,Stone Guardian,,0x519,0,1,False,「你最好別這麼做，聖者！」
0x0614,,Stone Guardian,,0x541,0,1,False,「你真的知道你要去哪裡嗎，聖者？」
0x0614,,Stone Guardian,,0x575,0,1,False,「是的，那是正確的前進方向，聖者。」
0x0614,,Stone Guardian,,0x5ac,0,1,False,「哈哈哈哈哈哈！」
0x0614,,Stone Guardian,,0x5c8,0,1,False,「呵呵哈哈嘿嘿嘿！」
0x0617,,Trent,Trent,0x0,0,1,False,「好了。完成了。現在把這該死的東西帶給 Mordra。她會指導你如何使用。」
0x0621,,,,0x0,0,1,True,<VAR>
0x0622,,,,0xb_0x21_0x35,0,1,True,「你想睡多久？<VAR>會叫醒你的， <VAR>？」
0x0622,,,,0x3c,0,1,True,<VAR> 給你一個不耐煩的眼神。「算了。」
0x0622,,,,0x6e,0,1,False,「做個好夢。」
0x0623,,,,0x0_0xd,0,1,True,「起來，<VAR>。是時候繼續任務了。」
0x0625,,Guard,,0x0,0,6,False,你看到一個憤怒的守衛。
0x0625,,Guard,,0x0,1,6,False,多年的教導讓他產生了過度發展的紀律感
0x0625,,Guard,,0x0,2,6,False,以及對維持秩序的狂熱奉獻。現在，他所有的熱情都指向了你。
0x0625,,Guard,,0x0,3,6,False,「在 Trinsic 城牆的聖所內，絕不容忍這種行為。
0x0625,,Guard,,0x0,4,6,False,你的紅色披風和金色的捲髮只表明你是一個邪惡的冒名頂替者，而不是真正的聖者。
0x0625,,Guard,,0x0,5,6,False,受死吧！」
0x0625,,Palace Guard,,0x173,0,1,False,守衛怒視著你。「死不悔改的無賴！」
0x0625,,Palace Guard,,0x1a7,0,2,False,你看到一個憤怒的守衛。「立刻停止！
0x0625,,Palace Guard,,0x1a7,1,2,False,你想避免漫長審判帶來的不快嗎？」
0x0625,,Palace Guard,,0x20d,0,1,False,「你的自由值多少錢？」
0x0625,,Palace Guard,,0x22f,0,1,False,守衛對你微不足道的出價不為所動。「再多一點怎麼樣？我們的監獄裡關了一些討人厭的傢伙。」
0x0625,,Palace Guard,,0x2bf_0x302,0,1,True,守衛眨了眨眼。「我很高興看到你是一個會思考的<GENDER_FLAG>。我會處理這場騷動的。」
0x0625,,Palace Guard,,0x327,0,2,False,你看到一個憤怒的守衛。「立刻停止！
0x0625,,Palace Guard,,0x327,1,2,False,你會乖乖跟我走嗎？」
0x0625,,Palace Guard,,0x37b,0,1,False,「很好。你將被關在監獄裡，直到我們認為適合釋放你為止。」
0x0625,,Palace Guard,,0x3d0,0,1,False,「這是不幸的決定，我的朋友。」
0x063D,,,,0x0_0x0,0,1,True,"""<VAR>"""
0x063E,,Lord British,,0x0,0,1,False,抓到了，你這個偷竊的無賴混蛋！也許唯一比你這不付應付代價就想摧毀黑門的可悲企圖更可笑的，就是你無可避免地要向你那位朋友做出令人尷尬的解釋，毫無疑問，你正在向他展示這個！
0x063E,,Lord British,,0xfd,0,1,False,因你違背不列顛尼亞美德的作弊暴行，我判你有罪。
0x063E,,Lord British,,0x144,0,1,False,判決已定。* 選擇刑罰：* 死刑。
0x0691,,Avatar,,0x0,0,1,False,過了一會兒，你注意到刀刃明顯變利了。
0x0691,,Avatar,,0x37,0,1,False,你覺得自己已經盡力了，但這把劍感覺還是不太對勁。作為一把武器，它太重、太笨拙了。
0x0691,,Avatar,,0xb0,0,1,False,最後一擊可能太重了，需要一段時間才能敲平瑕疵。
0x0691,,Avatar,,0xf6,0,1,False,刀刃已經被打磨得非常好了。需要某種魔法才能將這把劍胚變成可用的武器。
0x0696,,Erethian,,0x0,0,1,False,Erethian 對你的問題感到惱火，「對於一個敏銳到能感覺出墨水在書頁上所形成凸起的人來說，這並不是什麼障礙。
0x0696,,Erethian,,0x97,0,1,False,你以為我是個殘廢嗎？你要知道，在我的探索中，我所面臨的危險，甚至能讓像你這樣的人嚇得渾身發抖。」
0x0696,,Erethian,,0x128,0,1,False,這位法師的眼睛開始閃爍著柔和的光芒。「我的魔法強大到足以撕裂現實的結構，並按照我的意願重建它。
0x0696,,Erethian,,0x1b6,0,1,False,為了證明這一點，我將化身為一只有翅膀的石像鬼貴族……」
0x0696,,Erethian,,0x208,0,1,False,他的雙手在半空中揮舞出你認得的魔法手勢，然後他輕聲唸出魔法咒語：
0x0696,,Erethian,,0x269,0,1,False,「Rel An-Quas Ailem In Garge」。
0x0696,,Erethian,,0x28e,0,1,False,「即使是巨大巨龍的形態，也沒有超出我的能力範圍。」Erethian 開始輕聲說話，然後聲音越來越大：
0x0696,,Erethian,,0x313,0,1,False,「Rel An-Quas Ailem In BAL-ZEN」！
0x0696,,Erethian,,0x33a,0,1,False,巨龍威脅性地低下口鼻，看著你猜測應該是你所在的位置。即使在這種強大的形態下，Erethian 似乎仍然是盲目的，然而，你有一種印象，他非常有能力照顧自己。
0x0696,,Erethian,,0x410,0,1,False,「夠了，這些愚蠢的把戲，我的研究真的很忙。」他吟唱著咒語：
0x0696,,Erethian,,0x468,0,1,False,「An Ort Rel」！
0x0696,,Erethian,,0x0,0,1,False,Erethian 對你的問題感到惱火，「對於一個敏銳到能感覺出墨水在書頁上所形成凸起的人來說，這並不是什麼障礙。
0x0696,,Erethian,,0x97,0,1,False,你以為我是個殘廢嗎？你要知道，在我的探索中，我所面臨的危險，甚至能讓像你這樣的人嚇得渾身發抖。」
0x0696,,Erethian,,0x47d,0,1,False,這位法師的眼睛開始閃爍著柔和的光芒。「我的魔法強大到足以撕裂現實的結構，並按照我的意願重建它。」
0x0696,,Erethian,,0x1b6,0,1,False,為了證明這一點，我將化身為一只有翅膀的石像鬼貴族……」
0x0696,,Erethian,,0x208,0,1,False,他的雙手在半空中揮舞出你認得的魔法手勢，然後他輕聲唸出魔法咒語：
0x0696,,Erethian,,0x50e,0,1,False,「Rel An-Quas Ailem In Bet-Zen」。
0x0696,,Erethian,,0x535,0,1,False,這位年邁的法師在經歷了變成囓齒動物的經驗後，顯得有些困惑。「那個法術以前總是很有效，但是有了這些該死的以太波，我記不起正確的咒語了？
0x0696,,Erethian,,0x5fc,0,1,False,沒關係，我將化身為一條巨龍來證明我的力量……」他開始輕聲說話，然後聲音越來越大：
0x0696,,Erethian,,0x675,0,1,False,「Rel An-Quas Ailem In MOO」！
0x0696,,Erethian,,0x698,0,1,False,這位年邁的法師看起來相當尷尬，「夠了，這些愚蠢的把戲，我的研究真的很忙。」他轉過身去，臉漲得通紅。
0x0696,,Erethian,,0x72d,0,1,False,這位老法師似乎想說些什麼，停了下來，然後說：「如果這裡的空間沒有那麼狹小，我就會讓你看看我的失明絲毫沒有妨礙我的能力。」他的缺陷似乎是這位法師的一個敏感話題。
0x0696,,Erethian,,0x81c,0,1,False,「除了打擾一個老人，你沒有更好的事可做嗎？！」他似乎對這種對話感到相當不滿。
0x069E,,Erethian,,0x0,0,1,False,Erethian 佈滿皺紋的臉上露出冷酷堅決的神情。他捲起袖子，就像個準備為容易緊張的馬匹釘馬蹄鐵的鐵匠，
0x069E,,Erethian,,0x8e,0,1,False,「現在要小心。」這位老法師關切地說：「我即將釋放的力量是變化無常的。我不希望看到有什麼不幸的事情發生在你身上。」
0x069E,,Erethian,,0x137,0,1,False,當法師從周圍汲取力量時，你感覺到以太的一陣強烈湧動。
0x069E,,Erethian,,0x187,0,1,False,你感覺到以太的一陣強烈湧動，這似乎暫時穩定了這個區域的以太。
0x06A0,,Erethian,,0x0,0,1,False,在抱怨以太的無用和討厭的跨次元生物的低聲咒罵中，Erethian 吟唱起魔法咒語，
0x06A0,,Erethian,,0x6a,0,1,False,"""An Vas Ailem!   Kal Bet Ailem!"""
0x06A0,,Erethian,,0x8c,0,1,False,年邁法師佈滿皺紋的眉頭上出現了小汗珠。「這比我預期的還要難一點。」他停下來用袖子尖擦了擦額頭，「我得引導一條地下小河，讓水井打水。那麼，現在你需要一些工具，才能使用這些設備，不是嗎？」他自問自答，同時再次準備向這個世界釋放他的意志。
0x06A0,,Erethian,,0x1e9,0,1,False,他停頓了一下，然後說，「如果碰巧你有將某些東西放在這裡的地板上，你可以在那邊的箱子裡找到它。」他指了指地上的箱子，然後繼續他的法術。
0x06F5,,Erethian,,0x0,0,1,False,Erethian 的臉色轉為死灰，但他似乎對這件經由他之手完成的工作感到滿意。他那雙無神的眼睛轉向你，緩緩說道：「正如我所言，我本人曾嘗試打造一件擁有強大力量的神器。我以一種除魔法外便無法改變的深色物質製成了劍柄。然而，劍刃的部分，是由這種物質與不列顛尼亞所知最純淨的金屬合金鑄成。我的天賦足以讓我雕琢出這柄劍柄，但遺憾的是，我的臂力不足，無法將劍刃錘煉出完美的韌度。或許，你能替我完成這件偉大的神器...」他憑空取出一柄做工粗糙、但劍柄卻極為精緻的劍身。「當劍刃灼熱時，不必擔心觸碰劍柄，因為熱量似乎無法傳導過那種純淨的黑色物質。願好運與君同在。」
0x06F5,,Erethian,,0x322,0,1,False,他把劍交給你，然後疲倦地轉過身去。
0x06F5,,Erethian,,0x357,0,1,False,他把劍放在火坑上，然後疲倦地轉過身去。
0x06F6,,,,0x0,0,1,False,「是的，主人。我有什麼能為您效勞的？」鏡子裡的黑暗身形深深地鞠了一躬。
0x06F6,,Erethian,,0x7c_0x86,0,1,True,驚訝的<VAR>環顧四周說道：「我不記得召喚過你。算了，我現在不需要你。走開！」老人漫不經心地揮了揮手。
0x06F6,,,,0x10b,0,1,False,那個人影咬緊牙關擠出笑容回答：「很好……」在明顯的停頓之後，「主人。」
0x06F6,,,,0x176,0,1,False,Arcadion 顯得非常驚訝，「你還在等什麼？！我求求你！放了我！」
0x06F6,,,,0x1ce,0,1,False,「附近有一顆寶石可以讓我重獲自由！那是一顆藍色的小石頭。快拿著它，用它把我從這面該死的鏡子裡放出來！」大惡魔因壓抑的挫折感而沸騰。
0x06F6,,,,0x293,0,1,False,「在我重獲自由的過程中，我能幫上什麼小忙嗎？如果是這樣，你儘管開口。」Arcadion 的笑容咧到了耳根。
0x06F6,,,,0x33d,0,1,False,「你身上有一顆藍色的小寶石。它可以用來釋放我！用它敲碎這面該死的鏡子！我一獲得自由就會進入它！」 Arcadion 看起來準備從鏡子裡衝出來。
0x06F6,,,,0x293,0,1,False,「在我重獲自由的過程中，我能幫上什麼小忙嗎？如果是這樣，你儘管開口。」Arcadion 的笑容咧到了耳根。
0x06F6,,,,0x400,0,1,False,「走開吧，小凡人。別用你那些無聊的胡言亂語來糾纏比你更優秀的存在。」他一開始顯得漠不關心，然後表情變得緊張起來，「除非你重新考慮了我的提議……你考慮好了嗎？」
0x06F6,,,,0x4ee,0,1,False,Arcadion 臉上閃過一抹邪惡的勝利神色，但很快就被一種滑稽的感激之情所取代，「你發誓要釋放我，真是勇氣可嘉。我對你感激不盡。」惡魔臉上掛著油膩的笑容，「凡人，你今天結交了一個非常強大的盟友。」他眨了眨眼，那可能是想表現得迷人一點。
0x06F6,,,,0x646,0,1,False,「啊，我明白了。你仍然滿足於和其他羊群一起亂跑。」他對你揮了揮手，然後從視線中消失了。
0x06F6,,,,0x6c9,0,1,False,「是的，主人。我有什麼能為您效勞的……」鏡子裡搖晃的面孔猶豫了一下，「你不是我的主人。」
0x06F6,,,,0x74e,0,1,False,然後他微微鞠了一躬，繼續說道：「你好，不列顛尼亞人。你對偉大的惡魔 Arcadion 有什麼期望？」
0x06F6,,,,0x7d1,0,1,False,「再次問候，不列顛尼亞人。你對我有什麼期望？」惡魔是意氣相投的靈魂。
0x06F6,,,,0x838,0,1,False,大惡魔討好地笑著，露出了一吋長的尖牙。「我說過，我是惡魔 Arcadion。」
0x06F6,,,,0x89c,0,1,False,他那略顯拋光的偽裝似乎在他對自由的期盼中逐漸瓦解。
0x06F6,,,,0x8e8,0,1,False,Arcadion 試圖微笑，但卻慘遭失敗，他對你扮了個鬼臉，那鬼臉足以讓龍變成石頭。「我目前在為一位名叫 Erethian 的法師服務。」他相當正式地說。你有一個明顯的印象，Arcadion 寧願把 Erethian 撕成碎片，也不願為他服務。
0x06F6,,,,0xa12,0,1,False,「好吧，如果你遵守諾言釋放我，我就能擺脫那個長滿蝨子、被跳蚤咬過的老法師了。」
0x06F6,,,,0xa88,0,1,False,「他是我的主人……」惡魔的笑容扭曲成幾乎無法掩飾的仇恨。「直到……做出其他的安排。」Arcadion 迷人的笑容出現在他陰暗的面容上。
0x06F6,,,,0xb40,0,1,False,「這就是你們的人稱呼我們種族的方式。」你無法從 Arcadion 的語氣中判斷他是否介意這個事實。
0x06F6,,,,0xbc0,0,1,False,這隻大惡魔閉上眼睛，似乎在克制某種恐怖情緒的力量，
0x06F6,,,,0xc0c,0,1,False,「我已經為那個瞎眼的、老態龍鍾的傻瓜服務了兩百多年！」Arcadion 停頓了一下，恢復了鎮定。一個想法明顯地掠過他黑暗的臉龐，「也許你可以協助我擺脫這種不想要的束縛。我會證明自己是一個無價的盟友。」惡魔停頓了一下，讓他的提議深入人心，然後說：「那麼，凡人。你願意幫助我嗎？」
0x06F6,,,,0x4ee,0,1,False,Arcadion 臉上閃過一抹邪惡的勝利神色，但很快就被一種滑稽的感激之情所取代，「你發誓要釋放我，真是勇氣可嘉。我對你感激不盡。」惡魔臉上掛著油膩的笑容，「凡人，你今天結交了一個非常強大的盟友。」他眨了眨眼，那可能是想表現得迷人一點。
0x06F6,,,,0xd99,0,1,False,Arcadion 看起來好像要強行穿過鏡子，然後再次控制住他難以置信的憤怒。
0x06F6,,,,0xdfa,0,1,False,他將粗壯的手臂交叉在寬闊的胸前，慢慢恢復了他那可怕的笑容：「在這種情況下，我可以尊重你的懦弱。畢竟，Erethian 是一位強大的法師，不是像你這樣的羊可以隨便招惹的。」當惡魔準備離開時，他那輕蔑的冷笑開始消退。
0x06F6,,,,0xf28,0,1,False,「當你打破這面作為監獄的鏡子時，我需要一顆特殊的寶石來容納我的精華。」他的眼中閃爍著即將獲得自由的可能性的光芒。
0x06F6,,,,0xfd8,0,1,False,「我能感覺到寶石就在附近！拿著它！快拿著它，用它把我從這面該死的鏡子裡放出來！」Arcadion 幾乎因為期待而流口水了。
0x06F6,,,,0x107f,0,1,False,「島上有一顆，這點我很清楚。找到它。把它帶給我，我們一起打破這面將我束縛在那個該死的法師身邊的鏡子。
0x06F6,,,,0x1117,0,1,False,「你拿到寶石了！我感覺到了！現在用它來打破鏡子！我一獲得自由就會進入它！」惡魔幾乎無法克制他的熱情。
0x06F6,,,,0x107f,0,1,False,「島上有一顆，這點我很清楚。找到它。把它帶給我，我們一起打破這面將我束縛在那個該死的法師身邊的鏡子。
0x06F6,,,,0x11af,0,1,False,Arcadion 以一種非常不符合惡魔形象的方式眨了眨眼：「再見，勇敢的凡人。你的勇氣在人類中無與倫比。」
0x06F6,,,,0x123e,0,1,False,微笑的惡魔再次鞠躬：「再見，不列顛尼亞人。直到我們再次相遇。」惡魔的最後一句話還沒說完，就開始消失了。
0x06F6,,Hook,,0x12d9,0,1,False,小寶石隨著能量跳動著，「現在全不列顛尼亞都將感受到我的憤怒。我要讓他們為我在那面該死的鏡子裡度過的每一個十年付出代價！」寶石發出更明亮的光芒，你預期世界會分崩離析……然後，什麼事也沒發生。「不！」惡魔原始的尖叫聲透過寶石的媒介聽起來有點像水晶般的清脆。「這不可能！那個老傻瓜是對的。我還被困住！」惡魔痛苦的聲音安靜了下來。
0x06F6,,Hook,,0x14d2,0,1,False,寶石對你閃爍著光芒，「是的，主人。我有什麼能為您效勞的？」Arcadion 的聲音變得柔和了。
0x06F6,,Hook,,0x155c,0,1,False,「如果你希望我將寶石與劍結合，你只要吩咐我就行了，主人。」
0x06F6,,Hook,,0x15bb,0,1,False,「遵命！」
0x06F6,,Hook,,0x15cb,0,1,False,當寶石接觸到劍柄十字時，空氣中傳來撕裂金屬的刺耳聲。劍刃移動並閃爍著，彷彿有生命一般。
0x06F6,,Hook,,0x164d,0,1,False,慢慢地，劍恢復了原來的形狀，只是劍柄上閃爍著藍色的寶石。
0x06F6,,Hook,,0x16a2,0,1,False,閃過一道只能被形容為黑光的閃光，劍從你手中被猛然奪走，掉落在地上。
0x06F6,,Hook,,0x1706,0,1,False,「劍和寶石必須都在你的手中，才能完成結合。」
0x06F6,,Hook,,0x1749,0,1,False,「我的名字還是 Arcadion，儘管我的監獄變了。」
0x06F6,,Hook,,0x1789,0,1,False,「我現在是你的僕人。你有什麼吩咐，主人？」
0x06F6,,Hook,,0x17c9,0,1,False,Arcadion 回答時聽起來有些沉思：「請原諒我一時的輕率，主人。我痛苦的情緒短暫地戰勝了我的理智。我不會讓這種事再發生了。」
0x06F6,,Hook,,0x188a_0x1894,0,1,True,「看來<VAR>的假設是正確的，如果我進入這顆寶石，我的力量將無法隨心所欲地釋放，而是聽從擁有這顆寶石的人的差遣。」
0x06F6,,Hook,,0x192b,0,1,False,你聽到一聲微弱的嘆息，然後，「你想分享我的力量嗎？」
0x06F6,,Hook,,0x197a,0,1,False,Arcadion 聽起來很失望：「我就知道會是這樣。我注定永遠是意志薄弱的凡人的奴隸。好吧，那麼，準備接受我巨大能量的一部分吧。
0x06F6,,Hook,,0x1a29,0,1,False,「也許我看錯你了，主人。」他若有所思地停頓了一下，「也許隨著時間的推移，你可以稱我為朋友，也可以稱我為盟友。」
0x06F6,,Hook,,0x1acf,0,1,False,「你又需要我的能量了？」Arcadion 有些任性地問道。
0x06F6,,Hook,,0x1b15,0,1,False,「很好，準備好了。」寶石發光。
0x06F6,,Hook,,0x1b43,0,1,False,「你對我有什麼期望……」停頓了一下，「主人？」
0x06F6,,Hook,,0x1b89,0,1,False,「你是想用無用的問題來折磨我，還是我可以為您效勞……」長長的停頓，「主人。」
0x06F6,,Hook,,0x1bfc,0,1,False,惡魔停頓了一下，「你囚禁了我的肉體，因此我被遠比你我所掌握的還要古老的力量束縛，必須服從你的意志。你對我有什麼期望？」
0x06F6,,Hook,,0x1cb5,0,1,False,「很久以前，即使以我的時間計算也是如此，我的人民在試圖征服這個領域時，被一個強大的種族擊敗了。這個種族早在你的君主，不列顛王（不列顛王）到來之前就住在這裡了。我的人民被擊敗了，他們預期會面臨死亡，但這些偉大而強大的存在並不是毀滅者。然而，他們也不希望我的同類進一步造成破壞。所以他們編織了超出我種族認知的魔法，將我們與這個領域的居民綁定在一起。你們自己的人只是利用現有的魔法來奴役我們，有時甚至不知道這是如何實現的。」
0x06F6,,Hook,,0x1f29,0,1,False,「再見，我的主人。」寶石似乎暗淡了一點。
0x06F6,,Dark Core,,0x1f67,0,1,False,當你對它說話時，劍閃爍著暗光。「你好，我的主人。你謙卑的僕人能為您效勞嗎？」惡魔的聲音恢復了許多他那令人不安的幽默感。
0x06F6,,Dark Core,,0x2019,0,1,False,「是的，主人。你對你的僕人有什麼期望？」Arcadion 用低沉、和諧的聲音問你。
0x06F6,,Dark Core,,0x208a,0,1,False,惡魔劍的語氣相當不祥，他說：「我是，而且永遠都是你的僕人 Arcadion。」
0x06F6,,Dark Core,,0x20ee,0,1,False,「我是暗影之刃。我的命運就是為您服務，直到我們……」劍停頓了一下，「分開。」
0x06F6,,Dark Core,,0x2161,0,1,False,「主人，如果你想使用我的力量，我必須在你的手中。」
0x06F6,,Dark Core,,0x21ad,0,1,False,「你想使用我的哪種力量？」
0x06F6,,Dark Core,,0x21f5,0,1,False,Arcadion 在回覆你的求助請求時，聲音洋洋得意。「是的，如果你希望將 Exodus 剩下的部分放逐到虛空中，我可以幫助你。首先，你需要那個老糊塗提到的透鏡。接下來，你必須擁有三個原則護符（Talismans of Principle）。最後，確保在黑暗核心所在的基座兩側牆上有點燃的火炬。
0x06F6,,Dark Core,,0x236f,0,1,False,「我相信你用來將無限智慧法典放置在虛空中的凹凸透鏡，現在被遺忘在不列顛尼亞博物館裡。它們必須被放置在黑暗核心和基座兩側的火炬之間。」
0x06F6,,Dark Core,,0x2436,0,1,False,「原則護符必須像派裡的楔子一樣放置在黑暗核心上。」
0x06F6,,Dark Core,,0x2482,0,1,False,「如你所願，主人。我只求為您服務。」
0x06F6,,Dark Core,,0x24b9,0,1,False,劍低聲吟唱：「唉，主人。我的能量似乎有點低。也許如果你能找到一些生物來殺戮，我的力量就足夠了。畢竟，我也和你有同樣的需求。」
0x06F6,,Dark Core,,0x2574,0,1,False,「你說的屍體在哪裡？」暗劍開始在你手中震動。
0x06F6,,Dark Core,,0x25b8,0,1,False,惡魔用假裝虔誠的語氣說話：「為了榮譽，我不能奪走我最奇妙的主人的生命。」
0x06F6,,Dark Core,,0x2625,0,1,False,「是的！我早就想結束不列顛王，我那個叛徒主人的生命了。」
0x06F6,,Lord British,,0x267a_0x267c,0,1,True,"""<PLAYER_NAME>，你為什麼要在我面前揮舞那把黑劍？」"
0x06F6,,Avatar,,0x26b3,0,1,False,惡魔用你的嘴回答：「這把劍是你的末日，……」你吐出這些字眼，「不列顛王！」
0x06F6,,Lord British,,0x2723,0,1,False,不列顛王看起來真的吃了一驚，他瞇起眼睛算計著。「這是什麼骯髒的背叛？」
0x06F6,,Avatar,,0x278d,0,1,False,你發現自己無法回答，你的肌肉緊繃著，彷彿要用手中那把邪惡的劍猛烈攻擊。
0x06F6,,Lord British,,0x27f7,0,1,False,「也許當你坐在地牢裡時，你的舌頭就會鬆開了。
0x06F6,,Lord British,,0x283a,0,1,False,「守衛！」
0x06F6,,Lord British,,0x284b,0,1,False,暗影之刃發出刺耳的低語。「再靠近他一點，我會為你完成這項任務，主人。」
0x06F6,,Lord British,,0x28b5,0,1,False,「唉，主人，這個人受到一種比我更強大的力量保護。他的命運在別處。」
0x06F6,,Lord British,,0x2919,0,1,False,劍因類似恐懼的情緒而退縮。「那個生物甚至超出了我的能力範圍。我建議如果可能的話，你把它砍成碎片，然後燒掉那些碎片。」Arcadion 提供有益的建議。
0x06F6,,Lord British,,0x29e9,0,1,False,「啊，Dracothraxus。我們又見面了。真可惜你這次無法在我們的會面中倖存下來。也許如果你一開始就把寶石給我，這一切的不愉快就沒有必要了。」
0x06F6,,Dracothraxus,,0x2aad,0,1,False,這條龍非常無奈地回答：「在這件事上，我的意志由不得我，Arcadion。也許你也發現，你的意志由不得你。」
0x06F6,,Dark Core,,0x2b3d,0,1,False,這隻惡魔可能被這條龍的反駁刺痛了，沉默了下來，開始進行他血腥的工作。
0x06F6,,Dark Core,,0x2ba5,0,1,False,暗影之刃溫柔地低聲吟唱：「再靠近這條龍一點，我會為你結束它的生命，主人。」
0x06F6,,Dark Core,,0x2c15,0,1,False,「我欠你一個人情，主人。我感謝你允許我這樣做，我的復仇！」
0x06F6,,Dark Core,,0x2c6e,0,1,False,「靠近他，我會確保他的生命不再折磨你。」黑劍對這個前景聽起來幾乎是興高采烈的。
0x06F6,,Dark Core,,0x2ce4,0,1,False,「嚴格來說，這種生物並不……活著。你最好的行動方案是把它打碎。」你聽出 Arcadion 聲音裡的笑意。
0x06F6,,Dark Core,,0x2d6d,0,1,False,「很好，主人。如果你不能親自解決這個敵人，我會為你解決。」
0x06F6,,Dark Core,,0x2dc5,0,1,False,「我必須靠近它，才能享受它的精華。」劍急切地嗡嗡作響，向你選擇的目標方向拉扯。
0x06F6,,Dark Core,,0x2e3b,0,1,False,惡魔之劍突然停止了震動。「這種生物不值得我讓它死。當你面臨更值得的對手時，再召喚我吧。」
0x06F6,,Dark Core,,0x2ec0,0,1,False,「也許你誤解了我的意思。我不讓死人復活……我殺戮活人。」最後一句話是以嘶嘶作響的低語說出的。
0x06F6,,Dark Core,,0x2f4b,0,1,False,「你要我摧毀你周圍的世界。對你這樣一個被認為是品德高尚的人來說，這不是一個很聰明的主意。」劍裡傳出一陣奇怪的金屬笑聲。
0x06F6,,Dark Core,,0x2ffd,0,1,False,這把劍因類似恐懼的情緒而退縮。「那個存在甚至超出了我的能力範圍。」
0x06F6,,Dark Core,,0x2e3b,0,1,False,惡魔之劍突然停止了震動。「這種生物不值得我讓它死。當你面臨更值得的對手時，再召喚我吧。」
0x06F6,,Dark Core,,0x3061,0,1,False,「主人，你沒那麼容易擺脫我。不過，我並不嫉妒你的嘗試。恰恰相反。我尊重你的足智多謀。」
0x06F6,,Dark Core,,0x30e3,0,1,False,「要是我有那樣的力量就好了。只要我能解開它的秘密，那件神器就能讓我回到我的家鄉位面。」
0x06F6,,Dark Core,,0x3165,0,1,False,「你對這個無生命的物體有這麼大的怨恨，以至於想看到它永遠毀滅嗎？」他的聲音充滿了毫不掩飾的諷刺。「我無法從已經沒有生命的東西上奪走生命。」
0x06F6,,Dark Core,,0x3235,0,1,False,「啊……又回家了。我永遠不會對岩石小島感到厭倦。你真的想去那座被遺棄的烈火島（Isle of Fire）嗎？」
0x06F6,,Dark Core,,0x32c3,0,1,False,「我明白了。很好，主人。但我們不要忘記這個小小的恩惠……」劍柄上的寶石發出明亮的光芒，然後一切都變暗了。
0x06F6,,Dark Core,,0x3361,0,1,False,「很好。理智回到了美德奇蹟的身上。主人，你在思想的舞台上真的是無與倫比。」
0x06F6,,Dark Core,,0x33d1,0,1,False,「請原諒我，主人，但我們不是已經在烈火島（Isle of Fire）上或附近了嗎？雖然我不明白為什麼有人想留在這塊被遺棄的岩石上。」
0x06F6,,Dark Core,,0x3480,0,1,False,「請問，你那巨大而強大無比的憤怒的預定目標是什麼，無盡毀滅的主人？」
0x06F6,,Dark Core,,0x34e7,0,1,False,「請原諒我，主人，但我不會離開。但是，如果你希望的話……你可以停止說話。」
0x06F8,,Erethian,,0xef,0,1,False,「不！你絕不能這麼做！」Erethian 的聲音充滿了痛苦。他舉起雙臂，開始吟唱一道強大的咒語。
0x06F8,,Erethian,,0x16e,0,1,False,「Vas Ort Rel Tym...」
0x06F8,,Erethian,,0x187,0,1,False,他在咒語念到一半時停了下來，開始念另一個咒語，並指向無限護身符。
0x06F8,,Erethian,,0x1e8,0,1,False,「Vas An Ort Ailem!」
0x06F8,,Erethian,,0x200,0,1,False,你立刻認出這是法術出錯的共鳴，顯然 Erethian 也察覺到了。恐懼的神色出現在他佈滿皺紋的臉上，他的皺紋似乎每一秒都在加深。
0x0710,,,,0x98,0,1,False,     Vas Flam Uus
0x0710,,,,0xac,0,1,False,這份卷軸將允許你執行必要的儀式，以創造或重建石頭生物，並賦予它們思想的能力。首先，收集前面章節中討論的材料。完成上述任務後，你應該參考這份卷軸並開始...
0x0714,,Adjhar,,0x60,0,1,False,「我把我的給他！」
0x0714,,Adjhar,,0x7c,0,1,False,你驚恐地看著 Bollux 用手指刺穿自己的胸膛。
0x0714,,Adjhar,,0xb8,0,1,False,他拿出一塊心形的石頭，在一陣最後的慌亂動作中，將石頭扔在 Adjhar 的胸膛上，然後倒地而死。
0x0800,,,,0x0,0,1,False,「現在不是睡覺的時候！振作點！」
0x0800,,,,0x31,0,1,True,<VAR> 怒視著。「現在不是睡覺的時候！振作點！」
0x0840,,,Alagner,0x3e,0,1,False,賢者笑著說：「你已經開始了你的啟蒙之旅。正如你所聽到的，並非所有事情都如老師所教導的那樣。這真是遺憾。現在我猜你想借那本筆記本了吧？」
0x0840,,,Alagner,0x108,0,1,False,「很好。你保證會歸還我的筆記本嗎？」
0x0840,,,Alagner,0x13f,0,1,False,「那就去找吧！你有鑰匙！」
0x0840,,,Alagner,0x167,0,2,False,「很好。我指望你親自把它還給我。如果你做不到的話，誰知道會有什麼不幸降臨在你身上。為了給你更多的誘因，如果你安全地把它還給我，我也許會給你其他可以幫助你完成任務的東西。
0x0840,,,Alagner,0x167,1,2,False,這是我的儲藏室鑰匙，在南邊的第一棟建築。」他狡黠地笑了笑。「你必須自己找出尋找筆記本的方法！」
0x0840,,,Alagner,0x2f3,0,1,False,「你沒有足夠的空間來拿我的鑰匙！卸下你的行李，我們再試一次！」
0x0840,,,Alagner,0x352,0,1,False,「那我就不能讓你借這本筆記本了！」
0x0840,,,Alagner,0x386,0,1,False,「喔。那好吧。」
0x0840,,,Alagner,0x3a0,0,1,False,賢者皺著眉頭：「那是不正確的。去尋找真正的答案吧。」
0x0841,,,Ansikart,0x51,0,1,False,「想買什麼？」
0x0841,,,Ansikart,0x67,0,1,False,「好的。」
0x0841,,,Ansikart,0x77_0x7a,0,1,True,"""^<VAR> 這個價格可以嗎？」"
0x0841,,,Ansikart,0x97,0,1,False,「你想要多少個？」
0x0841,,,Ansikart,0xb3,0,1,False,「同意！」
0x0841,,,Ansikart,0xc3,0,1,False,「你無法拿那麼多！」
0x0841,,,Ansikart,0xe2,0,1,False,「你沒有足夠的金幣！」
0x0841,,,Ansikart,0x104,0,1,False,「還想買其他的嗎？」
0x0842,,,Apollonia,0x61,0,1,False,「你想要什麼？」
0x0842,,,Apollonia,0x7a,0,1,False,「什麼都不要？那好吧。」
0x0842,,,Apollonia,0x9f,0,1,False,她對你眨了眨眼，咧嘴一笑。
0x0842,,,Apollonia,0xc7_0xec,0,1,True,「我沒有可以賣給你的了，<HONORIFIC>，因為伐木工不再供應了。」
0x0842,,,Apollonia,0x114_0x117,0,1,True,"""^<VAR> 這個價格可以嗎？」"
0x0842,,,Apollonia,0x134,0,1,False,「你想要多少個？」
0x0842,,,Apollonia,0x150,0,1,False,「那是你的了！」
0x0842,,,Apollonia,0x169_0x18e,0,1,True,「你不可能拿得動那麼多，<HONORIFIC>！」
0x0842,,,Apollonia,0x195,0,1,False,"""Hmmm. Thou dost not have enough gold！」"
0x0842,,,Apollonia,0x1c1,0,1,False,「你想要點別的嗎？」
0x0845,,,,0xb,0,1,False,「主人，你的力量不需要補充。」惡魔聽起來有點不悅。
0x0845,,,,0x57_0x65,0,1,True,能量湧自 <VAR> 注入你的體內，恢復了你的魔法儲備，「完成了，主人。」
0x0845,,,,0xb5,0,1,False,「主人，恐怕有些不對勁。」惡魔聽起來幾乎有些擔心。
0x084C,,,Aurvidlem,0x6b,0,1,False,「想買什麼？」
0x084C,,,Aurvidlem,0x81,0,1,False,「好的。」
0x084C,,,Aurvidlem,0x91_0x94,0,1,True,"""^<VAR>。可以接受嗎？」"
0x084C,,,Aurvidlem,0xad,0,1,False,「你想買幾打（12個）？」
0x084C,,,Aurvidlem,0xd1,0,1,False,「你想要多少個？」
0x084C,,,Aurvidlem,0xed,0,1,False,「成交！」
0x084C,,,Aurvidlem,0xfd,0,1,False,「人類，你拿不了那麼多。」
0x084C,,,Aurvidlem,0x125,0,1,False,「你沒有足夠的金幣！」
0x084C,,,Aurvidlem,0x147,0,1,False,「還想買其他的嗎？」
0x084D,,,Batlin,0x0,0,1,False,「好吧，你確實嘗試過完成任務。我不明白為什麼 Destard 裡的箱子是空的。但我們就忘了這回事吧，好嗎？
0x084D,,,Batlin,0x8e,0,1,False,「現在你已經為友誼會做了一點事，並且了解了我們的宗旨，你還想加入嗎？」
0x084D,,,Batlin,0xf8,0,1,False,「那麼，非常歡迎你加入友誼會。
0x084D,,,Batlin,0x126,0,1,False,「你將在今晚的夜間會議中被正式接納。請務必前來，到時你將會收到你的獎章。我們再次感謝你，聖者。」
0x084D,,,Batlin,0x1b8,0,1,False,「儀式即將開始。」
0x084D,,,Batlin,0x1db,0,1,False,「我看得出來，你還沒準備好在你的思想和生活中邁出這勇敢的一步。但請記住我們今天談過的話，我的朋友！也許假以時日你就會準備好了。」
0x084D,,,Batlin,0x29d,0,1,False,「啊，但凡事總有先後。我建議你參加我們的考試，以確定你是否真正需要友誼會的教導。你想參加考試嗎？」
0x084D,,,Batlin,0x331,0,1,False,「那麼，也許下次吧。」
0x084E,,Batlin,Batlin,0x0,0,4,False,「這些問題都是假設性的。不要讓它們使你困惑或不安。
0x084E,,Batlin,Batlin,0x0,1,4,False,第一個問題：你現在感到很沮喪。最可能的原因是 -
0x084E,,Batlin,Batlin,0x0,2,4,False,１：你讓朋友失望了，或者
0x084E,,Batlin,Batlin,0x0,3,4,False,２：朋友讓你失望了？」
0x084E,,Batlin,Batlin,0x111,0,1,False,「我從你的回答中可以看出，你是一個對他人責任看得很重的人，而且可能傾向於給自己太大的壓力去取悅別人。」巴特林微笑著點點頭。
0x084E,,Batlin,Batlin,0x1c9,0,1,False,「我從你的回答中可以看出，你是一個傾向於信任別人，且經常願意給別人第二次機會的人——即使在充分證明他們不值得這樣對待之後。」巴特林微笑著點點頭。
0x084E,,Batlin,Batlin,0x2a2,0,3,False,「第二個問題：你正在參加一個由當地高階官員主辦的宴會。你認為他點的食物簡直像餿水，而且你注意到其他客人顯然也這麼認為。當主人問你喜不喜歡這些食物時，你會
0x084E,,Batlin,Batlin,0x2a2,1,3,False,１：說實話，或者
0x084E,,Batlin,Batlin,0x2a2,2,3,False,２：對他說謊？」
0x084E,,Batlin,Batlin,0x3dc,0,1,False,「你的回答顯示，你是一個直言不諱的誠實人，有時可能會說出別人不愛聽的話，但你的意圖是高尚的。」巴特林用手做了一個誇張的手勢。
0x084E,,Batlin,Batlin,0x497,0,1,False,「你的回答顯示，你是一個非常關心他人感受的人，一個把禮貌和優雅看得比什麼都重要的人。」巴特林用手做了一個誇張的手勢。
0x084E,,Batlin,Batlin,0x546,0,3,False,「第三個問題：你住進了旅店裡最後一間空房。進去後你發現房間很髒。現在是半夜，沒有人能打掃，也沒有其他地方可以住了。你會
0x084E,,Batlin,Batlin,0x546,1,3,False,１：自己動手打掃一下，至少清理一部分，然後再休息，或者
0x084E,,Batlin,Batlin,0x546,2,3,False,２：你就直接睡覺，讓房間保持原樣？」
0x084E,,Batlin,Batlin,0x6b6,0,1,False,「你已經暴露出，你是一個本能地認為，自己要對任何出錯的事情負責的人，並且認為把整個世界拉回正軌是你的責任。」巴特林嘆了口氣。
0x084E,,Batlin,Batlin,0x771,0,1,False,「你已經暴露出，你是一個當生活顯得不公時，傾向於自滿地接受命運的人。你自然而然地假設生活是不友善的，以此作為生活真的不友善時的保護。」巴特林嘆了口氣。
0x084E,,Batlin,Batlin,0x853,0,3,False,「第四個問題：在一個節日聚會上，你講了一個幽默的軼事，而且你講得非常好，帶來了很多歡樂。你講這個喜劇故事是因為
0x084E,,Batlin,Batlin,0x853,1,3,False,１：你喜歡聽眾給你的反應，或者
0x084E,,Batlin,Batlin,0x853,2,3,False,２：因為你想取悅你的朋友？」
0x084E,,Batlin,Batlin,0x98a,0,1,False,「你的回答顯示，你是一個本能地把朋友視為滿足自己慾望工具的人。」巴特林微微皺眉。
0x084E,,Batlin,Batlin,0xa03,0,1,False,「你的回答顯示，你是一個本能地覺得自己不配擁有朋友的人。你必須不斷地透過取悅他們來買取他們的注意力。」巴特林微微皺眉。
0x084E,,Batlin,Batlin,0xab5,0,3,False,「第五個問題：如果你成為一個累積了驚人財富的人，最可能的原因是
0x084E,,Batlin,Batlin,0xab5,1,3,False,１：你發現了一種絕對不會失敗的偷錢方法，或者
0x084E,,Batlin,Batlin,0xab5,2,3,False,２：你發現了一種絕對不會失敗的非法複製王國硬幣的方法？」
0x084E,,Batlin,Batlin,0xbe0,0,1,False,「從第五個問題我們了解到，你是一個本能地認為自己無法獲得成功的人，一個覺得只能透過剝削他人來獲利的人。」巴特林慢慢地搖了搖頭。
0x084E,,Batlin,Batlin,0xc9e,0,1,False,「從第五個問題我們了解到，你是一個本能地認為自己無法獲得成功的人，充其量只能呈現出成功的幻覺。」巴特林慢慢地搖了搖頭。
0x084E,,Batlin,Batlin,0xd50,0,3,False,「第六個問題：在旅行時，你發現一個男人正處於極度痛苦之中。他的手臂受了重傷。一位照顧他的治療師告訴你，這個男人的手臂必須被切除，並且需要你的幫助來完成。這個男人說他的傷會恢復的，並要求你不要讓治療師切除他的手臂。你會
0x084E,,Batlin,Batlin,0xd50,1,3,False,１：聽從治療師的建議，或者
0x084E,,Batlin,Batlin,0xd50,2,3,False,２：尊重這個受傷男人的意願？」
0x084E,,Batlin,Batlin,0xf29,0,1,False,「從你的回答來看，你是一個即使在不容易的情況下也相信仁慈的人，也是一個努力讓自己有信念與勇氣的人。」巴特林給了你一個會意的眼神。
0x084E,,Batlin,Batlin,0xfea,0,1,False,「從你的回答來看，你是一個深信人類生命價值的人，也是一個對生命不斷賦予我們的可能性抱有強烈信念的人。」巴特林給了你一個會意的眼神。
0x084E,,Batlin,Batlin,0x10ae,0,3,False,「第七個問題：你剛用石頭砸死了一隻小狗。你之所以這麼做，最可能的原因是
0x084E,,Batlin,Batlin,0x10ae,1,3,False,１：那隻狗要攻擊你，或者
0x084E,,Batlin,Batlin,0x10ae,2,3,False,２：那隻狗要攻擊別人？」
0x084E,,Batlin,Batlin,0x1191,0,1,False,「這個問題告訴我們，你是一個過度防衛的人。你必須停止假設你周遭的世界存在只是為了給你帶來潛在的傷害。」巴特林若有所思地摸著下巴。
0x084E,,Batlin,Batlin,0x1252,0,1,False,「這個問題告訴我們，你是一個過度具有攻擊性的人。你必須停止試圖用暴力來解決你所有的問題。」巴特林若有所思地摸著下巴。
0x084E,,Batlin,Batlin,0x1301,0,3,False,「第八個問題：你和你的未婚伴侶以及你的母親在同一條船上。船翻了。在波濤洶湧的水中，你只能救你自己和另外一個人。你會把誰從溺水中救出來？
0x084E,,Batlin,Batlin,0x1301,1,3,False,１：你的未婚伴侶，或者
0x084E,,Batlin,Batlin,0x1301,2,3,False,２：你的母親？」
0x084E,,Batlin,Batlin,0x1432,0,1,False,「雖然，冒著生命危險去救你的未婚伴侶令人欽佩，但我忍不住想知道…你對你母親有什麼被壓抑的敵意，以至於你眼睜睜看著她淹死。」巴特林聳了聳肩。
0x084E,,Batlin,Batlin,0x1502,0,1,False,「雖然，冒著生命危險去救你的母親令人欽佩，但我忍不住想知道…你是否在與異性相處上有問題，以至於你眼睜睜看著你的未婚伴侶淹死。」巴特林聳了聳肩。
0x084E,,Batlin,Batlin,0x15d8,0,1,False,「聖者，你是一個個性堅強的人，但卻被深層的個人問題所困擾，這些問題阻止你實現你真正的偉大潛力。簡而言之，你正是友誼會為之創立的那種人。
0x084E,,Batlin,Batlin,0x16a2,0,1,False,「我歡迎你加入我們的行列。要知道，三位一體的道路並不容易，但它的回報是豐厚的。當然，我會免除你在成為會員之前，通常需要的進修學習。畢竟，你是聖者。
0x084E,,Batlin,Batlin,0x177e,0,1,False,「然而，正如我們的一個信條所規定的那樣：『價值先行於報償』。你必須為友誼會執行兩項任務，然後才能被正式接納並獲得你的獎章。」
0x084F,,Batlin,Batlin,0x0_0xd0_0x1b5_0x297,0,1,False,儀式開始了，巴特林站在不列顛城友誼會聚集的成員面前。他開始佈道。「我的朋友們，我最初創立友誼會是為了幫助不列顛尼亞及其人民為未來做好準備。今天，它過去最偉大的象徵之一來到了這裡，加入了我們的友誼會。這是偉大的一天，因為當我們的過去和現在交織在一起時，我們將發出一個響徹整個不列顛尼亞的訊息。很快地，它所有的人民將會為團結而共同奮鬥。」人群爆發出熱烈的歡呼聲。「當他們聽到聖者成為友誼會的一員時，那些最初不信任我們的人將會看到我們宗旨的真相。那麼我們就可以迎來這樣一天：整個不列顛尼亞都配得上它將獲得的豐厚回報。」
0x084F,,Iolo,Batlin,0x304_0x32b,0,1,True,Iolo 對你低語：「你確定嗎，<PLAYER_NAME>，你想加入這些人嗎？」
0x084F,,Iolo,Batlin,0x34d,0,1,False,「我不確定你是勇敢還是純粹的愚蠢。」
0x084F,,Iolo,Batlin,0x385,0,1,False,「聽到你不確定，我鬆了一口氣！容我提醒你，現在拒絕他們的提議還不算太晚！我們趕快離開吧！」
0x084F,,Batlin,Batlin,0x40e,0,1,False,「現在是我們的成員作見證的時候了，談談他們如何將內在力量三位一體應用到他們的生活中。誰先來？」
0x084F,,Gaye,Batlin,0x49c,0,1,False,「友誼會教會我如何與他人的缺點共存，」Gaye 說。
0x084F,,Candice,Batlin,0x4e1,0,1,False,「在加入友誼會之前，我對生活失去了所有的熱情，」Candice 說。
0x084F,,Batlin,Batlin,0x539,0,1,False,「謝謝你的分享，Candice。」
0x084F,,Patterson,Batlin,0x560,0,1,False,「友誼會幫助我對人更加誠實，」Patterson 說。
0x084F,,Figg,Batlin,0x59f,0,1,False,「友誼會教會我不讓別人擺佈我，」Figg 說。
0x084F,,Grayson,Batlin,0x5dc,0,1,False,「內在力量三位一體幫助我提高技能，打造更好的武器，」Grayson 說。
0x084F,,Gordon,Batlin,0x63a,0,1,False,「友誼會讓我重新走上了繁榮的道路，」Gordon 說。
0x084F,,Batlin,Batlin,0x67f,0,1,False,「是的！謝謝你的分享，兄弟！」
0x084F,,Sean,Batlin,0x6ae,0,1,False,「友誼會教會我不要害怕成功，」Sean 說。
0x084F,,Millie,Batlin,0x6e8,0,1,False,「友誼會給了我的生活一個全新的目標。就在今天，我招募了兩個潛在成員！」Millie 說。
0x084F,,Nanna,Batlin,0x760,0,1,False,「友誼會教會我階級結構的罪惡，」Nanna 說。
0x084F,,Iolo,Batlin,0x79e_0x7db_0x7fd,0,1,True,你注意到 Iolo 正在和 Shamino 低語。「我不認為<PLAYER_NAME>意識到了情況的嚴重性。<HONORIFIC>勸不聽。也許你應該試試看。」
0x084F,,Shamino,Batlin,0x828_0x895,0,1,True,「好吧，我來試試看。」他輕推了你一下，低聲說道：「也許我們應該離開這裡，<HONORIFIC>，免得我們之中有人做出日後會後悔的事？我們離開這個地方吧，好嗎？」
0x084F,,Shamino,Batlin,0x8f9,0,1,False,「我很高興你同意我的看法。你準備好我們隨時可以離開。」
0x084F,,Shamino,Batlin,0x94c,0,1,False,「那麼我想太遲了，因為我已經後悔來到這裡了。」
0x084F,,Batlin,Batlin,0x993,0,1,False,「現在是歡迎友誼會最新成員入席的時候了。」巴特林示意你加入他在講台上的位置。
0x084F,,Batlin,Batlin,0xa06,0,1,False,他將一杯酒倒入水晶高腳杯中，並抿了一口。
0x084F,,Batlin,Batlin,0xa43,0,1,False,高腳杯在大廳裡傳遞，每位成員各自抿了一口。最後，高腳杯遞到了你手上。你若有所思地看著它，感覺房間裡所有人的目光都集中在你身上。
0x084F,,Shamino,Batlin,0xb09_0xb70,0,1,True,你聽到 Shamino 在你身後絕望地對 Dupre 低語。「Dupre，我們沒能成功向聖者展示<VAR>肯定正在犯下的錯誤。你是我們最後的希望了。」
0x084F,,Dupre,Batlin,0xbb3,0,1,False,你感覺有人拍了拍你的肩膀，轉過頭看到 Dupre 在你耳邊低語：「我知道一個比這裡好得多的喝酒去處。也許你想在那裡和你的戰友們一起喝一杯？」
0x084F,,Dupre,Batlin,0xc78,0,1,False,「那我們就走吧。現在就走！」
0x084F,,Dupre,Batlin,0xca4,0,1,False,「那麼我希望這個遊戲能娛樂到你，因為它讓你的戰友們非常擔心。」
0x084F,,Batlin,Batlin,0xd03,0,1,False,「現在還有最後一項對你友誼會忠誠度的考驗。我想你現在應該已經讀過《友誼會之書》了。我必須問你兩個問題。答案可以在書中找到。」巴特林謙虛地笑了笑。「我是作者，你知道嗎？好吧，沒關係。我們開始吧。」
0x084F,,Batlin,Batlin,0xe27,0,1,False,「太棒了，聖者！」
0x084F,,Batlin,Batlin,0xe43,0,1,False,你強忍著猶豫的顫抖，從高腳杯中深吸了一大口。巴特林走到你面前。「願這個消息傳遍四方，我們最新的成員正是聖者！」
0x084F,,Batlin,Batlin,0xee9,0,1,False,其他友誼會成員高興地歡呼。
0x084F,,Batlin,Batlin,0xf11,0,1,False,「請容許我頒發友誼會獎章給你。」巴特林把獎章交給你。「請——隨時佩戴你的獎章，因為它對所有看到它的人來說，象徵著你與友誼會同行。立刻戴到你的脖子上！喔，還有……歡迎加入友誼會，聖者。」
0x084F,,Batlin,Batlin,0x1027,0,1,False,「你負載太重了，無法接受友誼會獎章。你必須減輕負擔。」
0x084F,,Batlin,Batlin,0x107a,0,1,False,「親愛的聖者。你必須明白，你必須了解所有關於友誼會的事情，我才能接納你。請研讀你的《友誼會之書》然後再回來找我。」
0x084F,,Batlin,Batlin,0x1126,0,1,False,你的頭腦似乎不太清楚。如果你聽不懂與你交談的另一個人的話，我也不會感到驚訝。」
0x0850,,Batlin,Batlin,0x0,0,1,False,儀式開始了，巴特林站在聚集的友誼會成員面前。大廳裡充滿了雷鳴般的歡呼聲。他們以敬畏和純粹的崇拜交織的目光看著他。巴特林站著，在熱烈的歡迎中沐浴了片刻，臉上掛著勝利的微笑。他輕輕一揮手，人群便安靜了下來。
0x0850,,Batlin,Batlin,0x130,0,1,False,「很高興今晚能在這裡見到你們！」巴特林說。「你們確實讓我為能成為我們所深愛的友誼會的一員而感到自豪。」又爆發出一陣掌聲。
0x0850,,Batlin,Batlin,0x1e5,0,1,False,「在你的心中，為你與友誼會同行而感到高興吧！不列顛尼亞的人民生活在虛幻的思想和情感的狂熱狀態中。但我今晚在這裡看到的人，都是在這世界上尋求真善美的人！他們走在通往真正認知的道路上。但是你如何找到你的路呢？問任何一個友誼會成員，他們都會告訴你！通往完全覺知的道路很容易找到。一個人必須將內在力量三位一體 (Triad) 應用到他的生活中。」
0x0850,,Batlin,Batlin,0x3cf,0,1,False,「『內在力量的三位一體』包含了『三個價值觀』，可以使心靈達到樂觀認知的完美狀態。第一個價值觀是『致力合一』。當全世界所有人都想完成某件事時，這件事就會實現。因此，一旦全世界的人都朝著同一個目標努力，就沒有什麼是不可能的。想像一下！一個可以實現任何夢想、可以達成任何善行的世界。但正如你透過觀察我們自己這個悲慘的社會所能清楚看到的，當全世界的人不團結時，能完成任何事情簡直是個奇蹟！
0x0850,,Batlin,Batlin,0x60a,0,1,False,「第二個價值觀是『信賴你的兄弟』。你必須放棄你的恐懼、偏見和猜疑。看看你自己吧！在質疑任何事情之前，先質疑你自己！世界是一個自然平衡在你甚至沒有意識到的情況下每秒都在保護你的地方！如果你把所有的時間都花在質疑你的兄弟上，你在這個世界上能成就什麼？！他有我這麼努力嗎？他的真實動機是什麼？當你浪費精力去想這些時，他看到你，也開始對你想著同樣的事情。因此世界被削弱了！
0x0850,,Batlin,Batlin,0x82d,0,1,False,「第三個價值觀是『價值先行於報償』。我們當中沒有一個人是沒有慾望的。世上許多的苦難都可以追溯到未滿足的慾望。但等一下！你憑什麼得到你想要的東西？大多數人在這一生中都會得到他們應得的。如果你配不上你的慾望，那麼如果你的慾望沒有實現，你就不應該感到驚訝。只有當你變得『配得上』時，你才會對實現慾望，敞開大門。慾望是一件奇怪的事。許多人渴望他們並不真正想要的東西。他們真正渴望的是『配得上』這件事！
0x0850,,Batlin,Batlin,0xa7a,0,1,False,「我剛剛已經告訴你們遵循內在力量三位一體所需要知道的一切。這些教導很簡單。衡量你理解程度的真正標準，在於你將多麼絕對地將它們應用到你的生活中。你現在已經知道了你將需要的所有東西。你不需要正在消亡的魔法藝術的奧秘知識。你不需要治療師不確定的手法和他有限的知識。你所需要的就是不斷地尋求自己最好的一面，並生活在那些願意做同樣事情的人當中。只有那樣，你才是真正地與友誼會同行。」
0x0850,,Batlin,Batlin,0xca9,0,1,False,「現在我認為是聽聽我們成員分享的好時機。聽聽他們與我們分享友誼會如何為他們的生活帶來積極的改變。」
0x0850,,Candice,Batlin,0xd3d,0,1,False,「友誼會讓我看到我一直害怕自己，我必須敞開心扉去接受生活的體驗，」Candice 說。
0x0850,,Patterson,Batlin,0xdb0,0,1,False,「友誼會幫助我對人更加誠實，」Patterson 說。
0x0850,,Batlin,Batlin,0xdef,0,1,False,「謝謝你的分享，Patterson。」
0x0850,,Figg,Batlin,0xe18,0,1,False,「友誼會教會我如何更好地履行身為皇家果園管理員的職責，」Figg 說。
0x0850,,Gaye,Batlin,0xe79,0,1,False,「友誼會教會我，首先也是最重要的是，要尊重他人，」Gaye 說。
0x0850,,Grayson,Batlin,0xed1,0,1,False,「加入友誼會後，我學會了如何成為一個真正的男人，」Grayson 說。
0x0850,,Gordon,Batlin,0xf2c,0,1,False,「友誼會正在幫助我從個人和財務破產的邊緣中恢復過來，」Gordon 說。
0x0850,,Batlin,Batlin,0xf8c,0,1,False,「你說得對，兄弟！」
0x0850,,Sean,Batlin,0xfac,0,1,False,「友誼會將我從平庸的虛幻吸引力中解放出來，」Sean 說。
0x0850,,Millie,Batlin,0xffb,0,1,False,「在友誼會裡，我學到我需要將我的一生奉獻給一個特殊的目標，」Millie 說。
0x0850,,Spark,Batlin,0x1064,0,1,False,「這整個儀式和裡面的每一個人都讓我毛骨悚然！」
0x0850,,Iolo,Batlin,0x10ab,0,1,False,「看到這麼多人生活中沒有更好的事可做，只能盲目地跟隨這個可疑的精神領袖，真是一件可悲的事。」
0x0850,,Shamino,Batlin,0x1137,0,1,False,「不列顛尼亞墮落到如此地步，竟然讓自己對友誼會這樣的團體敞開大門，真是一件可悲的事。」
0x0850,,Dupre,Batlin,0x11ba,0,1,False,「我甚至無聊到無法在友誼會的儀式上睜開眼睛，真是一件可悲的事！」
0x0850,,Batlin,Batlin,0x121c,0,1,False,看著巴特林和其他人，你有一種感覺，友誼會的儀式將會持續到深夜。現在是個溜走的好時機，不會引起太多注意……
0x0851,,,Batlin,0x0,0,1,False,「我需要你將這個未開封的包裹，原封不動地送給我們在 Minoc 友誼會分部的負責人 Elynor。Elynor 收到後會獎賞你，我保證。我可以信任你去做這件事嗎？」
0x0851,,,Batlin,0xcd,0,1,False,「你重新考慮過你的任務了嗎？你願意把包裹送到 Minoc 的 Elynor 那裡嗎？」
0x0851,,,Batlin,0x131,0,1,False,「太好了！這就交給你。你現在必須上路了！」
0x0851,,,Batlin,0x172,0,1,False,「天啊！你身上帶太多東西，拿不下這個盒子了。請先清理一下你的物品。」
0x0851,,,Batlin,0x1da,0,1,False,「聖者，我知道你已經完成了許多任務。正如我們所知，對心靈的追求往往是最令人恐懼和難以捉摸的。不要害怕你自己，聖者，因為這會阻礙我們去做必須做的事情。等你重新考慮後我們再談。明天再來問我關於包裹的事吧。」
0x0852,,,Batlin,0x303_0x303,0,1,True,"""<VAR>"""
0x0853,,,Betra,0x9c,0,1,False,「想買什麼？」
0x0853,,,Betra,0xb2,0,1,False,「好的。」
0x0853,,,Betra,0xc2_0xc7,0,1,True,「^<VAR>。這價錢可以接受嗎？」
0x0853,,,Betra,0xe9,0,1,False,「你想買幾打（12個）？」
0x0853,,,Betra,0x10d,0,1,False,「你想要多少個？」
0x0853,,,Betra,0x129,0,1,False,「接受！」
0x0853,,,Betra,0x139,0,1,False,「你拿不了這麼重的東西！」
0x0853,,,Betra,0x161,0,1,False,「你沒有足夠的錢！」
0x0853,,,Betra,0x180,0,1,False,「還要買別的嗎？」
0x0854,,,Boots,0x0,0,1,False,「你想賣多少份？」
0x0854,,,Boots,0x1c,0,1,False,「喔，天啊。我們真的很需要肉。好吧，也許下次吧。」
0x0854,,,Boots,0x68,0,1,False,「你不能賣你沒有的東西！現在，說真的……！」
0x0854,,,Boots,0xab_0xd3,0,1,True,「太棒了！我接受這筆交易，<HONORIFIC>。這是你的金幣。」
0x0854,,,Boots,0xef,0,1,False,「喔，天啊。你不可能拿得動這麼多金幣！也許等你放下些別的東西後再來吧。」
0x0855,,,Boris,0x43,0,1,False,「你想要些什麼茶點？」
0x0855,,,Boris,0x65,0,1,False,「好的。」
0x0855,,,Boris,0x75_0x7a,0,1,True,「^<VAR> 你還有興趣嗎？」
0x0855,,,Boris,0x75_0xac,0,1,True,"「^<VAR>"""
0x0855,,,Boris,0xae,0,1,False,「這是你的了！」
0x0855,,,Boris,0xc7,0,1,False,「你不可能拿得動那麼多！」
0x0855,,,Boris,0xef_0x10e,0,1,True,「你沒有足夠的金幣，<HONORIFIC>。」
0x0855,,,Boris,0x115,0,1,False,「你還需要點別的嗎？」
0x0856,,,Bradman,0x4,0,1,False,「我不能向像你這樣的大師收取全額費用。」
0x0856,,,Bradman,0x41,0,1,False,經過一點標靶練習後，他說：「我很遺憾地說，在我能夠訓練你之前，你需要更多的練習。也許以後你會處於更好的狀態來接受我的指導。」
0x0856,,,Bradman,0xfc_0x137,0,1,True,你收集了你的金幣並數了數，發現你總共有 <VAR> 枚金幣。
0x0856,,,Bradman,0x145,0,1,False,「你沒有金幣來訓練。」
0x0856,,,Bradman,0x167,0,1,False,經過幾次射擊後，他驚呼：「你已經和我一樣熟練了！我無法做任何事情來改善你的手眼協調！」
0x0856,,,Bradman,0x1e9_0x1f7,0,1,True,你支付了 <VAR> 枚金幣，訓練課程開始。
0x0856,,,Bradman,0x21d_0x267_0x272,0,1,True,<VAR> 和 Bradman 花了一些時間用弓進行標靶練習。不久之後，<VAR> 注意到 手眼協調能力有顯著提升。
0x0857,,,Brownie,0x0,0,1,False,「太棒了！你給我帶了些南瓜嗎？」
0x0857,,,Brownie,0x31,0,1,False,「非常好！讓我看看你有多少個……」
0x0857,,,Brownie,0x65,0,1,False,「但是你身上連一個都沒有！你簡直和 Mack 一樣瘋狂！」
0x0857,,,Brownie,0xb2_0xc2_0xdc,0,1,True,「太棒了！<VAR>！這意味著我欠你 <VAR> 金幣。給你！我現在就把南瓜拿走！」
0x0857,,,Brownie,0x111,0,1,False,「隨時回來為我工作！」
0x0857,,,Brownie,0x134,0,1,False,「如果你能輕裝旅行，你就有手拿我的金幣了！」
0x0857,,,Brownie,0x177,0,1,False,「沒有嗎？那你在我的田裡做什麼？你和大多數你能找到的工人一樣毫無價值！」
0x0858,,,Budo,0x3b,0,1,False,「你想買些什麼？」
0x0858,,,Budo,0x57,0,1,False,「嘖嘖... 我真傷心...」
0x0858,,,Budo,0x77_0x7a,0,1,True,"""^<VAR> 你還有興趣嗎？」"
0x0858,,,Budo,0x94,0,1,False,「你想要多少打？」
0x0858,,,Budo,0xb0,0,1,False,「成交！」
0x0858,,,Budo,0xc0,0,1,False,「你不可能拿得動那麼多東西！」
0x0858,,,Budo,0xee,0,1,False,「你沒有足夠的金幣！」
0x0858,,,Budo,0x110,0,1,False,「你還要買其他東西嗎？」
0x0859,,,Budo,0x4b,0,1,False,「你想買些什麼？」
0x0859,,,Budo,0x67,0,1,False,「嘖嘖... 我真傷心...」
0x0859,,,Budo,0x87_0x8a,0,1,True,"""^<VAR> 可以接受嗎？」"
0x0859,,,Budo,0xa1,0,1,False,「成交！」
0x0859,,,Budo,0xb1,0,1,False,「你不可能拿得動那麼多東西！」
0x0859,,,Budo,0xdf,0,1,False,「你沒有足夠的金幣！」
0x0859,,,Budo,0x101,0,1,False,「你還要買其他東西嗎？」
0x085A,,,Budo,0x22,0,1,False,「你想買些什麼？」
0x085A,,,Budo,0x3e,0,1,False,「嘖嘖... 我真傷心...」
0x085A,,,Budo,0x5e_0x61,0,1,True,"""^<VAR> 你還有興趣嗎？」"
0x085A,,,Budo,0x7b,0,1,False,「你想要多少？」
0x085A,,,Budo,0x94,0,1,False,「成交！」
0x085A,,,Budo,0xa4,0,1,False,「你不可能拿得動那麼多東西！」
0x085A,,,Budo,0xd2,0,1,False,「你沒有足夠的金幣！」
0x085A,,,Budo,0xf4,0,1,False,「你還要買其他東西嗎？」
0x085C,,,Carlyn,0x44,0,1,False,「你想買哪件衣物？」
0x085C,,,Carlyn,0x63,0,1,False,「很好！」
0x085C,,,Carlyn,0x73_0x76,0,1,True,"""^<VAR> 你願意接受我的價格嗎？」"
0x085C,,,Carlyn,0x9c,0,1,False,「極好的選擇！」
0x085C,,,Carlyn,0xb5,0,1,False,「在你拿走這件精美的衣物之前，你必須先收起你的一件其他物品。」
0x085C,,,Carlyn,0x113,0,1,False,「你沒有足夠的金幣買我的精美服飾。或許以後再看看。」
0x085C,,,Carlyn,0x162,0,1,False,「你還想看看其他的東西嗎？」
0x085D,,,Carlyn,0x62,0,1,False,「你想買些什麼？」
0x085D,,,Carlyn,0x7e_0x8b,0,1,True,「很好，<HONORIFIC>。」
0x085D,,,Carlyn,0x92,0,1,False,「Phearcy 說過我們不能再賣銀葉草了，因為我們已經沒有了，而且也無法再取得這道餐點。我真的很抱歉。或許你會對其他東西有興趣。」
0x085D,,,Carlyn,0x149_0x14c,0,1,True,"""^<VAR> 你接受我的價格嗎？」"
0x085D,,,Carlyn,0x184_0x188,0,1,True,「<VAR>」
0x085D,,,Carlyn,0x18c,0,1,False,「同意。」
0x085D,,,Carlyn,0x19c,0,1,False,「你不可能拿得動那麼多東西！」
0x085D,,,Carlyn,0x1ca,0,1,False,「你沒有足夠的金幣！」
0x085D,,,Carlyn,0x1ec,0,1,False,「你還要買其他東西嗎？」
0x085E,,,Carlyn,0x26,0,1,False,「你想買些什麼？」
0x085E,,,Carlyn,0x42_0x4f,0,1,True,「很好，<HONORIFIC>。」
0x085E,,,Carlyn,0x56_0x59,0,1,True,"""^<VAR> 你接受我的價格嗎？」"
0x085E,,,Carlyn,0x79,0,1,False,「同意。」
0x085E,,,Carlyn,0x89,0,1,False,「你不可能拿得動那麼多東西！」
0x085E,,,Carlyn,0xb7,0,1,False,「你沒有足夠的金幣！」
0x085E,,,Carlyn,0xd9,0,1,False,「你還要買其他東西嗎？」
0x085F,,,Chad,0x7,0,1,False,「看來你需要多一點時間來磨練你的反應。如果你希望以後再來，當你有更多經驗時，我很樂意訓練你。」
0x085F,,,Chad,0x95_0xcd,0,1,True,你收集你的金幣並數了數，發現你總共有 <VAR> 枚金幣。
0x085F,,,Chad,0xdb,0,1,False,「你沒有足夠的金幣付給我。很抱歉，我現在無法訓練你。」
0x085F,,,Chad,0x12d_0x185,0,1,True,「天哪！你真快。事實上，快到我無法幫你變得更快。我很抱歉，<PLAYER_NAME>。」
0x085F,,,Chad,0x18c_0x197,0,1,True,你付了 <VAR> 枚金幣，訓練課程開始了。
0x085F,,,Chad,0x1c1_0x1e9,0,1,True,<VAR>和 Chad 對練了幾分鐘。他教了<VAR>幾個能更好地利用速度和敏捷性的戰鬥專門技巧。
0x0860,,,Chantu,0x0,0,1,False,「我能夠治療、解毒和復活。你需要這些服務嗎？」
0x0860,,,Chantu,0x46,0,1,False,「你需要我哪項服務？」
0x0860,,,Chantu,0x91_0xa1,0,1,True,「你希望誰<VAR>？」
0x0860,,,Chantu,0xa8,0,1,False,「所以你很健康？這真是個好消息。如果你以後需要我的服務，隨時歡迎回來。」
0x0860,,,Chantu,0x115_0x125,0,1,True,「我道歉，<HONORIFIC>，但我沒有看到任何需要復活的人。我必須看到屍體才能拯救靈魂。如果你帶著你不幸的朋友，請將他們放在地上，以便我能將他們帶回這個世界。」
0x0860,,,Chantu,0x1ec,0,1,False,「的確，你的朋友已經離開了這個世界。我將嘗試讓他們起死回生。」
0x0860,,,Chantu,0x24a_0x25e,0,1,True,「我的收費是 <VAR> 枚金幣。這可以接受嗎？」
0x0860,,,Chantu,0x284,0,1,False,「你沒有任何金幣。我真的很抱歉。除非你能提供適當的費用，否則我無法幫助你。」Chantu 恭敬地鞠躬。
0x0860,,,Chantu,0x310,0,1,False,「那我真的很抱歉。我必須收我該收的費用。我們沒有生活在繁榮的時代。」
0x0860,,,Chantu,0x377,0,1,False,「嗯，如果你決定需要我的服務，我一直都在這裡。」
0x0861,,,Chuckles,0x0,0,1,False,「你犯規啦！打破規則！四字遊戲，最好學會！」
0x0862,,,Chuckles,0x0,0,1,False,「那就證明。跟我說話。」
0x0862,,,Chuckles,0x65,0,1,False,「你想說啥？」
0x0862,,,Chuckles,0xbb,0,1,False,「原來如此！你需要我！需要幫忙？」
0x0862,,,Chuckles,0x129,0,1,False,「嗯。我也許能，給你線索。」
0x0862,,Iolo,Chuckles,0x154,0,1,False,「真想給 Chuckles 一拳讓他眼眶發黑！」
0x0862,,Chuckles,Chuckles,0x1c6,0,1,False,「拿啥來換？換取線索？」
0x0862,,Chuckles,Chuckles,0x241,0,1,False,Chuckles 舉起手。「不對不對。免費給你，一個線索。就在卷裡。」
0x0862,,Chuckles,Chuckles,0x299,0,1,False,「再會了我的朋友！千萬不要忘記……我是說，別忘遊戲！」
0x0862,,Chuckles,Chuckles,0x2ec,0,1,False,「喔！沒有空間！放下東西，我就給你！」
0x0862,,Chuckles,Chuckles,0x327,0,1,False,「這太好了！免費給你，一個線索。就在卷裡。」
0x0862,,Chuckles,Chuckles,0x299,0,1,False,「再會了我的朋友！千萬不要忘記……我是說，別忘遊戲！」
0x0862,,Chuckles,Chuckles,0x2ec,0,1,False,「喔！沒有空間！放下東西，我就給你！」
0x0863,,,Coop,0x48,0,1,False,「你想買些什麼？」
0x0863,,,Coop,0x64,0,1,False,「好的。」
0x0863,,,Coop,0x74_0x79,0,1,True,「^<VAR> 你確定要買嗎？」
0x0863,,,Coop,0x93,0,1,False,「你想要幾打？」
0x0863,,,Coop,0xac,0,1,False,「成交！」
0x0863,,,Coop,0xbc,0,1,False,「你不可能拿得動那麼多東西！」
0x0863,,,Coop,0xea,0,1,False,「你的金幣不夠買這個！」
0x0863,,,Coop,0x10f,0,1,False,「你還想要點別的嗎？」
0x0870,,,Csil,0x0,0,1,False,「我有資格治療、解毒和復活。你對這些服務有興趣嗎？」
0x0870,,,Csil,0x4f,0,1,False,「你需要我哪項服務？」
0x0870,,,Csil,0x9a_0xaa,0,1,True,「你希望誰<VAR>？」
0x0870,,,Csil,0xb1,0,1,False,「很好。你很健康，這讓我很高興。」
0x0870,,,Csil,0xe5,0,1,False,「我沒有看到任何需要復活的人。我必須看到屍體才能復活。如果你帶著你的朋友，請將他們放在地上，以便我能照料他們。」
0x0870,,,Csil,0x18e,0,1,False,「你的朋友傷得很重。我會嘗試讓他們恢復。」
0x0870,,,Csil,0x1ce_0x1e2,0,1,True,「我的價格是 <VAR> 枚金幣。這個價格可以接受嗎？」
0x0870,,,Csil,0x211,0,1,False,「嘖嘖。你沒有足夠的金幣來支付服務費用。我希望改天能幫到你。」
0x0870,,,Csil,0x26f,0,1,False,「那你必須去別處尋找那項服務了。」
0x0870,,,Csil,0x2a3,0,1,False,「如果你以後需要我的服務，我會在這裡。」
0x0871,,,Daphne,0x73,0,1,False,「你想要些什麼？」
0x0871,,,Daphne,0x8f,0,1,False,「很好。」
0x0871,,,Daphne,0x9f,0,1,False,「我沒有了。不知為何，沒有人送銀葉草給我們，所以我無法用它做飯。」
0x0871,,,Daphne,0x103_0x106,0,1,True,"""^<VAR> 這樣可以嗎？」"
0x0871,,,Daphne,0x135_0x139,0,1,True,「<VAR>」
0x0871,,,Daphne,0x13d,0,1,False,「成交！」
0x0871,,,Daphne,0x14d_0x15a,0,1,True,「但是，<HONORIFIC>，你不可能拿得動那麼多東西！」
0x0871,,,Daphne,0x188_0x19b,0,1,True,「我很抱歉，<HONORIFIC>，你沒有足夠的金幣。」
0x0871,,,Daphne,0x1bd,0,1,False,「你還要買其他東西嗎？」
0x0872,,,Dell,0x5e,0,1,False,「你想買些什麼？」
0x0872,,,Dell,0x7a,0,1,False,「很好。」
0x0872,,,Dell,0x8a_0x8d,0,1,True,"""^<VAR> 這樣可以接受嗎？」"
0x0872,,,Dell,0xaa,0,1,False,「你想要多少組？」
0x0872,,,Dell,0xc6,0,1,False,「非常好。我們終於有點進展了！」
0x0872,,,Dell,0xf7,0,1,False,「你的手已經滿了，白痴！」
0x0872,,,Dell,0x11f,0,1,False,「你竟敢在沒有足夠金幣的情況下試圖從我的商店買東西，膽子真大！」
0x0872,,,Dell,0x180,0,1,False,「今天還需要其他東西嗎？」
0x0873,,,Dell,0x4a,0,1,False,「你想買些什麼？」
0x0873,,,Dell,0x66,0,1,False,「很好。」
0x0873,,,Dell,0x76_0x79,0,1,True,"""^<VAR> 這樣可以接受嗎？」"
0x0873,,,Dell,0x96,0,1,False,「非常好。我們終於有點進展了！」
0x0873,,,Dell,0xc7,0,1,False,「你的手已經滿了，白痴！」
0x0873,,,Dell,0xef,0,1,False,「你竟敢在沒有足夠金幣的情況下試圖從我的商店買東西，膽子真大！」
0x0873,,,Dell,0x150,0,1,False,「今天還需要其他東西嗎？」
0x0874,,,Dell,0x52,0,1,False,「你想買些什麼？」
0x0874,,,Dell,0x6e,0,1,False,「很好。」
0x0874,,,Dell,0x7e_0x81,0,1,True,"""^<VAR> 這樣可以接受嗎？」"
0x0874,,,Dell,0x9e,0,1,False,「你想要多少？」
0x0874,,,Dell,0xb7,0,1,False,「非常好。我們終於有點進展了！」
0x0874,,,Dell,0xe8,0,1,False,「你的手已經滿了，白痴！」
0x0874,,,Dell,0x110,0,1,False,「你竟敢在沒有足夠金幣的情況下試圖從我的商店買東西，膽子真大！」
0x0874,,,Dell,0x171,0,1,False,「今天還需要其他東西嗎？」
0x0875,,,Denby,0x4,0,1,False,「我很抱歉，但你目前沒有足夠的實戰經驗可以進行訓練。如果你能在日後回來，我會很高興為你訓練。」
0x0875,,,Denby,0x92_0xca,0,1,True,你集中你的金幣並數了數，發現你總共有 <VAR> 枚金幣。
0x0875,,,Denby,0xd8,0,1,False,「很遺憾，你似乎沒有足夠的金幣在這裡訓練。也許下次，當你手頭更寬裕的時候……」
0x0875,,,Denby,0x14e,0,1,False,「你已經和我一樣精通了！恐怕在這方面我無法再對你進行進一步的訓練。」
0x0875,,,Denby,0x1b5_0x1c3,0,1,True,你支付了 <VAR> 枚金幣，訓練課程開始了。
0x0875,,,Denby,0x219_0x226_0x287_0x2a0_0x355_0x39c_0x3dc,0,2,True,Denby 遞給<VAR>一張印有盧恩符文的圖表。「研究這些符文並把它們記下來，」他說。在<VAR>完成這項任務後，<VAR>感覺到腦海中多了一些以前沒有的知識。
0x0875,,,Denby,0x219_0x226_0x287_0x2a0_0x355_0x39c_0x3dc,1,2,True,「現在我們要練習。每天至少練習兩次，我教你的東西。這樣你就會變得更敏捷、更柔軟。」^<VAR>花了一段時間模仿 Denby 示範的動作。最後，Denby 教了<VAR>幾句用於冥想的魔法咒語。當訓練課程結束時，<VAR>感覺充滿了活力，準備好迎接可能出現的任何挑戰……
0x0876,,,Denton,0xac_0xc2,0,1,True,「你想買什麼，<HONORIFIC>？」
0x0876,,,Denton,0xc9_0xd6,0,1,True,「很好，<HONORIFIC>。」
0x0876,,,Denton,0xdd_0xe2,0,1,True,「^<VAR>。你覺得這個價格可以接受嗎？」
0x0876,,,Denton,0x110,0,1,False,「你想買多少？」
0x0876,,,Denton,0x129_0xd6,0,1,True,「非常好，<HONORIFIC>。」
0x0876,,,Denton,0x139_0xd6,0,1,True,「我相信你拿不了那麼多，<HONORIFIC>。」
0x0876,,,Denton,0x15e,0,1,False,「看來你沒有足夠的金幣買那個！」
0x0876,,,Denton,0x18f,0,1,False,「你還想買其他東西嗎？」
0x0877,,,De Maria,0x0,0,2,False,「我將告訴你有關 Cove 唯一不快樂的人的故事——Nastassia。她是鎮上唯一沒有愛人的人。這並不是說她沒有追求者——她可是非常美麗的！她滿腦子想的都是慈悲神殿，你現在可能在那裡能找到她。」
0x0877,,,De Maria,0x0,1,2,False,De Maria 彈撥著他的魯特琴並唱道：
0x0877,,,De Maria,0x13a,0,1,False,「曾經有位名叫 Ariana 的少女～她對神殿如此珍視。～她要求她的後代也要這樣做～並年復一年地保持下去。
0x0877,,,De Maria,0x1ca,0,1,False,「她的兒子 Mikhail 成為了鎮長～他的目標是維持～這座城鎮古老而受人喜愛的聲譽～作為愛與激情之城！
0x0877,,,De Maria,0x255,0,1,False,「Mikhail 最年長的孩子是 Magda；～她建造了『愛人小徑』，一座美麗的公園，～在那裡，Cove 所有的愛人們，無論老少，～都能在黑暗的戶外談情說愛！
0x0877,,,De Maria,0x31d,0,1,False,「啊，但不幸的陰雲卻隱藏在～陽光看似最明媚的地方。～而可憐的 Nadia，Magda 的女兒，～她所承受的不幸卻比任何人都多！
0x0877,,,De Maria,0x3c3,0,1,False,「故事始於有一天 Nadia 嫁給了～Julius，一個不怎麼富有的年輕小伙子。～他留下懷著身孕的她，遠走他鄉。～至於 Nadia 可憐的心，那是多麼悲傷。
0x0877,,,De Maria,0x486,0,1,False,「有一天從 Yew 傳來了宿命般的消息～Julius 被野獸殺死了；～孩子早產了，這是一次艱難的生產；～而 Nadia 的靈魂變得冰冷。
0x0877,,,De Maria,0x52d,0,1,False,「手拿匕首，懷抱嬰兒～Nadia 跑向了神殿。～她將匕首刺入了自己的胸膛；～她再也無法看見太陽。
0x0877,,,De Maria,0x5b2,0,1,False,「你看，Nastassia 從小就是個孤兒，～沒有人愛，也沒有人要；～如今她獨自一人披著孤獨的外衣行走著～等待著命運的呼喚。
0x0877,,,De Maria,0x659,0,1,False,「這就是可憐的 Nastassia 的故事。也許你能讓她振作起來。去找她吧，我懇求你！」
0x0878,,,De Snel,0x0,0,1,False,「你現在還沒有足夠的實戰經驗來向我學習戰鬥！」他嘲笑著說。
0x0878,,,De Snel,0x58_0x90,0,1,True,你集中你的金幣並數了數，發現你總共有 <VAR> 枚金幣。
0x0878,,,De Snel,0x9e,0,1,False,「嗯……看來你沒有足夠的金幣。當你的金庫更滿時，我也許能幫上你。」他得意地笑著。
0x0878,,,De Snel,0x117,0,1,False,「你的技術已經接近我了！你已經達到了你自身潛力的頂峰。我無法為你做更多的事了。」
0x0878,,,De Snel,0x190_0x19e,0,1,True,你支付了 <VAR> 枚金幣，訓練課程開始了。
0x0878,,,De Snel,0x1c8_0x2d8,0,2,True,這堂課包含各種手法和假動作攻擊的技巧，花費了相當短的時間。
0x0878,,,De Snel,0x1c8_0x2d8,1,2,True,De Snel 突然挺直身子並收起他的刀刃。「今天就到此為止。如果你希望進行更多訓練，你絕對能從我的經驗中獲益。」他傲慢地上下打量著<VAR>。「你似乎是個聰明的學生。你以後可以再回來進階你的訓練。」
0x0879,,,Elad,0x0,0,1,False,「你需要治療 (healing)、解毒 (curing) 還是復活 (resurrection) 嗎？」
0x0879,,,Elad,0x55,0,1,False,「你需要我的哪項服務？」
0x0879,,,Elad,0xa9_0xb9,0,1,True,「你希望誰<VAR>？」
0x0879,,,Elad,0xc0,0,1,False,「雖然我想要你的生意，但我很高興看到不需要我的服務！」
0x0879,,,Elad,0x112,0,1,False,「好吧，我似乎沒看到任何人需要我的幫助。除非你的背包裡裝著某個人……」他笑了起來。
0x0879,,,Elad,0x18f_0x1a3,0,1,True,「我的價格是 <VAR> 枚金幣。你同意嗎？」
0x0879,,,Elad,0x1c3,0,1,False,「你沒有那麼多金幣！也許你可以帶更多的錢回來再購買這項服務。」
0x0879,,,Elad,0x221,0,1,False,「那麼你必須去別處尋找這項服務了。」
0x0879,,,Elad,0x258,0,1,False,「很好。如果你以後需要我的服務，我會隨時恭候。」
0x087A,,,Eldroth,0x5b,0,1,False,「我能賣給您什麼？」
0x087A,,,Eldroth,0x7a,0,1,False,「非常好。」
0x087A,,,Eldroth,0x8d_0x90,0,1,True,"""^<VAR>。這樣可以接受嗎？」"
0x087A,,,Eldroth,0xaf,0,1,False,「您想要多少打？」
0x087A,,,Eldroth,0xcb,0,1,False,「您想要多少個？」
0x087A,,,Eldroth,0xe7,0,1,False,「非常好！」
0x087A,,,Eldroth,0xfa,0,1,False,「抱歉，但您不可能拿得動那麼重的東西！」
0x087A,,,Eldroth,0x137,0,2,False,「您沒有足夠的金幣買這個，」他搖著頭說。
0x087A,,,Eldroth,0x137,1,2,False,「手裡鳥太多，還不如一整片樹叢。」
0x087A,,,Eldroth,0x1a9,0,1,False,「您還想買些別的嗎？」
0x087B,,,Elynor,0x0,0,1,False,隨著 Elynor 站在聚集的友誼會 (The Fellowship) 成員面前，儀式開始了。「我在友誼會的弟兄們，我在此場合向你們致意，並感謝你們的出席。在這個城鎮發生的事件正威脅著要使我們分裂。我不需要提醒你們，『內在力量的三位一體(Triad of Inner Strength)』的第一個價值觀是我們必須『致力合一』(Strive For Unity)。現在正是所有那些憎恨和恐懼我們的人可能正在密謀反對我們的時候。」
0x087B,,,Elynor,0x1f6,0,1,False,「有些人害怕覺知，因為那會照亮他們自身的侷限。有些人鄙視更好的改變，因為他們花了一輩子的時間在教導自己去愛他們周遭的平庸。這些人將我們的友誼會視為一種威脅。」
0x087B,,,Elynor,0x2e4,0,1,False,「還有一些人對我們友誼會的價值感到非常不確定。那些聽過反對我們的人的言論，但卻親眼看見友誼會所做的實質善舉，以及它每天為成員的生活帶來的改變的人。那些猶豫不決的人仍然可能被帶入我們的大家庭。我們必須『信賴未來的弟兄』(Trust Our Brothers-yet-to-be)。但最重要的是，我們必須阻止我們的敵人散播對我們的偏見。為了做到這一點，我們必須證明他們的信念是不真實的。」
0x087B,,,Elynor,0x4e9,0,1,False,「我們必須證明自己配得上我們希望同胞們寄託在我們身上的信任。一旦我們充分展現了這種價值，我們獲得信任的獎賞只是時間問題。這就像黑夜跟隨著白天一樣不可避免。正如我們的敵人總有一天會得到他們自己咎由自取、無可避免的報應一樣。」
0x087B,,,Elynor,0x637,0,1,False,「現在我想聽聽今晚聚集在這裡的成員們的說法。與我們分享友誼會是如何幫助你的吧！」
0x087B,,Gregor,Elynor,0x6b0,0,1,False,「友誼會提升了我經營生意的能力，」Gregor 說。
0x087B,,Owen,Elynor,0x6f2,0,1,False,「友誼會教會了我如何毫不懷疑地面對我自身成就偉大的潛力，」Owen 說。
0x087B,,Elynor,Elynor,0x756,0,1,False,「感謝你的分享，弟兄！」
0x087B,,Burnside,Elynor,0x77c,0,1,False,你注意到 Burnside 顯然已經打瞌睡了。在被旁邊的人推了一下之後，他猛然睜開眼睛。「嗯……剛才的問題是什麼來著……？」他不好意思地問。
0x087B,,William,Elynor,0x83c,0,1,False,「友誼會幫助我擁有更多勇氣去應對生活中意想不到的恐懼，」William 說。
0x087B,,Mikos,Elynor,0x8a0,0,1,False,「友誼會幫助我擁有了身為礦場主管所必須的堅定手腕，」Mikos 說。
0x087B,,Spark,Elynor,0x8fc,0,1,False,「這個友誼會的一切都讓我毛骨悚然！」Spark 說。
0x087B,,Iolo,Elynor,0x940,0,1,False,「Elynor 顯然是在竭盡全力讓他們覺得自己正受到迫害，」Iolo 說。
0x087B,,Shamino,Elynor,0x999,0,1,False,「這些友誼會成員似乎只專注於他們自己的個人利益，對其他事漠不關心，」Shamino 說。
0x087B,,Dupre,Elynor,0xa0f,0,1,False,「為什麼這些人會對友誼會如此著迷？我真是不明白。」
0x087B,,Elynor,Elynor,0xa5c,0,1,False,就這樣，Elynor 再次成為會議的焦點。「現在讓我們開始今晚的冥想吧。」在幾分鐘的沉默之後，你開始意識到這場冥想會持續相當長的一段時間，而現在可能是悄悄離開的好時機。
0x087C,,,,0x0,0,1,False,這種類猿生物緩慢而謹慎地走向你。牠嗅了一會兒，然後指著你帶著的蜂蜜。
0x087C,,,,0x81,0,1,False,「蜂蜜，你，會給，我？」
0x087C,,,,0xa6,0,1,False,「感謝，你。」
0x087C,,,,0xbc,0,1,False,這個森靈看起來非常失望。
0x087C,,,,0xe1,0,1,False,「『再見』，對你，說。」
0x087C,,,,0x107,0,1,False,牠照做了。
0x0883,,Finnigan,Finnigan,0x0,0,1,False,「這裡的 Petre 知道這一切的內情。」
0x0883,,Petre,Finnigan,0x32,0,1,False,農夫插話說道。「我今天一大早發現了可憐的 Christopher 和 Gargoyle Inamo 。」
0x0883,,Finnigan,Finnigan,0x96,0,1,False,「馬廄管理員 Petre 今天一大早發現了可憐的 Christopher 和 Inamo 。」
0x0883,,Finnigan,Finnigan,0xee,0,1,False,市長繼續說道。「你搜查過馬廄了嗎？」
0x0884,,,Finnigan,0x0,0,1,False,「好。先確認基本資料：Christopher 的職業是什麼？」
0x0884,,,Finnigan,0x65,0,1,False,「不對。你對案情掌握還不夠，請再去查清楚。」
0x0884,,,Finnigan,0xa8,0,1,False,「你在命案現場發現了什麼？」
0x0884,,,Finnigan,0x10a,0,1,False,「屍體我當然知道。我問的是，除此之外，你還發現了什麼？聖者，請你再回現場確認一次。」
0x0884,,,Finnigan,0x189,0,1,False,「是，水桶裡明顯裝著可憐的 Christopher 的血。但這不是唯一的線索。現場一定還有能指向犯嫌的東西，請你再仔細查一遍。」
0x0884,,,Finnigan,0x230,0,1,False,「什麼也沒有？聖者，這種說法很難令人採信。請你回去重新勘查。」
0x0884,,,Finnigan,0x28e,0,1,False,「那把鑰匙，可以開啟什麼？」
0x0884,,,Finnigan,0x2ea,0,1,False,「我不認為這個答案符合現場狀況。」
0x0884,,,Finnigan,0x31e,0,1,False,「你在箱子裡查到了什麼？」
0x0884,,,Finnigan,0x381,0,1,False,「那麼，你現在是否已經鎖定嫌疑人？」
0x0884,,,Finnigan,0x3b8,0,1,False,「那就繼續蒐集線索。沒有嫌疑人，本案還不能往下辦。」
0x0884,,,Finnigan,0x407,0,1,False,「嗯。應該不只這些。你可能漏看了東西，請再搜查一次。」
0x0884,,,Finnigan,0x459,0,1,False,「聽起來你根本沒有確實搜查。」
0x0884,,,Finnigan,0x487,0,1,False,「這名犯嫌有什麼明顯特徵？」
0x0884,,,Finnigan,0x4db,0,1,False,「這個說法不足以成立。聖者，請你繼續查證。」
0x0884,,,Finnigan,0x51e,0,1,False,「嗯。那麼，有沒有掌握這名犯嫌的去向？」
0x0884,,,Finnigan,0x5a2,0,2,False,鎮長露出滿意的神情。
0x0884,,,Finnigan,0x5a2,1,2,False,「看來你確實有在查。依目前線索判斷，你應該前往不列顛城，追查那名裝著鐵鉤的男子。」
0x0884,,,Finnigan,0x63e,0,1,False,「這是賞金的一半。等你證明兇手已經受到應有制裁，剩下的部分再交給你。」
0x0884,,,Finnigan,0x6a8,0,1,False,「你的隊伍人手不足，賞金恐怕帶不走。你晚點再來，我會把金幣交給你。」
0x0884,,,Finnigan,0x70f,0,1,False,鎮長交給你 100 枚金幣。
0x0884,,,Finnigan,0x730,0,1,False,「你需要通行口令嗎？」
0x0884,,,Finnigan,0x752,0,1,False,「很好。現在我沒有理由再懷疑你就是聖者本人。」
0x0884,,,Finnigan,0x798,0,1,False,「喔，差點漏了。進出城鎮的口令是『Blackbird』。」
0x0884,,,Finnigan,0x7de,0,1,False,「嗯。很遺憾，我仍無法確認你是否真的是聖者。基於職務，我不能把口令交給你。請見諒。」
0x0884,,,Finnigan,0x85d,0,1,False,「那好。你應該知道，沒有口令就不能自由進出本城。我再問一次：你要知道口令嗎？」
0x0884,,,Finnigan,0x752,0,1,False,「很好。現在我沒有理由再懷疑你就是聖者本人。」
0x0884,,,Finnigan,0x798,0,1,False,「喔，差點漏了。進出城鎮的口令是『Blackbird』。」
0x0884,,,Finnigan,0x7de,0,1,False,「嗯。很遺憾，我仍無法確認你是否真的是聖者。基於職務，我不能把口令交給你。請見諒。」
0x0884,,,Finnigan,0x8d3_0x8e0,0,1,True,「那好，<HONORIFIC>。感謝你協助本案調查。」
0x0884,,,Finnigan,0x905,0,1,False,「嗯。你還需要繼續調查。務必去找 Gilberto 和 Johnson 談談，仔細問清楚。」
0x0885,,,Finnigan,0x0,0,1,False,「你找到了什麼？」
0x0885,,,Finnigan,0x4a,0,1,False,「嗯，一把鑰匙。也許如果你去問 Christopher 的兒子，他可能會知道這是做什麼用的。」
0x0885,,,Finnigan,0xbe,0,1,False,「這我知道！你『還』找到了什麼？你應該再去看一次，聖者！」
0x0885,,,Finnigan,0x116,0,1,False,「是的，顯然裡面裝滿了可憐的 Christopher 的血。但肯定還有其他東西能為我們指出殺手的方向——你應該再去看一次，聖者。」
0x0885,,,Finnigan,0x1c0,0,1,False,「你應該再去看一次， 『聖者』 ！」
0x0885,,,Finnigan,0x1f3,0,1,False,「那我建議你進去看看，然後再來跟我談談。」
0x0886,,,Finnigan,0x1b0,0,1,False,「在我給你口令之前，我必須承認，我一直對你是否真的是聖者抱有懷疑。為了解除我天生的疑心病，我必須請你配合一下。我將問你幾個關於不列顛尼亞地理的問題。請根據你布地圖上的經度或緯度數字來回答。記住——經度是指南北走向的線，它們由地圖底部的數字決定。緯度是指東西走向的線，它們由地圖左側的數字決定。如果這些問題你都回答正確，那麼我將拋開我所有的疑慮。」
0x0886,,,Finnigan,0x3b8_0x3bc,0,1,True,「<VAR>」
0x0889,,,Forbrak,0xa3,0,1,False,「渴望，什麼，物品？」
0x0889,,,Forbrak,0xc5,0,1,False,「理解，了。」
0x0889,,,Forbrak,0xdb_0xde,0,1,True,"""^<VAR>。同意，這個價格？」"
0x0889,,,Forbrak,0xfd,0,1,False,「要求，多少個？」
0x0889,,,Forbrak,0x119,0,1,False,「成交！」
0x0889,,,Forbrak,0x129,0,1,False,「已經，拿了，太多！」
0x0889,,,Forbrak,0x14b,0,1,False,「沒有，足夠的，金幣！」
0x0889,,,Forbrak,0x170,0,1,False,「要求，其他的，東西？」
0x088A,,,Forsythe,0x0_0x1a7,0,2,True,在得知沒有鎮民願意為了更大的利益犧牲自己後，Forsythe 的眼中閃爍著奇異的光芒。他下巴緊繃，肩膀挺直。
0x088A,,,Forsythe,0x0_0x1a7,1,2,True,「既然如此，這件事總得有人去做！既然沒有其他勇敢的靈魂願意挺身而出，或許就該由我來讓所有人看看，什麼才是真正的勇氣。」他像個領主般大步邁向前，站穩了腳步。「請行個好，帶我前往那口井吧。<HONORIFIC>。」
0x088A,,,Forsythe,0x1b6,0,1,False,他排進隊伍，示意你帶路。
0x088A,,,Forsythe,0x1dc,0,1,False,「你的同伴太多了，我現在不能跟隨你。」
0x088C,,,Fred,0x77,0,1,False,「你想買些什麼？」
0x088C,,,Fred,0x93,0,1,False,「很好。」
0x088C,,,Fred,0xa3_0xa6,0,1,True,"""^<VAR>。這聽起來是個公平的價格嗎？」"
0x088C,,,Fred,0xec_0xf0,0,1,True,"「<VAR>"""
0x088C,,,Fred,0xf2,0,1,False,「成交！」
0x088C,,,Fred,0x102,0,1,False,「你不可能拿得動那麼多！」
0x088C,,,Fred,0x12a,0,1,False,「你沒有足夠的金幣買那個！」
0x088C,,,Fred,0x155,0,1,False,「你還需要其他的嗎？」
0x088D,,Iolo,Gargan,0x0,0,1,False,「你沒事吧？」
0x088D,,Gargan,Gargan,0x17,0,1,False,Gargan 咳嗽、喘息著，然後點燃了他的煙斗。吸氣時，他劇烈地咳嗽，直到終於順過氣來。
0x088D,,Gargan,Gargan,0x8e,0,1,False,「我好得很。」
0x088E,,,Gaye,0x52,0,1,False,「你想買些什麼？」
0x088E,,,Gaye,0x6e,0,1,False,「很好。」
0x088E,,,Gaye,0x7e_0x81,0,1,True,"""^<VAR>。這樣可以接受嗎？」"
0x088E,,,Gaye,0xa0,0,1,False,「成交！」
0x088E,,,Gaye,0xb0,0,1,False,「你不可能拿得動那麼多！」
0x088E,,,Gaye,0xd8,0,1,False,「你沒有足夠的金幣買那個！」
0x088E,,,Gaye,0x103,0,1,False,「你還要買其他東西嗎？」
0x088F,,,Glenno,0x30,0,1,False,「你想來點什麼潤潤喉？」
0x088F,,,Glenno,0x55,0,1,False,「好選擇。」
0x088F,,,Glenno,0x68_0x6b,0,1,True,"""^<VAR>。你覺得這個價格值得嗎？」"
0x088F,,,Glenno,0x93,0,1,False,「你說得對！」
0x088F,,,Glenno,0xa9,0,1,False,「成交！」
0x088F,,,Glenno,0xb9,0,1,False,「你不可能拿得動那麼多！」
0x088F,,,Glenno,0xe1,0,1,False,「你沒有足夠的金幣買那個！」
0x088F,,,Glenno,0x10c,0,1,False,「你還要點其他東西嗎？」
0x0890,,Bollux,,0x36,0,3,False,他跪在屍體旁檢查另一個魔像。當他的手指滑過 Bollux 胸口那個大洞時，他的臉上露出恍然大悟的表情。
0x0890,,Bollux,,0x36,1,3,False,「他、他的心臟不見了！」
0x0890,,Bollux,,0x36,2,3,False,他低頭看著自己的胸口。「他犧牲了自己，把他的心臟給了我……這個傻瓜！」他的話語充滿了侮辱，但語氣中卻帶著深情。
0x0890,,Bollux,,0x18b,0,1,False,「我必須幫助他，就像他幫助我一樣！你願意幫忙嗎？」
0x0890,,Bollux,,0x1d7,0,1,False,「非常好，」他明顯鬆了一口氣地說。「我先謝謝你了。」
0x0890,,Bollux,,0x22d,0,1,False,「那我就只能靠自己了，」他生氣地說。「這只不過是朋友之間應該做的事……這只不過是 Bollux 為我做的事！」
0x0890,,Bollux,,0x2c3,0,2,False,他仔細地看著你。他如石頭般冷酷的面容，完全無法掩飾他臉上和語氣中的懷疑。
0x0890,,Bollux,,0x2c3,1,2,False,「對我來說很明顯，你只不過是個迷路的旅行者，絕對不是我誤認的那個聖者。」
0x0890,,Bollux,,0x39e,0,2,False,你很快地講述了 Bollux 死亡的細節，他是如何從自己胸口拔出那東西，並放進另一個魔像的身體裡。
0x0890,,Bollux,,0x39e,1,2,False,「他犧牲了自己，把他的心臟給了我……這個傻瓜！」他的話語充滿了侮辱，但語氣中卻帶著深情。
0x0890,,Bollux,,0x18b,0,1,False,「我必須幫助他，就像他幫助我一樣！你願意幫忙嗎？」
0x0890,,Bollux,,0x1d7,0,1,False,「非常好，」他明顯鬆了一口氣地說。「我先謝謝你了。」
0x0890,,Bollux,,0x22d,0,1,False,「那我就只能靠自己了，」他生氣地說。「這只不過是朋友之間應該做的事……這只不過是 Bollux 為我做的事！」
0x0890,,Bollux,,0x2c3,0,2,False,他仔細地看著你。他如石頭般冷酷的面容，完全無法掩飾他臉上和語氣中的懷疑。
0x0890,,Bollux,,0x2c3,1,2,False,「對我來說很明顯，你只不過是個迷路的旅行者，絕對不是我誤認的那個聖者。」
0x0890,,Bollux,,0x4a7,0,1,False,「我是名為 Adjhar 的魔像，為你服務。」
0x0890,,Bollux,,0x4dd,0,1,False,「我是真理、愛與勇氣神殿的守護者之一。當牆壁倒塌並壓碎我的時候，Bollux 和我正在做這件事。」
0x0890,,Bollux,,0x578,0,1,False,「你肯定聽說過三大原則神殿：真理、愛與勇氣！我們魔像被製造出來是為了保護神殿，因為只有聖者——『那位』聖者——才能利用它們所能傳達的驚人力量。」
0x0890,,Bollux,,0x651,0,1,False,「我對那起事件記得不是很清楚。不過，我會講述我能回憶起來的部分。Bollux 和我正在原則神殿的房間裡站崗，這時我們察覺到有人入侵了城堡。除了意識到巨大的熱量之外，我什麼也不記得了，然後一部分牆壁崩塌砸在我身上，壓碎了我的腿。我想 Bollux 比較幸運。是他把我帶到這裡的嗎？」
0x0890,,Bollux,,0x7d8,0,1,False,「那我們必須找到讓他復活的方法！就算沒有別的理由，我也欠他一份感激之情。」
0x0890,,Bollux,,0x848,0,2,False,「奇怪，」他困惑地說。「那我就無法解釋我為什麼會在這裡了。
0x0890,,Bollux,,0x848,1,2,False,無論如何，我『必須』找到讓他復活的方法！」
0x0890,,Bollux,,0x8e0,0,1,False,「你難道還沒見過他嗎？他是我的哥哥，也是我的朋友。」
0x0890,,Bollux,,0x939,0,1,False,「Astelleron 大師——我們其實稱他為父親——在創造我之前創造了他。而且他首先賦予了 Bollux 人格。」
0x0890,,Bollux,,0x9c2,0,1,False,「你有那本名為『Castambre 之石』的書嗎？」
0x0890,,Bollux,,0x9fd,0,1,False,他的眼神中透露出希望。當他從你手中接過書時，看起來幾乎像是在微笑。」
0x0890,,Bollux,,0xa64,0,1,False,「我必須看著那本書才能使用它。也許你把它隨手放在哪裡了。」他直視著你。「我必須擁有那本書，這至關重要。我懇求你，去幫我把它找回來！」
0x0890,,Bollux,,0xb2b,0,1,False,「那麼請去把它找回來。我相信裡面包含了可以幫助我同伴的資訊。」
0x0890,,Bollux,,0xb89,0,1,False,「可憐的 Bollux 並不知道 Castambre 之石。他的犧牲也許是不必要的。你碰巧見過 MacCuth 寫的《Castambre 之石》嗎？」
0x0890,,Bollux,,0xc1f,0,1,False,「你有帶在身上嗎？」
0x0890,,Bollux,,0x9fd,0,1,False,他的眼神中透露出希望。當他從你手中接過書時，看起來幾乎像是在微笑。」
0x0890,,Bollux,,0xa64,0,1,False,「我必須看著那本書才能使用它。也許你把它隨手放在哪裡了。」他直視著你。「我必須擁有那本書，這至關重要。我懇求你，去幫我把它找回來！」
0x0890,,Bollux,,0xb2b,0,1,False,「那麼請去把它找回來。我相信裡面包含了可以幫助我同伴的資訊。」
0x0890,,Bollux,,0xc3e,0,1,False,「那麼我建議你去我主人的房間裡找找看。書頁中包含可能有助於我同伴的詞語。」
0x0890,,Bollux,,0xcae,0,1,False,「對於你的幫助，我除了最深切的感激之外，無法提供任何東西。請平安上路。」
0x0891,,Bollux,,0x0,0,4,False,「正如我所料。Bollux 以為他必須犧牲自己的心臟才能讓我復活。」
0x0891,,Bollux,,0x0,1,4,False,如果你認為這是有可能的，你會肯定你剛剛看到一滴水從魔像的右眼落下。
0x0891,,Bollux,,0x0,2,4,False,「這可憐的傻瓜為了我犧牲了他的生命。我只希望我也會做同樣的事。
0x0891,,Bollux,,0x0,3,4,False,「然而，現在這麼做於事無補，因為一旦我走了，Bollux 只會重複他的行為。」你聽到魔像發出一聲嘆息。
0x0891,,Bollux,,0x24c,0,1,False,「然而，」Adjhar 微笑著說，「這不是必要的，因為如果 Bollux 知道這片污漬下寫了什麼，他就可以告訴你，新的心臟可以從生命之樹上切下來。看這裡，」他指著古籍上一行被乾泥巴弄髒的字說。「我記得以前的事。你可以用收集血液的同一把鶴嘴鋤，為 Bollux 取得一顆『心臟』。當然，在你把心臟放在 Bollux 身上之後，你必須再次執行同樣的血液儀式。」
0x0892,,Bollux,,0x0,0,1,False,Adjhar 似乎已經恢復了更傳統的魔像守衛的姿勢——堅定且一動也不動。然而，你不可能錯過他眼中閃爍的智慧光芒。
0x0892,,Bollux,,0xb0,0,1,False,「你現在一定知道了，我的創造者選擇稱我為 Adjhar。」
0x0892,,Bollux,,0xfa,0,1,False,「我被創造出來，作為三大原則神殿的眾多保護者之一。然而，」他停頓了一下，「我的職責也包括擔任愛之護身符的保管者。」
0x0892,,Bollux,,0x1b0,0,1,False,「你想要愛之護身符嗎？」
0x0892,,Bollux,,0x1d5,0,2,False,「我被放在這裡以保護神殿，並阻止任何人獲得護身符。除了展現出對愛的知識與理解的聖者。護身符是你的了，聖者。」
0x0892,,Bollux,,0x1d5,1,2,False,他把石手放在心口上，打開了胸前的一塊面板。他用另一隻手伸進去，拿出了一個美麗的黃色護身符。
0x0892,,Bollux,,0x300,0,2,False,他將護身符放在你的手掌心。
0x0892,,Bollux,,0x300,1,2,False,「你贏得了這個，以及與之相關的榮譽和力量。你真的是聖者。」
0x0892,,Bollux,,0x380,0,1,False,「我很抱歉，但你必須減輕負擔，才能接受這三項最偉大祝福中的其中一項。」
0x0892,,Bollux,,0x3ea,0,1,False,「你確實配得上這樣一件神器。但如果你不希望利用神殿，我必須尊重你的意願。」
0x0892,,Bollux,,0x45a,0,1,False,「我向你道別。」
0x0892,,Bollux,,0x474,0,1,False,「聖者，請銘記愛之神殿的智慧。」
0x0893,,Bollux,,0x0,0,1,False,Adjhar 似乎恢復了傳統魔像守衛的姿態——堅定而疏遠。然而，你不可能錯過他眼中閃爍的智慧光芒。
0x0893,,Bollux,,0x9b,0,1,False,「我過去是，未來也永遠是名為 Adjhar 的人。」
0x0893,,Bollux,,0xda,0,1,False,「既然你已經掌握了『愛之原則』，我也不再有任何作用了。」
0x0893,,Bollux,,0x12f,0,1,False,「再見，聖者。我一如既往地感謝您的仁慈，幫助了兩位陷入困境的兄弟。別忘了神殿教導的課程。」
0x0894,,Adjhar,,0x0,0,1,False,「我『必須』把生命還給他。他『一定』會有一顆新的心臟！」他強而有力的凝視和站姿，顯然表露出他的決心。
0x0894,,Adjhar,,0x97,0,1,False,石像低著頭站著。儘管它有著花崗岩的特徵，但臉上明顯帶著沮喪的神情。令人驚訝的是，它轉過身來對你說話。
0x0894,,Adjhar,,0x167,0,1,False,慢慢地，彷彿費了很大的力氣，它抬起了頭。
0x0894,,Adjhar,,0x1a4,0,1,False,「你……想要什麼？」它緩慢地問道。
0x0894,,Adjhar,,0x1d8,0,1,False,「幫助他？」它小心翼翼地問，指著躺在它旁邊的倒塌雕像。
0x0894,,Adjhar,,0x23b,0,1,False,「我能如何協助你？」
0x0894,,Adjhar,,0x26f,0,2,False,他歪著頭，疑惑地看著你。
0x0894,,Adjhar,,0x26f,1,2,False,「我道歉。我不是已經告訴過你我的主人叫我 Bollux 了嗎？」
0x0894,,Adjhar,,0x2e5,0,1,False,「我的主人為我命名為 Bollux。
0x0894,,Adjhar,,0x315,0,1,False,「我是原則神殿的守護者。」
0x0894,,Adjhar,,0x347,0,1,False,「我們被……創造出來保護原則神殿。只有……聖者應該使用它們的力量。Adjhar 和我正在……守衛……這時牆壁砸在了 Adjhar 身上。然後傳來了巨大的聲響……我把他帶到這裡，這樣我就可以修復他，但我不知道……怎麼做。」
0x0894,,Adjhar,,0x474,0,1,False,「我們被稱為石魔像……因為我們是由石頭和岩石製成的。」
0x0894,,Adjhar,,0x4df,0,1,False,「Astelleron 製造了我們。他是我們的主人。」
0x0894,,Adjhar,,0x51b,0,1,False,「我們是……用這個小島上採石場的岩石……塑造而成的。」
0x0894,,Adjhar,,0x56d,0,2,False,「我對這個過程一無所知，但 Astelleron 曾經告訴我，他使用了一種叫做……魔法的東西賦予我們生命和……活力。」魔像停頓了一下，顯然意識到了他接下來的想法。
0x0894,,Adjhar,,0x56d,1,2,False,「他不喜歡他的……孤獨。他說他很……寂寞。」
0x0894,,Adjhar,,0x69a,0,1,False,「我不知道那……是什麼，但他房子裡有很多書。也許……那裡有關於……魔法的東西。」
0x0894,,Adjhar,,0x71a,0,1,False,「我這裡有一本書，Adjhar 說裡面講述了關於……我們被……創造的故事。這可能有助於讓 Adjhar 復活。」
0x0894,,Adjhar,,0x7a5,0,2,False,他遞給你一本非常古老的書。很明顯這本書已經被翻閱過很多次，因為皮革封面已經磨損，露出了下面的木頭，而且書頁也捲角了。
0x0894,,Adjhar,,0x7a5,1,2,False,「我已經把石頭放好了，」他補充說，「就像……書上說的那樣。」
0x0894,,Adjhar,,0x8af,0,1,False,「你……帶了太多東西了。放下一些東西，我就可以把這個給你。」
0x0894,,Adjhar,,0x90a,0,1,False,「房子裡散落著好幾本……其他的書。我不知道……它們是關於什麼的。Adjhar 讀過它們。」
0x0894,,Adjhar,,0x984,0,2,False,「Astelleron 說那是一個……人在周圍沒有人時的感覺。他告訴我們在我們……出生後他有多……高興。
0x0894,,Adjhar,,0x984,1,2,False, 他稱我為……兒子。」
0x0894,,Adjhar,,0xa2b,0,1,False,「我的同伴……Adjhar……他快死了。你必須幫忙修復他。拜託，我懇求……你。」
0x0894,,Adjhar,,0xa98,0,1,False,「我這裡有一本書，Adjhar 說裡面講述了關於……我們被……創造的故事。這可能有助於讓他復活。」
0x0894,,Adjhar,,0xb1e,0,1,False,他遞給你一本非常古老的書。很明顯這本書已經被翻閱過很多次，因為皮革封面已經磨損，露出了下面的木頭，而且書頁也捲角了。「我已經放好了五塊……石頭來標記……血液的位置。」
0x0894,,Adjhar,,0x8af,0,1,False,「你……帶了太多東西了。放下一些東西，我就可以把這個給你。」
0x0894,,Adjhar,,0xc26,0,1,False,「他是我的兄弟……也是我的朋友。我們一起保護了……神殿。我們不能讓他……一直這樣下去。幫我……協助他。」
0x0894,,Adjhar,,0xcc3,0,1,False,「我不……懂那本書，但我記得……血液……」
0x0894,,Adjhar,,0xd03,0,1,False,「再……見。」
0x0895,,Adjhar,,0x0,0,1,False,Bollux 幾乎是茫然地直視著前方。儘管他的面容和缺乏動作，但從他的表情可以明顯看出 Castambre 的一些魔法仍然殘留在體內。
0x0895,,Adjhar,,0xa6,0,1,False,Bollux 轉過身看到 Adjar 站在附近，活生生的。剎那間，Bollux 的表情有了明顯的變化。
0x0895,,Bollux,,0x116,0,2,False,Adjhar 只是微笑了。
0x0895,,Bollux,,0x116,1,2,False,「向你致意，兄弟。」
0x0895,,Bollux,,0x164,0,2,False,他歪著頭，疑惑地看著你。
0x0895,,Bollux,,0x164,1,2,False,「我道歉。我不是已經告訴過你我的主人叫我 Bollux 了嗎？」
0x0895,,Bollux,,0x1da,0,1,False,「我的主人為我命名為 Bollux。
0x0895,,Bollux,,0x203,0,1,False,「我在這裡……為了守衛……愛之神殿。」
0x0895,,Bollux,,0x23d,0,1,False,「祝你……平安。」
0x0896,,Adjhar,,0x0,0,1,False,魔像似乎恢復了牠穩重的鎮定。然而，牠寶石般的眼睛裡依然閃爍著生命的光芒。
0x0896,,Adjhar,,0x82,0,2,False,他歪著頭，疑惑地盯著你。
0x0896,,Adjhar,,0x82,1,2,False, 「我道歉。難道我還沒告訴過你我的主人叫我 Bollux 嗎？」
0x0896,,Adjhar,,0xf6,0,1,False,「我的主人給我取名叫 Bollux。」
0x0896,,Adjhar,,0x122,0,1,False,「我負責在這裡守衛……」他停頓了一下，顯然陷入了沉思。「我現在沒有任務了。」
0x0896,,Adjhar,,0x195,0,1,False,「告……辭。」
0x0897,,,Grayson,0x54,0,1,False,「你想買些什麼？」
0x0897,,,Grayson,0x70,0,1,False,「很好。」
0x0897,,,Grayson,0x80_0x83,0,1,True,"""^<VAR>。這是個公平的價格，對吧？」"
0x0897,,,Grayson,0xae,0,1,False,「成交！」
0x0897,,,Grayson,0xbe,0,1,False,「你不可能拿得動那麼多！」
0x0897,,,Grayson,0xe6,0,1,False,「你沒有足夠的金幣買那個！」
0x0897,,,Grayson,0x111,0,1,False,「你還要買其他東西嗎？」
0x0898,,,Grayson,0x4c,0,1,False,「你想買些什麼？」
0x0898,,,Grayson,0x68,0,1,False,「很好。」
0x0898,,,Grayson,0x78_0x7b,0,1,True,"""^<VAR>。這是個公平的價格，對吧？」"
0x0898,,,Grayson,0xa6,0,1,False,「你想要多少打？」
0x0898,,,Grayson,0xc2,0,1,False,「成交！」
0x0898,,,Grayson,0xd2,0,1,False,「你不可能拿得動那麼多！」
0x0898,,,Grayson,0xfa,0,1,False,「你沒有足夠的金幣買那個！」
0x0898,,,Grayson,0x125,0,1,False,「你還要買其他東西嗎？」
0x0899,,,Greg,0x60,0,1,False,「你想買些什麼？」
0x0899,,,Greg,0x7c,0,1,False,「很好。」
0x0899,,,Greg,0x8c_0x8f,0,1,True,"""^<VAR>。這是個公平的價格，不是嗎？」"
0x0899,,,Greg,0xbd,0,1,False,「你想要多少打？」
0x0899,,,Greg,0xd9,0,1,False,「你想要多少？」
0x0899,,,Greg,0xf2,0,1,False,「成交！」
0x0899,,,Greg,0x102,0,1,False,「你不可能拿得動那麼多！」
0x0899,,,Greg,0x12a,0,1,False,「你沒有足夠的金幣買那個！」
0x0899,,,Greg,0x155,0,1,False,「你還要買其他東西嗎？」
0x089A,,,Inforlem,0x0,0,1,False,「看來你目前需要更多的經驗才能訓練。」
0x089A,,,Inforlem,0x3a_0x72,0,1,True,你收集並清點了你的金幣，發現你總共有 <VAR> 枚金幣。
0x089A,,,Inforlem,0x80,0,1,False,「你沒有足夠的金幣在這裡訓練。」
0x089A,,,Inforlem,0xb1,0,1,False,問了幾個問題後，他驚呼道：「看來你已經和我一樣博學了。對於無法增加你的知識我感到抱歉，但我無能為力。」
0x089A,,,Inforlem,0x14b_0x159,0,1,True,你支付了 <VAR> 枚金幣，然後訓練課程開始了。
0x089A,,,Inforlem,0x196_0x1fd,0,1,True,石像鬼從一些密集的記憶練習開始，最終引導到法術理論的概念。在結束時，<VAR>注意到心智能力和思維反應速度有了改變。
0x089B,,,Inforlem,0x11,0,1,False,「沒有足夠的實戰經驗可以在此時進行訓練。」
0x089B,,,Inforlem,0x51_0x89,0,1,True,你集中你的金幣並數了數，發現你總共有 <VAR> 枚金幣。
0x089B,,,Inforlem,0x97,0,1,False,「需要比你擁有的更多的金幣。需要 50 枚金幣。」
0x089B,,,Inforlem,0xdb_0xe8,0,1,True,在檢查了<VAR>的肌肉之後，他說：「比我還要強壯。不需要在戰鬥上進行進一步的訓練了。」
0x089B,,,Inforlem,0x152_0x160,0,1,True,你支付了 <VAR> 枚金幣，訓練課程開始了。
0x089B,,,Inforlem,0x197_0x1f5,0,1,True,石像鬼開始進行一些高強度的舉重，接著進行擲斧的標靶練習。最後，<VAR>開始注意到體能和手眼協調能力的改變。
0x089C,,,Inforlem,0x26,0,1,False,「要購買什麼物品？」
0x089C,,,Inforlem,0x45,0,1,False,「接受。」
0x089C,,,Inforlem,0x55_0x58,0,1,True,"""^<VAR>。這可以接受嗎？」"
0x089C,,,Inforlem,0x74,0,1,False,「同意。」
0x089C,,,Inforlem,0x84,0,1,False,「沒有能力拿得動那麼多！」
0x089C,,,Inforlem,0xac,0,1,False,「沒有足夠的金幣買那個。」
0x089C,,,Inforlem,0xd4,0,1,False,「還想要別的東西嗎？」
0x089D,,,Inmanilem,0x0,0,1,False,「能夠提供治療、解毒和復活。對其中一項服務感興趣嗎？」
0x089D,,,Inmanilem,0x52,0,1,False,「需要我的哪項服務？」
0x089D,,,Inmanilem,0x9d_0xad,0,1,True,「想要對誰<VAR>？」
0x089D,,,Inmanilem,0xb4,0,1,False,「不需要我的治療。」
0x089D,,,Inmanilem,0xd3,0,1,False,「沒看到有任何人需要復活。必須看到屍體才能拯救靈魂。把你的同伴放在地上，這樣我才能讓他們重返這個世界。」
0x089D,,,Inmanilem,0x171,0,1,False,「受了重傷。試著讓他們重返這個世界。」
0x089D,,,Inmanilem,0x1ab_0x1b6,0,1,True,「收費 <VAR> 枚金幣。還需要我的服務嗎？」
0x089D,,,Inmanilem,0x1e2,0,1,False,「傷口已經治癒。」
0x089D,,,Inmanilem,0x1fe,0,1,False,「看起來相當健康！」
0x089D,,,Inmanilem,0x21d,0,1,False,「已經很健康了！」
0x089D,,,Inmanilem,0x1e2,0,1,False,「傷口已經治癒。」
0x089D,,,Inmanilem,0x239,0,1,False,「不需要解毒！」
0x089D,,,Inmanilem,0x252,0,1,False,「無法拯救他們。為你替他們舉行適當的葬禮。」
0x089D,,,Inmanilem,0x295,0,1,False,「再次呼吸了。活過來了！」
0x089D,,,Inmanilem,0x2bd,0,1,False,「沒有那麼多金幣！也許帶多點金幣回來再購買服務吧。」
0x089D,,,Inmanilem,0x30c,0,1,False,「抱歉。那麼請去別處尋找這項服務吧。」
0x089D,,,Inmanilem,0x346,0,1,False,「如果你需要我的話，我稍後會在這裡。」
0x089E,,,Jaana,0x0,0,1,False,「我能提供治療、解毒和復活的服務。你對其中一項服務感興趣嗎？」
0x089E,,,Jaana,0x5e,0,1,False,「你需要我的哪項服務？」
0x089E,,,Jaana,0x98_0xae,0,1,True,「你想讓誰接受<VAR>？」
0x089E,,,Jaana,0xbf,0,1,False,「聖者！你叫我準備治療，然後又跟我說『沒有人』！你覺得這很好笑嗎？治療可是一件嚴肅的事！」
0x089E,,,Jaana,0x147,0,1,False,「我一定是眼花了。我沒看到有任何人需要復活。你又在耍我了嗎？還是你把傷者藏起來了？我必須看到人才能提供幫助。如果你把朋友背在背包裡，拜託把他放在地上，這樣我才能履行你要求的職責。」
0x089E,,,Jaana,0x256,0,1,False,「確實，你的朋友傷得很重。讓出一點空間，我會盡我所能治療他。」
0x089E,,,Jaana,0x2b4,0,1,False,「既然我和你們一起旅行，我就免收費用了。」
0x089E,,,Jaana,0x2f4_0x308,0,1,True,「我的收費是 <VAR> 枚金幣。這個價格你可以接受嗎？」
0x089E,,,Jaana,0x33a,0,1,False,「你沒有那麼多金幣！也許你可以帶更多的錢回來再購買服務。」
0x089E,,,Jaana,0x392,0,1,False,「那你只能去別處尋找這種服務了。」
0x089E,,,Jaana,0x3c6,0,1,False,「如果你以後需要我的服務，我會在這裡。」
0x089F,,,Jakher,0x4,0,1,False,Jakher 注視著你的雙眼，在智力上對你進行評估。「你需要在戰場上學習更多。如果我們現在交談，我只是在白費唇舌。你連我說的一個字都不會懂。」
0x089F,,,Jakher,0xcc_0x104,0,1,True,你集中你的金幣並數了數，發現你總共有 <VAR> 枚金幣。
0x089F,,,Jakher,0x112,0,1,False,「你似乎沒有我在此訓練所需數量的金幣。也許下次，當你手頭更寬裕的時候……」
0x089F,,,Jakher,0x182,0,1,False,「你已經精通戰場戰術了。恐怕我無法在這方面為你提供進一步的訓練。」
0x089F,,,Jakher,0x1e6_0x1f4,0,1,True,你支付了 <VAR> 枚金幣，訓練課程開始了。
0x089F,,,Jakher,0x21a_0x2c2_0x2e1,0,1,True,當 Jakher 開始解釋過去偉大軍事領袖在驚人戰役中所使用的策略時，他的眼睛閃爍著光芒。他在地上畫著地圖，神祕兮兮地對著<VAR>耳語。過了一段時間，<VAR>幾乎能感覺到自己開始吸收了他的一些精明。
0x089F,,,Jakher,0x31e,0,1,False,「我期待你的歸來。」
0x08A0,,,Jeanette,0x96,0,1,False,「你想買些什麼？」
0x08A0,,,Jeanette,0xb2,0,1,False,「很好。」
0x08A0,,,Jeanette,0xc2_0xd5,0,1,True,「全賣光了，<HONORIFIC>。而且伐木工將不再砍伐銀葉草樹了。我預計它會變成更加珍貴的美食，而且更昂貴，如果我還能弄到任何可以賣的話。」
0x08A0,,,Jeanette,0x178_0x17b,0,1,True,"""^<VAR>。這聽起來是個公平的價格嗎？」"
0x08A0,,,Jeanette,0x1a9,0,1,False,「你想要多少？」
0x08A0,,,Jeanette,0x1c2,0,1,False,「成交！」
0x08A0,,,Jeanette,0x1d2,0,1,False,「你不可能拿得動那麼多！」
0x08A0,,,Jeanette,0x1fa,0,1,False,「你沒有足夠的金幣買那個！」
0x08A0,,,Jeanette,0x225,0,1,False,「你還需要其他的嗎？」
0x08A1,,,Jehanne,0x5b,0,1,False,「你想買些什麼？」
0x08A1,,,Jehanne,0x77_0x84,0,1,True,「很好，<HONORIFIC>。」
0x08A1,,,Jehanne,0x8b_0x8e,0,1,True,"""^<VAR>。你同意嗎？」"
0x08A1,,,Jehanne,0xa4,0,1,False,「你想要多少打？」
0x08A1,,,Jehanne,0xc0,0,1,False,「你想要多少？」
0x08A1,,,Jehanne,0x8b_0xd9,0,1,True,"""^<VAR>。這樣可以接受嗎？」"
0x08A1,,,Jehanne,0xf8_0x84,0,1,True,「非常好，<HONORIFIC>。」
0x08A1,,,Jehanne,0x108_0x115,0,1,True,「但是，<HONORIFIC>，你不可能拿得動那麼多！」
0x08A1,,,Jehanne,0x13d,0,1,False,「我很抱歉，但你沒有足夠的金幣買那個！」
0x08A1,,,Jehanne,0x17a,0,1,False,「你還想買些別的嗎？」
0x08A2,,,Jillian,0x0,0,1,False,「很抱歉，但看來你目前沒有足夠的基礎學識來進行訓練。如果你未來能再來，我那時就可以指導你。」
0x08A2,,,Jillian,0x8b_0xc3,0,1,True,你集中你的金幣並數了數，發現你總共有 <VAR> 枚金幣。
0x08A2,,,Jillian,0xd1,0,1,False,「很抱歉，但你似乎沒有足夠的金幣來進行訓練。」
0x08A2,,,Jillian,0x117,0,1,False,在問了幾個測試問題後，她驚呼：「你的學識簡直和我一樣淵博！我沒有什麼能幫助你的了。」
0x08A2,,,Jillian,0x196_0x1a4,0,1,True,你支付了 <VAR> 枚金幣，訓練課程開始了。
0x08A2,,,Jillian,0x1d1_0x22c,0,1,True,<VAR>和 Jillian 學習了一段時間。此外，她還教授了一些魔法理論。之後，<VAR>注意到知識與魔法理解力的提升。
0x08A3,,,Jordan,0x27,0,1,False,「你想買些什麼？」
0x08A3,,,Jordan,0x43,0,1,False,「好的。」
0x08A3,,,Jordan,0x53_0x56,0,1,True,"""^<VAR>。這樣可以接受嗎？」"
0x08A3,,,Jordan,0x75,0,1,False,「你想要多少打？」
0x08A3,,,Jordan,0x91_0xa1,0,1,True,「非常好，<HONORIFIC>。」
0x08A3,,,Jordan,0xa8,0,1,False,「帶著那麼多東西你無法旅行！」
0x08A3,,,Jordan,0xd6,0,1,False,「你沒有買那個的金幣！」
0x08A3,,,Jordan,0xfb,0,1,False,「你想買些別的嗎？」
0x08A4,,,Jordan,0x39,0,1,False,「你想買些什麼？」
0x08A4,,,Jordan,0x55,0,1,False,「好的。」
0x08A4,,,Jordan,0x65_0x68,0,1,True,"""^<VAR>。這樣可以接受嗎？」"
0x08A4,,,Jordan,0x87_0x97,0,1,True,「非常好，<HONORIFIC>。」
0x08A4,,,Jordan,0x9e,0,1,False,「帶著那麼多東西你無法旅行！」
0x08A4,,,Jordan,0xcc,0,1,False,「你沒有買那個的金幣！」
0x08A4,,,Jordan,0xf1,0,1,False,「你想買些別的嗎？」
0x08A6,,,Karenna,0x2c_0x3b,0,1,True,Karenna 看著<VAR>並微微一笑。「你並非沒有技巧，但你還沒準備好。」
0x08A6,,,Karenna,0x84_0xbc,0,1,True,你集中你的金幣並數了數，發現你總共有 <VAR> 枚金幣。
0x08A6,,,Karenna,0xca,0,1,False,Karenna 生氣地看著你。「我不是在開慈善機構。等你有多點錢的時候再來吧！」
0x08A6,,,Karenna,0x133_0x142,0,1,True,Karenna 瞪著<VAR>。「你只是在浪費我的時間。你和我一樣敏捷且狡猾，我敢打賭你早就知道了。我沒時間應付你這種人。」
0x08A6,,,Karenna,0x1d0_0x1de,0,1,True,你支付了 <VAR> 枚金幣，訓練課程開始了。
0x08A6,,,Karenna,0x204_0x2af_0x2da,0,1,True,Karenna 像一隻豹一樣在訓練場的軟墊上跳躍。她的動作快到模糊不清。她發動攻擊。起初她能隨意擊中目標，引起一陣陣疼痛，讓<VAR>搖搖晃晃，但隨著課程的進行，<VAR>發現自己的反射神經明顯變敏銳了。
0x08A6,,,Karenna,0x30b,0,1,False,「我感謝你帶來一場精彩的練習。你會再來的。」她自信地笑著。
0x08A7,,,Kelly,0x4c,0,1,False,「你想買些什麼？」
0x08A7,,,Kelly,0x68,0,1,False,「很好。」
0x08A7,,,Kelly,0x78_0x7b,0,1,True,"""^<VAR>。你願意付我這個價格嗎？」"
0x08A7,,,Kelly,0xbb_0xbf,0,1,True,「<VAR>」
0x08A7,,,Kelly,0xc3,0,1,False,「你一定會對你買的東西感到滿意。我們只賣最優良的農產品。」
0x08A7,,,Kelly,0x11b,0,1,False,「你不可能拿得動那麼多！」
0x08A7,,,Kelly,0x143,0,1,False,「你沒有足夠的硬幣來付那個！」
0x08A7,,,Kelly,0x171,0,1,False,「你想買些別的嗎？」
0x08A8,,,Kessler,0x77,0,1,False,「你想買些什麼？」
0x08A8,,,Kessler,0x93,0,1,False,「很好。」
0x08A8,,,Kessler,0xa3_0xa6,0,1,True,"""^<VAR>。你還想交易嗎？」"
0x08A8,,,Kessler,0xc2,0,1,False,「你想要多少？」
0x08A8,,,Kessler,0xdb,0,1,False,「成交！」
0x08A8,,,Kessler,0xeb,0,1,False,「你不可能拿得動那麼多！」
0x08A8,,,Kessler,0x113,0,1,False,「你沒有足夠的金幣買那個！」
0x08A8,,,Kessler,0x13e,0,1,False,「你還需要其他的嗎？」
0x08A9,,,Kliftin,0x42,0,1,False,「你想買些什麼？」
0x08A9,,,Kliftin,0x5e,0,1,False,「很好。」
0x08A9,,,Kliftin,0x6e_0x71,0,1,True,"""^<VAR>。這樣可以接受嗎？」"
0x08A9,,,Kliftin,0x90,0,1,False,「你想要多少打？」
0x08A9,,,Kliftin,0xac,0,1,False,「成交！」
0x08A9,,,Kliftin,0xbc,0,1,False,「你不可能拿得動那麼多！」
0x08A9,,,Kliftin,0xe4,0,1,False,「你沒有足夠的金幣買那個！」
0x08A9,,,Kliftin,0x10f,0,1,False,「你還需要其他的嗎？」
0x08AA,,,Kliftin,0x26,0,1,False,「你想買些什麼？」
0x08AA,,,Kliftin,0x42,0,1,False,「很好。」
0x08AA,,,Kliftin,0x52_0x55,0,1,True,"""^<VAR>。這樣可以接受嗎？」"
0x08AA,,,Kliftin,0x74,0,1,False,「成交！」
0x08AA,,,Kliftin,0x84,0,1,False,「你不可能拿得動那麼多！」
0x08AA,,,Kliftin,0xac,0,1,False,「你沒有足夠的金幣買那個！」
0x08AA,,,Kliftin,0xd7,0,1,False,「你還需要其他的嗎？」
0x08AB,,Klog,Klog,0x0,0,1,False,Klog 正帶領鎮民進行一場友誼會會議。
0x08AB,,Klog,Klog,0x33,0,2,False,「感謝各位 Trinsic 的友誼會成員今晚參加我們的會議。
0x08AB,,Klog,Klog,0x33,1,2,False,我想你們一定都很清楚我們城裡所發生的罪行。現在是哀悼那些我們失去之人的時刻。我們將永遠銘記我們的鐵匠 Christopher，他既是我們鎮上寶貴的公民，也是一位摯友。Inamo 是一位和藹可親且勤奮的石像鬼。正如他們的死亡所顯示的，不列顛尼亞比以往任何時候都更需要友誼會。」
0x08AB,,Klog,Klog,0x1f5,0,1,False,「友誼會的創立是為了推廣一種理念，一種將樂觀的思考秩序應用於生活的實踐方法。你該如何遵循這種方法呢？透過將內在力量的三位一體 (Triad of Inner Strength) 應用於你的生活。這三位一體 (Triad) 由三個原則組成，當這三個原則同時應用於你的生活時，它們可以安撫社會的狂熱，因為社會教導你接受失敗，並從你的靈魂中驅逐破壞性的虛幻思想與情感。」
0x08AB,,Klog,Klog,0x3d0,0,1,False,「第一個原則是致力合一 (Strive For Unity)。這意味著我們應該拒絕分歧，擱置我們的差異，並為了我們所有人的利益而共同努力。」
0x08AB,,Klog,Klog,0x47d,0,1,False,「第二個原則是信賴你的兄弟 (Trust Thy Brother)。信任是必不可少的，因為如果你們必須因不斷提防彼此而分裂，你們還能成就什麼呢？」
0x08AB,,Klog,Klog,0x531,0,1,False,「第三個也是最後一個原則是價值先行於報償 (Worthiness Precedes Reward)。一個人必須努力配得上我們每個人所追求的獎勵，因為如果一個人不配得到獎勵，你為什麼會認為他們應該得到呢？」
0x08AB,,Klog,Klog,0x62a,0,1,False,「我們必須將這種理念傳播給每一個能聽到的人。因為除了我們友誼會之外，還有誰能將分裂、猜忌且不配的不列顛尼亞從悲慘的境地中提升起來呢？」
0x08AB,,Klog,Klog,0x6f4,0,1,False,「現在是時候請我們每一位成員大聲發表感言，並講述與友誼會同行是如何影響他們的生活。」
0x08AB,,Ellen,Klog,0x774,0,1,False,「友誼會讓我能夠伸出援手幫助他人，而在此之前我總是太忙碌了。」
0x08AB,,Johnson,Klog,0x7d3,0,1,False,「友誼會讓我執行 Trinsic 守衛的工作時變得更加機警和細心。」
0x08AB,,Dell,Klog,0x829,0,1,False,「友誼會讓我成為一個更快樂、更隨和的人。」
0x08AB,,Klog,Klog,0x86a,0,1,False,「感謝你的分享，兄弟！」
0x08AB,,Caroline,Klog,0x890,0,1,False,「身為友誼會成員，我覺得我正在為不列顛尼亞做一些好事。」
0x08AB,,Spark,Klog,0x8e6,0,1,False,Spark 小聲嘀咕著，不對任何人說：「這是我有幸身處其中過最無聊的馬糞堆了！」
0x08AB,,Iolo,Klog,0x954,0,2,False,Iolo 拍了拍自己的臉頰，讓自己不要睡著。
0x08AB,,Iolo,Klog,0x954,1,2,False,「聖者，我相信我們已經聽夠這些了。」
0x08AB,,Klog,Klog,0x9c6,0,1,False,顯然這場會議還會持續一段時間……你決定你有更重要的事情要處理。
0x08AC,,,Leigh,0x0,0,1,False,「我有資格進行治療、解毒與復活。你對這些服務有興趣嗎？」
0x08AC,,,Leigh,0x55,0,1,False,「你需要我的哪項服務？」
0x08AC,,,Leigh,0x8f_0xa2,0,1,True,「你希望誰被<VAR>？」
0x08AC,,,Leigh,0xa9,0,1,False,「太好了，你沒有受傷！」
0x08AC,,,Leigh,0xce,0,1,False,「似乎沒有人需要這種協助。或許，若我有遺漏任何人，你可以將他或她帶到我面前。*」
0x08AC,,,Leigh,0x145,0,1,False,「確實，這個人需要恢復健康！」
0x08AC,,,Leigh,0x173_0x186,0,1,True,「我的費用是<VAR>個金幣。你有興趣嗎？」
0x08AC,,,Leigh,0x1a8,0,1,False,「你的金幣不足！也許等你有多一點金幣時可以再來。」
0x08AC,,,Leigh,0x1f4,0,1,False,「那你必須去別處了。」
0x08AC,,,Leigh,0x216,0,1,False,「如果你稍後需要我的服務，我會在這裡。」
0x08AD,,Horance,Horance,0x0_0x10,0,1,True,「感謝你，<HONORIFIC>。那個黑暗靈魂壓抑我的意志太久了，以至於我不確定自己是否還擁有意志。你為 Skara Brae、為我，甚至為整個不列顛尼亞做了一件偉大的事，不過我想對你這樣的人來說，這只是理所當然。我對你充滿感激。」他深深地向你鞠躬。
0x08AD,,Horance,Horance,0x142,0,1,False,「但現在，我擔心世界還沒有完全恢復正常。這座黑暗高塔之外的以太正混亂地攪動著。如果不是因為牆內有某些特性，我恐怕我的心智會受到這股力量的摧殘。」
0x08AD,,Horance,Horance,0x244_0x263_0x267,0,1,True,「很高興再次見到你，<PLAYER_NAME>。<VAR>」
0x08AD,,Horance,Horance,0x28a_0x297,0,2,True,「現在，<HONORIFIC>。我必須請求你幫這個忙。這座塔底下的靈魂之井(Well of Souls)困住了許多受折磨的靈魂，並將 Skara Brae 的精靈束縛在這座島上。它必須被摧毀。」Horance 專注地看著你。
0x08AD,,Horance,Horance,0x28a_0x297,1,2,True,「我只能希望你會試著釋放他們。」
0x08AD,,Horance,Horance,0x3a6,0,1,False,「那麼，你願意嗎？」他滿懷期待地看著你。
0x08AD,,Horance,Horance,0x3fc,0,1,False,Horance 思考了片刻，然後說：「當井被摧毀時，裡面的靈魂將會被釋放，在以太中漫無目的地飄浮一段時間。我嚴重虧欠 Rowena 女士和她的丈夫，我想彌補這個錯誤。請帶她離開這個黑暗的地方，並確保她能與 Trent 重聚。這樣當他們被釋放時，他們就能在一起。當你完成這個任務時，我會知道，然後我們就可以繼續摧毀這口井。」
0x08AD,,Horance,Horance,0x5b2_0x5bf,0,1,True,「但請，<HONORIFIC>，我懇求你快點。帶 Rowena 去找 Trent！時間緊迫！跟她談談，並帶她去見她丈夫！井裡的靈魂不斷地在受苦，有些靈魂變得如此枯竭，以至於像蠟燭的火焰一樣熄滅，從存在中消失。」他看起來彷彿自己也感受到了那種痛苦。
0x08AD,,Horance,Horance,0x6e8,0,2,False,「很好，現在我們可以繼續解放 Skara Brae 的其餘部分。靈魂之井(Well of Souls)的摧毀，只能透過一個願意無私犧牲的靈魂來達成。活著的生物是不行的，因為靈魂與身體是相連的。
0x08AD,,Horance,Horance,0x6e8,1,2,False,去鎮上找一個願意為了整個 Skara Brae 的利益而做出犧牲的精靈。我建議你先去問鎮長 Mayor Forsythe，因為在其他人之前，他有優先被考慮的權利。」當你離開時，他沉思地撫摸著下巴。
0x08AE,,,Horance,0x0_0x2,0,1,True,"""<VAR>，我確定最終會有勇敢的靈魂來到這裡。畢竟，如有必要，大多數的靈體都能等待永恆，即使他們正處於極度的痛苦之中。」他在道別時看起來有點失望。然而，他眼中依然流露出感激之情。"
0x08AE,,,Horance,0x100,0,1,False,Horance 看起來似乎早就料到你的反應。「我就知道像你這般高尚的人，絕不會在他人受難時袖手旁觀。你的慷慨似乎是無遠弗屆的。」
0x08AF,,Horance,Horance,0x0,0,1,False,「有什麼問題嗎？你對你的任務感到困惑嗎？」
0x08AF,,Horance,Horance,0x40,0,1,False,「那麼，我建議你儘快完成任務，免得井裡的靈魂消逝。*」
0x08AF,,Horance,Horance,0x90,0,1,False,「你找不到鎮上的靈魂嗎？」
0x08AF,,Horance,Horance,0xb8,0,1,False,「那麼，我建議你趕快行動，免得井裡的靈魂消逝。」
0x08AF,,Horance,Horance,0x102,0,1,False,「啊，那麼你回來真是太好了。鎮長認識大多數的鎮民，可以告訴你關於他們的事。」
0x08AF,,Horance,Horance,0x176,0,1,False,「非常好，現在你得帶鎮長去井邊，他必須自願進入。當他這麼做時，島上和井裡的靈魂就能自由地走向他們的命運。遺憾的是，Mayor Forsythe 將永遠迷失。」
0x08AF,,Horance,Horance,0x246,0,1,False,他悲傷地看著那位鬼魂紳士。
0x08B0,,,Horance,0x0,0,1,False,在你面前是巫妖邪惡的身軀。它一動也不動，眼睛直視前方。
0x08B0,,,Horance,0x53,0,1,False,巫妖一動也不動，似乎沒有察覺到你的存在。
0x08B1,,Horance,Horance,0x0,0,1,False,「聖者，你再次證明了你始終是不列顛尼亞和無辜者的守護者。我無法充分表達我的感激之情；然而，請收下這份小小的謝禮。我希望它能在你的任務中幫助到你。」
0x08B1,,Horance,Horance,0xdc,0,1,False,他把他的個人法杖交給你。它似乎具有魔力。
0x08B1,,Horance,Horance,0x119,0,2,False,他把他的個人法杖放在地上。它似乎具有魔力。
0x08B1,,Horance,Horance,0x119,1,2,False,「我有東西要給你，聖者，但我看你現在拿不下了。我會把它放在這兒的地板上給你。」
0x08B1,,Horance,Horance,0x1cf_0x39c,0,2,True,有一瞬間，Horance 看起來很沮喪。「我覺得這個城鎮發生的事情，我也該負起一些責任。因為，在我探尋宇宙真理的過程中，我不經意地釋放了那個摧毀這個城鎮的邪靈。我將在餘生中努力恢復這座曾經可愛的城鎮。
0x08B1,,Horance,Horance,0x1cf_0x39c,1,2,True,"「我會讓它成為靈性（Spirituality）的光輝典範，一個讓善良之人能夠和平和諧地生活的聖地。再次感謝你給了我這個機會。再見了，<PLAYER_NAME>."""
0x08B2,,Horance,Horance,0x0,0,1,False,Horance 好奇地看著你，「你在 Skara Brae 的任務已經完成了。你有我的敬意與畢生的感激。」
0x08B2,,Horance,Horance,0x78,0,1,False,「但是……，」他在這裡猶豫了一下，似乎不確定該如何繼續，「……你不該回到帶你來這裡的任務嗎？」
0x08B2,,Horance,Horance,0x11f,0,1,False,「喔，是的。我感覺到 Caine 的靈魂還沒離開這座島。他不是在等你回去嗎？」
0x08B2,,Horance,Horance,0x187,0,1,False,「我猜想，你被帶到不列顛尼亞是有原因的。如果你不知道那是什麼，你不該去尋找嗎？」
0x08B2,,Horance,Horance,0x200,0,1,False,「我打算重建這座城鎮，進而使其成為一個美麗而聞名的地方。我請你在未來的日子裡回來看看，看我是否能兌現我的誇口。」
0x08B2,,Horance,Horance,0x2a9_0x2b9,0,1,True,「再見了，<PLAYER_NAME>。我希望你的任務順利。」他轉過身去。
0x08B4,,,Lord British,0x0,0,1,False,「我仍然可以治癒、解毒，有時也能復活。你需要其中哪一項嗎？」
0x08B4,,,Lord British,0x5b,0,1,False,「你需要哪種服務？」
0x08B4,,,Lord British,0x8f_0xa2,0,1,True,「你希望誰被<VAR>？」
0x08B4,,,Lord British,0xa9,0,1,False,「很高興聽說你很好。如果你需要任何形式的治癒，請隨時回來找我。」
0x08B4,,,Lord British,0x10a_0x11d,0,1,True,「我很抱歉，<PLAYER_NAME>，但我沒有看到任何需要復活的人。我必須能看見屍體。如果你正帶著你那位不幸的同伴，請將他們放在地上。」
0x08B4,,,Lord British,0x1b4,0,1,False,「確實，這個人傷得很重。我將嘗試讓他們恢復健康。」
0x08B4,,,Lord British,0x200,0,1,False,「當然，使用我的治癒服務永遠不會向你收費。」
0x08B4,,,Lord British,0x243,0,1,False,「完成了！」
0x08B4,,,Lord British,0x243,0,1,False,「完成了！」
0x08B4,,,Lord British,0x243,0,1,False,「完成了！」
0x08B4,,,Lord British,0x256,0,1,False,「如果你稍後需要我的服務，我會在這裡。」
0x08B5,,,Lord British,0x0,0,1,False,「如果你想尋找這座島嶼，你可以使用我的船。它現在停泊在 Vesper 的南岸，名為黃金安卡號（Golden Ankh）。只要你有需要，請隨時使用它。」
0x08B5,,,Lord British,0xbc,0,1,False,不列顛王將船契交給了你。
0x08B5,,,Lord British,0xe1,0,1,False,不列顛王將船契交給你，但它從你手中滑落，掉到了地上。
0x08B5,,,Lord British,0x130,0,1,False,「我還調整了一顆魔法水晶，將其對準烈焰城堡（Castle of Fire）的入口，那是在你與 Exodus 戰鬥後我重新整修的。來，拿著。也許它能給你一些啟發。不過要注意，它非常不穩定，越靠近它所對準的位置，就越容易碎裂。」
0x08B5,,,Lord British,0x255,0,1,False,不列顛王將水晶交給了你。
0x08B5,,,Lord British,0x27a,0,1,False,不列顛王將水晶交給你，但它從你手中滑落，掉到了地上。幸運的是，它完好無損。
0x08B5,,,Lord British,0x2ea,0,1,False,不列顛王將水晶交給你，而你超載的狀態再次讓你變得笨拙。幸運的是，在摔了一下之後，它依然完好無損。
0x08B6,,,Lucky,0x0,0,1,False,「啊！但你此時還沒有足夠的實戰經驗來接受我的訓練！去體驗人生，以後再來吧。」
0x08B6,,,Lucky,0x73_0xb0,0,1,True,你收集並清點了你所擁有的金幣，發現總共有<VAR>個金幣。
0x08B6,,,Lucky,0xbd,0,1,False,「嗯。你的金幣有點不足。也許你可以去 House of Games 贏些戰利品，然後再回來！」
0x08B6,,,Lucky,0x12b,0,1,False,「你已經跟我一樣有天賦了！你不需要我的服務！」
0x08B6,,,Lucky,0x171_0x17e,0,1,True,你支付了<VAR>個金幣，訓練課程開始了。
0x08B6,,,Lucky,0x1a3,0,1,False,Lucky 拿出一副牌、三個貝殼和一塊石頭，以及一對骰子。接著，這位海盜依序拿起每一樣物品，並開始展示各種利用它們的方法。他展示了如何從牌堆底部發牌，以及如何做假洗牌。利用貝殼和石頭，他展示了快如閃電的手法，將石頭藏在貝殼下——藏在它不可能在的那個貝殼裡。最後，他展示了如何用唾液讓骰子加重，使其總能擲出好運。
0x08B6,,,Lucky,0x42c_0x44b_0x44c_0x44b,0,1,True,訓練課程結束時，Lucky <VAR><VAR> <VAR>
0x08B7,,,Lucy,0x87,0,1,False,「你想買些什麼？」
0x08B7,,,Lucy,0xa3,0,1,False,「好吧。」
0x08B7,,,Lucy,0xb3_0xd5,0,1,True,「喔，我真是太抱歉了，<HONORIFIC>，但我沒有存貨了。Yew 的伐木工拒絕再砍伐任何銀葉樹。我個人認為這是一個糟糕的決定。」
0x08B7,,,Lucy,0x152_0x157,0,1,True,「^<VAR> 你還想要嗎？」
0x08B7,,,Lucy,0x16e,0,1,False,「你想買多少？」
0x08B7,,,Lucy,0x187,0,1,False,「成交！」
0x08B7,,,Lucy,0x197,0,1,False,「你不可能帶得走那麼多！」
0x08B7,,,Lucy,0x1bf,0,1,False,「你的金幣不足以支付這個！」
0x08B7,,,Lucy,0x1ea,0,1,False,「你還需要別的嗎？」
0x08B8,,,Mack,0x0,0,1,False,「太好了！你有雞蛋要給我嗎？」
0x08B8,,,Mack,0x2e,0,1,False,「非常好！讓我看看你有多少……」
0x08B8,,,Mack,0x5f,0,1,False,「但你身上連一顆都沒有！你在浪費我的時間！」
0x08B8,,,Mack,0xa3_0xb4_0xd2,0,1,True,「太棒了！ <VAR> 個！這意味著我欠你 <VAR> 個金幣。拿去吧！我現在要把這些雞蛋收下了！」
0x08B8,,,Mack,0x116,0,1,False,「隨時歡迎回來為我工作！」
0x08B8,,,Mack,0x13f,0,1,False,「如果你能輕裝旅行，你就有手來拿我的金幣了！」
0x08B8,,,Mack,0x185,0,1,False,「沒有？你對我的雞做了什麼？你該不會是什麼禽類變態吧？」
0x08B9,,,Mandy,0x53,0,1,False,「你想來點什麼？」
0x08B9,,,Mandy,0x6f,0,1,False,「嗯，你會喜歡的。」
0x08B9,,,Mandy,0x8e_0xad,0,1,True,「我已經沒有存貨了，<HONORIFIC>。銀葉樹已不再砍伐，我的供應量也減少了。」
0x08B9,,,Mandy,0xed_0xf2,0,1,True,「^<VAR> 對你來說太貴了嗎？」
0x08B9,,,Mandy,0x112,0,1,False,「你想買多少？」
0x08B9,,,Mandy,0x12b,0,1,False,「成交！」
0x08B9,,,Mandy,0x13b,0,1,False,「你不可能帶得走那麼多！」
0x08B9,,,Mandy,0x163,0,1,False,「你的金幣不足以支付這個！」
0x08B9,,,Mandy,0x18e,0,1,False,「你還需要別的嗎？」
0x08BA,,,Margareta,0x0,0,1,False,「算命費用要 20 個金幣。可以嗎？」
0x08BA,,,Margareta,0x32,0,1,False,Margareta 收下了你的錢。
0x08BA,,,Margareta,0x52,0,1,False,「你的金幣不夠。」
0x08BA,,,Margareta,0x6e,0,1,False,Margareta 從你身邊轉過身去。
0x08BA,,,Margareta,0x95,0,1,False,「那就算了。」
0x08BA,,,Margareta,0x6e,0,1,False,Margareta 從你身邊轉過身去。
0x08BA,,,Margareta,0xab,0,1,False,這名吉普賽婦人凝視著她的水晶球。
0x08BA,,,Margareta,0xdc,0,1,False,「我看見一個女人站在神龕旁。她愛著你。關於這點，我看不出更多了。
0x08BA,,,Margareta,0x13d,0,1,False,「我看見一個女人站在神龕旁。她在你的生命中將扮演重要的角色。
0x08BA,,,Margareta,0x198,0,1,False,「嗯…水晶球非常渾濁……
0x08BA,,,Margareta,0x1bd,0,1,False,「我看見…如果你想了解更多關於友誼會的事，並發現他們的真實本質，你就必須加入他們。
0x08BA,,,Margareta,0x239,0,1,False,「既然…你已經是友誼會的成員，你遲早會更了解他們，並發現他們的真實本質。
0x08BA,,,Margareta,0x2a6,0,1,False,「不是很清楚……啊，對了……有一種新的邪惡正在威脅不列顛尼亞。我看見你將來必須與它交手。
0x08BA,,,Margareta,0x32b,0,1,False,「水晶球告訴我，世界的以太——即控制魔法的物質——已經受到這種新的邪惡存在所影響。
0x08BA,,,Margareta,0x3a7,0,1,False,「我進一步看見，這種邪惡的存在，在不久後的某個事件中，將會獲得更強大的力量。這個事件與行星有關。去 Moonglow 的天文台找一個人，了解更多關於這件事的資訊。我看見他有一個對你非常有用的裝置。儘快去找他，因為這個事件即將來臨。」
0x08BA,,,Margareta,0x4f0,0,1,False,「這是什麼？我看見……我看見……你在尋找一個『帶著鉤子的人』。他不是你真正的對手，但找到他，是完成你終極任務的必要條件。
0x08BA,,,Margareta,0x5a5,0,1,False,「等等！我看見你必須去覲見 Time Lord。他有麻煩了，雖然我看不出是什麼麻煩。Time Lord 知道許多關於這個新邪惡的事，所以千萬不要錯過去找他。
0x08BA,,,Margareta,0x668,0,1,False,「要找到 Time Lord，你必須先見到住在 Yew 森林裡的 『鬼火』。他們是你聯繫他最好的途徑。『人神修道院』的僧侶，也許知道如何聯繫這些『鬼火』。
0x08BA,,,Margareta,0x730,0,1,False,「球體變暗了。我看不出更多了。」
0x08BA,,,Margareta,0x761,0,1,False,Margareta 抬頭看著你說：「你前方將面臨許多危險。多加保重。」
0x08BA,,,Margareta,0x7b7,0,1,False,說完這些話，Margareta 癱軟下來，閉上眼睛休息。她顯然筋疲力竭了。
0x08BB,,,Mariah,0x0,0,1,False,「你對哪一環的法術感興趣？」
0x08BB,,,Mariah,0x3ab,0,1,False,「你想購買什麼法術？」
0x08BB,,,Mariah,0x3cd,0,1,False,「好吧。」
0x08BB,,,Mariah,0x3dd_0x3e1_0x3f8,0,1,True,「<VAR>，這法術要花費 <VAR> 個金幣。」
0x08BB,,,Mariah,0x409,0,1,False,「成交！」
0x08BB,,,Mariah,0x419,0,1,False,「你沒有法術書。」
0x08BB,,,Mariah,0x435,0,1,False,「你的金幣不足以支付這個！」
0x08BB,,,Mariah,0x460,0,1,False,「你已經擁有那個法術了！」
0x08BB,,,Mariah,0x488,0,1,False,「你還需要別的法術嗎？」
0x08BC,,,Mariah,0x84,0,1,False,「你想買些什麼？」
0x08BC,,,Mariah,0xa0,0,1,False,「好吧。」
0x08BC,,,Mariah,0xb0_0xb4,0,1,True,「<VAR> 你覺得這個價格如何？」
0x08BC,,,Mariah,0xd7,0,1,False,「你要多少？」
0x08BC,,,Mariah,0xed,0,1,False,「成交！」
0x08BC,,,Mariah,0xfd,0,1,False,「你不可能帶得走那麼多！」
0x08BC,,,Mariah,0x125,0,1,False,「你的金幣不足以支付這個！」
0x08BC,,,Mariah,0x150,0,1,False,「你還需要別的嗎？」
0x08BD,,,Markus,0x4,0,1,False,「恐怕你目前在實戰經驗上還不足以接受訓練。如果你之後能再來，我很樂意為你提供我的服務。」
0x08BD,,,Markus,0x89_0xb8,0,1,True,你聚集並清點了你的金幣，總共有 <VAR> 個。
0x08BD,,,Markus,0xc0,0,1,False, Markus 伸了個懶腰。他聳聳肩說道：「很遺憾，你的金幣不足以支付我的費用。也許之後，等你靠掠奪這片土地發了財再來吧……」
0x08BD,,,Markus,0x16e_0x17c,0,1,True,你支付了 <VAR> 個金幣，訓練課程隨即開始。
0x08BD,,,Markus,0x1a5,0,2,False, Markus 眨了眨眼，彷彿剛從無聊中回過神來。「你已經和我一樣精通了！在這裡沒法再進一步訓練你了。」
0x08BD,,,Markus,0x1a5,1,2,False, Markus 退還了金幣。
0x08BD,,,Markus,0x24e_0x2ca_0x2d9,0,2,True,「好吧，」Markus 強忍著打了一個哈欠說道。「那我們開始吧。」
0x08BD,,,Markus,0x24e_0x2ca_0x2d9,1,2,True, Markus 揮動他的劍，面對著 <VAR> 。他給了 <VAR> 一些關於站姿與平衡的指導，然後演示了幾種突刺動作。
0x08BD,,,Markus,0x326_0x337_0x39d,0,1,True,沒過多久， <VAR> 便與教官開始以武器互相過招。顯然他在這方面非常有造詣，而這些經驗對 <VAR> 來說相當寶貴。訓練結束時，可以感覺到戰鬥能力有所提升。
0x08BE,,,Menion,0x0,0,1,False,「我很抱歉，但你目前在負重方面的實戰經驗不足，無法進行訓練。也許將來等你準備好了，我就可以訓練你。」
0x08BE,,,Menion,0x97_0xd8,0,1,True,你聚集並清點了你所擁有的金幣，發現你總共有 <VAR> 個金幣。
0x08BE,,,Menion,0xe6,0,1,False,「你的金幣不夠在這裡接受訓練。」
0x08BE,,,Menion,0x135_0x16a,0,1,True,「你已經和我一樣強壯了！」他注意到 <VAR> 肌肉與體格後驚呼道。「在鍛鍊強健肌肉這方面，你懂得絕對不比我少。」
0x08BE,,,Menion,0x1cf_0x1dd,0,1,True,你支付了 <VAR> 個金幣，訓練課程隨即開始。
0x08BE,,,Menion,0x206_0x280,0,1,True,他首先安排了一段簡短但密集的重量訓練計畫，接著進行了一場重型武器的對練。很快地， <VAR> 感覺變得更強壯，並且在戰鬥中能更好地運用這股力量。
0x08C0,,,Mordra,0x3c,0,1,False,「那好。你想談談誰？」
0x08C0,,,Mordra,0x5e,0,1,False,她狠狠地瞪了你一會兒。「關於那個——笨手笨腳的蠢貨，我沒什麼好說的！」
0x08C0,,,Mordra,0xc8,0,1,False,「我對那個人知之甚少。自從巫妖將憤怒的死者從墳墓中召喚出來後，他就一直待在這裡。不過我知道一件事：即使你擊敗了 Horance，他依然會留在這裡服從他所侍奉的禁制。」她對你說這話時，神情顯得有些哀傷。
0x08C0,,,Mordra,0x1f5,0,1,False,「我們祖先的墳墓湧出了 Skara Brae 的死者。他們的思想和心靈都已腐爛，根本不在乎活人。因此得名『憤怒的死者』。」
0x08C0,,,Mordra,0x295,0,1,False,她對你歪著頭微微一笑。「那個無賴開了這附近最棒的酒吧之一，至少他是想讓你這麼相信。他這個人有點粗魯，但他懂得怎麼買好酒，這點倒是可以肯定。而且他挑選酒吧女侍的品味也算不上差，」她眨了眨眼。「如果你見過 Paulette，你就知道我在說什麼了。」
0x08C0,,,Mordra,0x3fb,0,3,False,「那個可憐的人一生充滿了悲傷，這是我的魔法似乎都無能為力的唯一惡疾。
0x08C0,,,Mordra,0x3fb,1,3,False,「他的妻子 Gwen 在他們的女兒 Marney 出生幾年後，被一群相當兇殘的男人擄走了。我知道她遭遇了什麼，但出於同情，我沒有讓 Quenton 知道這件事。
0x08C0,,,Mordra,0x3fb,2,3,False,「那些男人因她那無與倫比的美貌而誤以為她是位貴族女士。當他們發現她只是一個卑微漁夫的妻子時，他們殘暴地強暴了她，並把她賣給了一家名聲狼藉的妓院。幸運的是，她到那裡後不久就去世了。」Mordra 顯得極為悲傷。
0x08C0,,,Mordra,0x659,0,5,False,「好啦，好啦，話說一半就稱不上是故事了。」她繼續述說著 Quenton 悲慘的一生。
0x08C0,,,Mordra,0x659,1,5,False,「Marney 在她母親被綁架後就病倒了，此後好幾年都活在死亡的邊緣。最後，Quenton 再也無法忍受了。他向一個名叫 Michael、綽號叫 Blade 的暴力之徒借了錢。當他無力償還貸款時，Blade 便殺了他。
0x08C0,,,Mordra,0x659,2,5,False,「然而，這並不是我這段可憐故事的終點，因為即使在他死後，Quenton 的亡靈仍被迫留在這座精神之鎮，在那裡他不得不看著他摯愛的 Marney 病情加重並最終死去。
0x08C0,,,Mordra,0x659,3,5,False,「Yorl，那個在 Marney 父親去世後照顧她的男人，為她塵世的	 身軀建造了一座神龕。」她沉默了一會兒，低下了頭。
0x08C0,,,Mordra,0x659,4,5,False,「我由衷希望你能幫我們除掉 Horance，好讓 Quenton  	 能與他的至愛重逢，無論她們身在何方。」
0x08C0,,,Mordra,0x9be,0,3,False,自從你見到她以來，她的臉上第一次變得毫無情感。
0x08C0,,,Mordra,0x9be,1,3,False,「我之所以知道這個故事，是因為我已故的哥哥 Rinaldo 曾任職於 Yew 的高等法院。他寫信告訴我，他們不僅抓到了 Blade，還抓到了綁架 Quenton 妻子的海盜。那些海盜在地下城最底層的牢房裡度過了餘生，而 Blade 則在斷頭台的刀刃下迎來了他的下場。
0x08C0,,,Mordra,0x9be,2,3,False,「很適合他的死法，你不覺得嗎？」
0x08C0,,,Mordra,0xb7f,0,2,False,「她真是個可愛的女孩，雖然想法有點像小孩子。我相信她的父親不是這個世界的人。他說話的語調很奇特，外貌也和大多數不列顛尼亞的人大不相同。
0x08C0,,,Mordra,0xb7f,1,2,False,「不過你也非常清楚，許多其他世界的人都會來到這片土地。我甚至聽過傳聞說連不列顛王本人也是個外世界人。想像一下吧。」她臉上露出狡黠的表情。
0x08C0,,,Mordra,0xd17,0,1,False,「那兩個人能重新在一起真是太好了。我只希望 Quenton 也能迎來相同的命運。」她的聲音裡充滿了希望。
0x08C0,,,Mordra,0xda2,0,2,False,「既然 Trent 已經走出了陰霾，我相信是時候讓他建造，那座將成為巫妖棺材的靈魂囚籠(Soul Cage)了。」她毫無幽默感地笑了笑。
0x08C0,,,Mordra,0xda2,1,2,False,「如果你想把這個小鎮從 Horance 的魔掌中解救出來，就去找他並協助他吧。」
0x08C0,,,Mordra,0xec2,0,1,False,「我感覺彷彿卸下了一副重擔。對於你所做的一切，我真是感激不盡。然而，在靈魂之井(Well of Souls)被摧毀之前，我們是不會完全擺脫巫妖力量的。」
0x08C0,,,Mordra,0xfa5,0,1,False,「你必須好好使用他的籠子來阻止巫妖。」
0x08C0,,,Mordra,0xfdf,0,1,False,「唉，我擔心他的心智因失去妻子 Rowena 而破碎了。他無法打破吞噬著他的恨意。總有一天，他會耗盡心力，而他的靈魂也將永遠迷失。也許，Rowena 會知道有什麼能幫上忙……但不行，她自己也正需要協助。」Mordra 搖了搖頭。
0x08C0,,,Mordra,0xd17,0,1,False,「那兩個人能重新在一起真是太好了。我只希望 Quenton 也能迎來相同的命運。」她的聲音裡充滿了希望。
0x08C0,,,Mordra,0x1111,0,1,False,「你必須想辦法讓她從巫妖的迷魂術中清醒過來，哪怕只有短短的一瞬間。我肯定她掌握著讓 Trent 恢復自我的關鍵。也許，如果你能找到她的一件貼身物品——也許是來自 Trent 的東西——並帶給她。那說不定能打破她所受的魔咒。」
0x08C0,,,Mordra,0x1246,0,1,False, Mistress Mordra 稍微皺了下眉頭。「我希望那個可憐的女孩能再多撐一會兒，直到她能被帶離那個恐怖的地方。」
0x08C0,,,Mordra,0x12d9,0,2,False,「他是一個飽受折磨的靈魂。他將小鎮的毀滅歸咎於自己。在他的妄想中，他不斷感受到自己死亡時的火焰。然而，我相信他的狀態帶給了他某種淨化與智慧。據說他甚至知道生命與死亡的答案。」
0x08C0,,,Mordra,0x12d9,1,2,False,她顯得有些困惑。「不管事實如何，你必須從他那裡取得用來消滅巫妖的魔法藥劑。不過，我可以給你成分清單。」
0x08C0,,,Mordra,0x1481,0,1,False,「很好，你已經設法調配出了魔法配方；現在你必須將它與靈魂囚籠(Soul Cage)配合使用，來消滅 Horance。」
0x08C0,,,Mordra,0x150d,0,1,False,她的笑容擴大了。「你非常完美地利用了那張配方。現在，我們必須想辦法摧毀靈魂之井(Well of Souls)，以解放 Skara Brae。」
0x08C0,,,Mordra,0x15af,0,2,False,「如果我告訴你，你必須確保弄對它們。否則，當初我告訴那個該死的市長時發生的慘劇就會再次重演。而且，雖然我們在 Skara Brae 這裡已經沒有更多的生命可以失去了，但你卻有一條相當寶貴的性命！
0x08C0,,,Mordra,0x15af,1,2,False,「瓦解巫妖所需的成分有：一瓶隱形藥水、一瓶療傷藥水，以及一小瓶曼陀羅根精華——我家裡的某個地方有一瓶。記住，只要 -一- 小瓶！」
0x08C0,,,Mordra,0x1778,0,2,False,「他就是大火發生時，我試圖消滅的那個該死的巫妖。法師 Horance 顯然在某一天決定了凡人的壽命不適合他。於是，他開始研究避免死亡的方法。最後，他找到了將自己變成不死生物——一個長生不老的不死生物——巫妖所需的配方。不幸的是，這種轉變加上他本就偏執的行為，使他變成了今天這個邪惡的怪物！
0x08C0,,,Mordra,0x1778,1,2,False,「而正是他那邪惡的『黑色儀式』在擺佈著我們所有人！」
0x08C0,,,Mordra,0x1981,0,1,False,「Dark Tower 坐落在 Skara Brae 的西北角。它的建造有些古怪，因為我發現很難用我的魔法感知去滲透它。在它內部，」她說道，「你會找到靈魂之井。
0x08C0,,,Mordra,0x1a44,0,1,False,「靈魂之井是一個強大的神器，位於 Dark Tower 的後方，巫妖就是從中汲取力量。死者的靈魂被囚禁在那裡，註定要遭受 Horance 那無止境食慾的折磨。」她的容貌上顯露出一絲痛苦的表情。
0x08C0,,,Mordra,0x1b3b,0,1,False, Mordra 憤怒地說道：「每晚子時一到，Skara Brae 的亡靈就會前往 Dark Tower，並被用來為 Horance 注入力量以延續他的黑暗存在。其他人在這發生時都毫無察覺，但我能感受得到卻無法阻止自己。」
0x08C0,,,Mordra,0x1c38,0,1,False,「即使巫妖已經不在了，我們依然會被吸引到他舉行黑色儀式的地方。他一定是對我們施加了某種禁制，並將其與靈魂之井(Well of Souls)的力量綁在了一起。噢，他曾是個多麼狡猾的惡棍啊。」對一位熟練法師的由衷敬佩與厭惡之情交織在 Mordra 的表情中。
0x08C0,,,Mordra,0x1d88,0,1,False,「我明白了。那麼，你想談談什麼？」
0x08C1,,,Mordra,0x0,0,1,False,「親愛的 Rowena，我很高興能看到妳離開那座可怕的高塔。」Mordra 的眼中開始盈滿喜悅的淚水。
0x08C1,,Rowena,Mordra,0x7f,0,1,False,「那真的很可怕，但最糟糕的是被迫遠離我的丈夫。我和 Horance 在那裡的整段時間，我覺得自己就像一個空殼。我必須和 Trent 在一起才能恢復完整。」
0x08C1,,Mordra,Mordra,0x148_0x16d,0,1,True,「是的，妳說得完全正確。<PLAYER_NAME>，她必須迅速被帶去見她的丈夫。我相信你會這麼做的。」她把話說到這，便向 Rowena 道別了。
0x08C2,,,Mordra,0x0,0,1,False,「哎呀，你好啊～Forsythe 市長。你終於決定要為我們小鎮的救贖出一份力了。」她給了他一個尖銳的眼神。
0x08C2,,Forsythe,Mordra,0x8f,0,1,False,「聽著，把那張愚蠢配方交給 Caine 的人又不是我，對吧？」
0x08C2,,Mordra,Mordra,0xe0,0,1,False,「那張愚蠢的配方剛剛才幫我們除掉了 Horance。」Mistress Mordra 咬牙切齒地說道。
0x08C2,,Forsythe,Mordra,0x14b,0,1,False,「哼。女士，妳也拖了太久。而現在我要去跳井了。」
0x08C2,,Mordra,Mordra,0x195,0,1,False,「無知的蠢貨！」
0x08C2,,Forsythe,Mordra,0x1af,0,1,False,「老太婆！」
0x08C2,,Mordra,Mordra,0x1c3_0x314,0,2,True,「你會後悔的，癩蛤蟆。」火焰在她眼底深處燃燒，電流在她髮間劈啪作響。她抬起雙臂，彷彿要施展某種可怕的法術，但 Forsythe 嗚咽著躲到了你的身後。她看到你臉上的表情，緩緩放下了雙臂。火焰與閃電閃爍了幾下後便熄滅了。
0x08C2,,Mordra,Mordra,0x1c3_0x314,1,2,True,「請原諒我的失態，<HONORIFIC>。剛才提到井是怎麼一回事？」你解釋說 Forsythe 已經自願為其他亡靈犧牲自己。她直視著他的眼睛。他拍了拍灰塵，挺直了身子。「我以前真沒想到你有這種能耐，市長。我欠你一份情。」
0x08C2,,Forsythe,Mordra,0x410,0,1,False,「是啊，嗯。我想，不客氣。」他看起來彷彿稍微找回了一些尊嚴。
0x08C2,,Mordra,Mordra,0x46c_0x51c,0,2,True,「那麼我想你最好快點啟程。保重了，Forsythe。漫遊在以太之中也沒那麼糟糕。至少等你習慣了之後是如此。」
0x08C2,,Mordra,Mordra,0x46c_0x51c,1,2,True,她轉向你。「再見，<PLAYER_NAME>。如果你成功了，我們就不會再見面了。祝你好運。*」
0x08C3,,,Nicodemus,0x0,0,1,False,「你想研究哪一環的法術？」
0x08C3,,,Nicodemus,0x3af,0,1,False,「你想買什麼法術？」
0x08C3,,,Nicodemus,0x3ce,0,1,False,「好的。」
0x08C3,,,Nicodemus,0x3de_0x3e2_0x3f7,0,1,True,"「<VAR> 法術需要花費 <VAR> 枚金幣。"""
0x08C3,,,Nicodemus,0x406,0,1,False,「完成！」
0x08C3,,,Nicodemus,0x416,0,1,False,「你沒有法術書。」
0x08C3,,,Nicodemus,0x432,0,1,False,「你沒有足夠的金幣！」
0x08C3,,,Nicodemus,0x454,0,1,False,「你已經擁有那個法術了！」
0x08C3,,,Nicodemus,0x47c,0,1,False,「你還想要其他的法術嗎？」
0x08C4,,,Nicodemus,0x36,0,1,False,「你想購買什麼？」
0x08C4,,,Nicodemus,0x52,0,1,False,「好的。」
0x08C4,,,Nicodemus,0x63_0x68,0,1,True,「^<VAR> 這樣可以嗎？」
0x08C4,,,Nicodemus,0x7f,0,1,False,「你想買多少？」
0x08C4,,,Nicodemus,0x98,0,1,False,正式的「成交！」
0x08C4,,,Nicodemus,0xb1,0,1,False,「你絕不可能拿得動那麼多東西！」
0x08C4,,,Nicodemus,0xe2,0,1,False,「你的金幣不夠支付這個！」
0x08C4,,,Nicodemus,0x10a,0,1,False,「你還需要別的嗎？」
0x08C5,,,Nystul,0x0,0,1,False,「你想研究哪一環的法術？」
0x08C5,,,Nystul,0x3d2,0,1,False,「你想買什麼法術？」
0x08C5,,,Nystul,0x3f1,0,1,False,「好的。」
0x08C5,,,Nystul,0x401_0x405_0x41a,0,1,True,"「<VAR> 法術需要花費 <VAR> 枚金幣。"""
0x08C5,,,Nystul,0x429,0,1,False,「完成！」
0x08C5,,,Nystul,0x439,0,1,False,「你沒有法術書。」
0x08C5,,,Nystul,0x455,0,1,False,「你沒有足夠的金幣！」
0x08C5,,,Nystul,0x477,0,1,False,「你已經擁有那個法術了！」
0x08C5,,,Nystul,0x49f,0,1,False,「你還想要其他的法術嗎？」
0x08C6,,,Nystul,0x7f,0,1,False,「你想買什麼魔法材料？」
0x08C6,,,Nystul,0xa4,0,1,False,「好的。」
0x08C6,,,Nystul,0xb4_0xb7,0,1,True,"""^<VAR> 你願意付這麼多錢嗎？"""
0x08C6,,,Nystul,0xd8,0,1,False,「你想要多少個？」
0x08C6,,,Nystul,0xf4,0,1,False,「完成！」
0x08C6,,,Nystul,0x104,0,1,False,「你不可能拿得了那麼多！」
0x08C6,,,Nystul,0x12c,0,1,False,「你沒有足夠的金幣！」
0x08C6,,,Nystul,0x14e,0,1,False,「你還想要點別的嗎？」
0x08C7,,Paul,Paul,0x0,0,1,False,當演員們就位並戴上面具時，你坐下來觀看演出。
0x08C7,,Spark,Paul,0x44,0,1,False, Spark 對你輕聲說道：「我真希望有家糖果店有賣糖蘋果！」
0x08C7,,Paul,Paul,0x95,0,1,False,音樂響起，戲劇開演，Paul 走上舞台中央並向觀眾致意。
0x08C7,,Paul,Paul,0xe0,0,4,False,「歡迎來到我們的故事，
0x08C7,,Paul,Paul,0xe0,1,4,False,一個如此寫實的故事。
0x08C7,,Paul,Paul,0xe0,2,4,False,這是一個悲劇故事
0x08C7,,Paul,Paul,0xe0,3,4,False,一個男人失去了他的妻子。
0x08C7,,Paul,Paul,0x15f,0,4,False,「但故事不必悲傷
0x08C7,,Paul,Paul,0x15f,1,4,False,當友誼會在此。
0x08C7,,Paul,Paul,0x15f,2,4,False,內在力量的三位一體 (Triad) 
0x08C7,,Paul,Paul,0x15f,3,4,False,讓人毫無理由恐懼。」
0x08C7,,Dustin,Paul,0x1d3,0,1,False, Paul 退下，Dustin 登台。Meryl 躺在他面前的地上，擺出死一般的姿勢。
0x08C7,,Dustin,Paul,0x22f,0,4,False,「這是宿命！這是絕望！這是死亡！
0x08C7,,Dustin,Paul,0x22f,1,4,False,我心愛的妻子離我而去！
0x08C7,,Dustin,Paul,0x22f,2,4,False,疾病將她奪走
0x08C7,,Dustin,Paul,0x22f,3,4,False,只留給我一首輓歌。」
0x08C7,,Dustin,Paul,0x2b4,0,1,False, Dustin 用雙手抱頭，假裝在抽泣。當他抽泣時，Meryl 以幽靈般的方式從她的「死亡」中甦醒，然後對 Dustin 說話。
0x08C7,,Meryl,Paul,0x34a,0,4,False,「我的丈夫，我的愛人！
0x08C7,,Meryl,Paul,0x34a,1,4,False,不要絕望！這並非宿命！
0x08C7,,Meryl,Paul,0x34a,2,4,False,你將超越
0x08C7,,Meryl,Paul,0x34a,3,4,False,這一切憂鬱與陰霾！」
0x08C7,,Dustin,Paul,0x3bb,0,4,False,「是誰在對我說話？
0x08C7,,Dustin,Paul,0x3bb,1,4,False,難道會是她？
0x08C7,,Dustin,Paul,0x3bb,2,4,False,還是我真的瘋了？
0x08C7,,Dustin,Paul,0x3bb,3,4,False,但除了她——還能——是誰？」
0x08C7,,Meryl,Paul,0x42f,0,4,False,「我的丈夫，你必須傾聽。
0x08C7,,Meryl,Paul,0x42f,1,4,False,你的救贖就在你的掌握之中。
0x08C7,,Meryl,Paul,0x42f,2,4,False,你只需尋找他們——
0x08C7,,Meryl,Paul,0x42f,3,4,False,那些能夠提供幫助的人—— 友誼會！」
0x08C7,,Dustin,Paul,0x4ce,0,1,False, Meryl 緩緩飄下舞台，留下 Dustin 獨自一人。
0x08C7,,Dustin,Paul,0x508,0,4,False,「友誼會，她說？
0x08C7,,Dustin,Paul,0x508,1,4,False,但我為何會需要它？
0x08C7,,Dustin,Paul,0x508,2,4,False,我有我的八大美德和我的治療師
0x08C7,,Dustin,Paul,0x508,3,4,False,有了這些就再也不需要別的了！」
0x08C7,,Paul,Paul,0x597,0,1,False, Paul 與戴著不同面具的 Meryl 一同登台。
0x08C7,,Paul,Paul,0x5cc,0,4,False,「但那就是你錯的地方！
0x08C7,,Paul,Paul,0x5cc,1,4,False, 友誼會的存在就是為了幫助你！
0x08C7,,Paul,Paul,0x5cc,2,4,False,內在力量的三位一體 (Triad)  就在這裡
0x08C7,,Paul,Paul,0x5cc,3,4,False,帶給你一種團結感！」
0x08C7,,Paul,Paul,0x66b,0,4,False,「現在加入我們，你就會明白。
0x08C7,,Paul,Paul,0x66b,1,4,False,加入你的兄弟與我們的計畫
0x08C7,,Paul,Paul,0x66b,2,4,False,來推廣我們團體的宗旨——
0x08C7,,Paul,Paul,0x66b,3,4,False,你將會成為一個更好的人。」
0x08C7,,Paul,Paul,0x708,0,1,False,此時，一段精心編排的默劇揭示了 Dustin 如何加入友誼會，從由 Paul 飾演的「分部領袖」手中接過他的徽章，並接受來自 Meryl 的祝賀。
0x08C7,,Paul,Paul,0x7ba,0,4,False,「時刻爭取團結，
0x08C7,,Paul,Paul,0x7ba,1,4,False,並在所有逆境中信任你的兄弟，
0x08C7,,Paul,Paul,0x7ba,2,4,False,因為價值先於你自己的回報
0x08C7,,Paul,Paul,0x7ba,3,4,False,聽我們的話——這必定會實現！」
0x08C7,,Dustin,Paul,0x852,0,4,False,「我願將我一半的財富奉獻給你！
0x08C7,,Dustin,Paul,0x852,1,4,False,我會聽從你的吩咐然後等待。
0x08C7,,Dustin,Paul,0x852,2,4,False,我的回報總有一天會到來
0x08C7,,Dustin,Paul,0x852,3,4,False,並將我從可怕的命運中解脫。」
0x08C7,,Dustin,Paul,0x8f5,0,1,False,Dustin 假裝給了 Paul 一些錢。Paul 退場，接著 Dustin 躺在舞台上假裝入睡。
0x08C7,,Dustin,Paul,0x955,0,1,False,片刻之後，Meryl 登台，圍繞著 Dustin 的身軀跳舞，並在他身上灑下某種閃閃發光的粉末。
0x08C7,,Iolo,Paul,0x9cb,0,1,False, Iolo 對你輕聲說道：「我特別喜歡這視覺效果。你不覺得劇本有點弱嗎？」
0x08C7,,Dustin,Paul,0xa30,0,1,False, Meryl 離開舞台，Dustin『醒了過來』。瞧啊！他發現他睡覺的地方旁有一個袋子。打開一看，他發現了一捆金幣！
0x08C7,,Dustin,Paul,0xac5,0,4,False,「我向不列顛王宣告！
0x08C7,,Dustin,Paul,0xac5,1,4,False,這是我的回報！憑空而來！
0x08C7,,Dustin,Paul,0xac5,2,4,False,我晚上聽到的聲音是對的
0x08C7,,Dustin,Paul,0xac5,3,4,False,我將不再在乎我那悲慘的生活！
0x08C7,,Dustin,Paul,0xb56,0,4,False,「那聲音在夢中降臨於我
0x08C7,,Dustin,Paul,0xb56,1,4,False,那是我那如此美妙的『內在』聲音。
0x08C7,,Dustin,Paul,0xb56,2,4,False,我現在有了一位伴侶與供應者，
0x08C7,,Dustin,Paul,0xb56,3,4,False,以及一位我所追隨的主人。」
0x08C7,,Dustin,Paul,0xbfc,0,1,False,演員所挑選的詞彙——『伴侶』、『供應者』和『主人』——讓你感到震驚。你意識到你以前曾聽過這些詞。
0x08C7,,Spark,Paul,0xc8e,0,1,False,「這真的很糟糕。」
0x08C7,,Dustin,Paul,0xcab,0,1,False, Paul 和 Meryl 在舞台上與 Dustin 會合，他們一起手拉著手。
0x08C7,,Paul,Paul,0xcf8,0,4,False,「友誼會能賦予你目標
0x08C7,,Paul,Paul,0xcf8,1,4,False,加入是唯一的選擇
0x08C7,,Paul,Paul,0xcf8,2,4,False,投身於我們正義的事業
0x08C7,,Paul,Paul,0xcf8,3,4,False,並找到你的內在聲音。」
0x08C7,,Paul,Paul,0xd71,0,1,False,此時，演員們鞠躬謝幕，你意識到演出結束了。你給予他們禮貌性的掌聲。
0x08C7,,Iolo,Paul,0xdd6,0,1,False,「他們說的那個聲音是什麼意思？我不確定我聽得懂。這真是一齣令人困惑的戲。我一點也不喜歡。我們浪費了時間和金錢！這是我最後一次讓你來決定我們該怎麼娛樂自己了！」
0x08C8,,,Penni,0x0,0,1,False,「我很抱歉，但你的肌肉過度緊繃了。如果你能改日再來，我很願意為你提供訓練。」
0x08C8,,,Penni,0x73_0xb1,0,1,True,你聚集並清點了你所擁有的金幣，發現總共有 <VAR> 個金幣。
0x08C8,,,Penni,0xbf,0,1,False,「我很遺憾，你似乎沒有足夠的金幣在這裡接受訓練。也許換個時間，等你的荷包更滿的時候……」
0x08C8,,,Penni,0x144,0,2,False,她顯得十分驚訝。
0x08C8,,,Penni,0x144,1,2,False,「你已經比我還要強壯了！我很抱歉，但我無法再幫你提升更多了。」
0x08C8,,,Penni,0x1bc_0x1ca,0,1,True,你支付了 <VAR> 個金幣，訓練隨之開始。
0x08C8,,,Penni,0x1f2_0x23d_0x244,0,1,True,<VAR> 和 Penni 一起鍛鍊並對練了一段時間。在拉筋伸展之後，<VAR>感覺<VAR>到更強壯了一些，且戰鬥技巧也稍微進步了。
0x08CA,,,Perrin,0x0,0,1,False,在詢問了幾個問題之後，他說道：「我很抱歉，但你對我的理論掌握得不夠深入，我無法指導你。也許等你有更多時間研究時……」
0x08CA,,,Perrin,0xaf_0xed,0,1,True,你聚集並清點了你所擁有的金幣，發現總共有 <VAR> 個金幣。
0x08CA,,,Perrin,0xfb,0,1,False,"""我必須致歉，但我需要收足費用才能繼續我的研究。也許換個時間，等你有更多錢，我便能教導你了。」"
0x08CA,,,Perrin,0x187,0,1,False,在詢問了幾個問題之後，他說道：「你的境界已經超越了我的指導。我必須謙卑地向你致歉，因為我已經沒有什麼新東西可以教你了。」
0x08CA,,,Perrin,0x23c_0x24a,0,1,True,你支付了 <VAR> 個金幣，訓練隨之開始。
0x08CA,,,Perrin,0x276_0x2d1_0x2e8_0x323_0x325,0,1,True,<VAR> 和 Perrin 興奮地沉浸在幾本巨著的書頁中。在一場密集的學習之後，<VAR> 發現自己獲得了<VAR> 理解與傳播比以往更多資訊的能力。此外，<VAR> <VAR> 施法背後的理論有了更好的掌握。
0x08CB,,,Phearcy,0x5a,0,1,False,「你想購買什麼？」
0x08CB,,,Phearcy,0x76_0x83,0,1,True,「很好，<HONORIFIC>。」
0x08CB,,,Phearcy,0x8a_0xa3,0,1,True,「我真的很抱歉，<HONORIFIC>，但我已經好一段時間沒辦法拿到那個了。看來以前砍伐銀葉樹的人已經停手了。」
0x08CB,,,Phearcy,0x113_0x118,0,1,True,「^<VAR>。這個價格你能接受嗎？」
0x08CB,,,Phearcy,0x13d,0,1,False,「你想買多少？」
0x08CB,,,Phearcy,0x156,0,1,False,「成交！」
0x08CB,,,Phearcy,0x166,0,1,False,「你拿不動那麼多東西！」
0x08CB,,,Phearcy,0x18b,0,1,False,「你的金幣不夠支付這個！」
0x08CB,,,Phearcy,0x1b3,0,1,False,「你還需要別的嗎？」
0x08CC,,,Phearcy,0x24,0,1,False,「你想購買什麼？」
0x08CC,,,Phearcy,0x40_0x4d,0,1,True,「很好，<HONORIFIC>。」
0x08CC,,,Phearcy,0x54_0x57,0,1,True,"""^<VAR>。這個價格你能接受嗎？」"
0x08CC,,,Phearcy,0x7c,0,1,False,「成交！」
0x08CC,,,Phearcy,0x8c,0,1,False,「你拿不動那麼多東西！」
0x08CC,,,Phearcy,0xb1,0,1,False,「你的金幣不夠支付這個！」
0x08CC,,,Phearcy,0xd9,0,1,False,「你還需要別的嗎？」
0x08CD,,,Polly,0x69,0,1,False,「你想購買什麼？」
0x08CD,,,Polly,0x85,0,1,False,「好的。」
0x08CD,,,Polly,0x95_0x9a,0,1,True,「^<VAR> 你付得起我的開價嗎？」
0x08CD,,,Polly,0x95_0xd5,0,1,True,「^<VAR>」
0x08CD,,,Polly,0xd9,0,1,False,「太好了。」
0x08CD,,,Polly,0xec,0,1,False,「你拿不動那麼多東西。」
0x08CD,,,Polly,0x111,0,1,False,「你的金幣不夠支付這個！」
0x08CD,,,Polly,0x139,0,1,False,「你還想買別的嗎？」
0x08CE,,,Quan,0x0,0,1,False,有翼石像鬼開始了他的佈道。
0x08CE,,,Quan,0x28,0,1,False,你看到石像鬼辦事員在角落做著記錄。
0x08CE,,,Quan,0x5c,0,1,False,「今晚要談論為何友誼會對你們的生活至關重要。要明白我們每個人都尋求友誼會以求完整。要曾擁有夢想與渴望。」
0x08CE,,Quaeven,Quan,0xfa,0,1,False,「要非常真實。」
0x08CE,,Quan,Quan,0x114,0,1,False,「要明白其他非會員的人已經放棄了他們的夢想。要看到他們屈服於平庸的生活以尋求穩定。」
0x08CE,,Spark,Quan,0x194,0,1,False,「這真是無聊。我們去吃點東西吧——我肚子餓了！」
0x08CE,,Quan,Quan,0x1de,0,1,False,「要看到他們開始產生不切實際的想法並失去協調。要從追求目標的真正道路上走入歧途。要與現實脫節。」他嘆了口氣。「要在他們所做的事中遭遇失敗，而非成功。」
0x08CE,,Sarpling,Quan,0x2c1,0,1,False,「要非常悲傷。」
0x08CE,,Quan,Quan,0x2db,0,2,False,「要明白，」他微笑道，「在座的每位會員都經歷了如此走向現實世界的覺醒。要在這個組織中找到一條清晰的道路，以達成我們所追求的目標！」
0x08CE,,Quan,Quan,0x2db,1,2,False,在座的會員全都站了起來高聲歡呼。
0x08CE,,Iolo,Quan,0x3d2_0x3eb,0,1,True,「我們該離開了，<PLAYER_NAME>。」
0x08CF,,,Rankin,0x0,0,1,False,「各位會員，你們每個人都曾面對——且毫無疑問地將再次面對——那種感受到狂熱高溫的時刻。一個你的心智被幻覺與幻象所蒙蔽的時刻。一個你的理智毫無理由便徹底消失的時刻。一個甚至連你自己或許都曾質疑過友誼會箴言的時刻！」
0x08CF,,Balayna,Rankin,0x140,0,1,False,你看到那名辦事員倒吸了一口氣，雙眼因不敢置信而睜大。
0x08CF,,Rankin,Rankin,0x190,0,2,False,「三位一體 (Triad) 的第二項原則是『信任你的兄弟』。當你了解自己的兄弟時，這只是一個簡單的實踐。但友誼會並非向來為你所知。在過去，要將你的信任託付給像友誼會這樣龐大的組織，或許並非易事。
0x08CF,,Rankin,Rankin,0x190,1,2,False,然而，為了充分了解你內在的力量，人必須有勇氣踏上信任的烈火！」
0x08CF,,Tolemac,Rankin,0x302,0,1,False,「這是真的！信任就是我獲得自由的關鍵！」
0x08CF,,Rankin,Rankin,0x340,0,1,False,「信任需要極大的勇氣，而那份勇氣就存在於你自身之中。」
0x08CF,,Iolo,Rankin,0x393,0,2,False, Iolo 向你靠了過來。
0x08CF,,Iolo,Rankin,0x393,1,2,False,「我相信我們聽得夠多了，不是嗎？」
0x08CF,,Iolo,Rankin,0x3e5,0,1,False,「很好。我們走吧。」
0x08CF,,Iolo,Rankin,0x405,0,1,False, Iolo 深深地嘆了一口氣。
0x08CF,,Rankin,Rankin,0x428,0,1,False,「但只要人能保持清醒，這個問題就不會困擾你。」
0x08CF,,Dupre,Rankin,0x46f,0,2,False,「來吧，朋友。這已經聽得夠多了。這頓我請客。」
0x08CF,,Dupre,Rankin,0x46f,1,2,False,當你走出大廳時，領袖的聲音依然在耳邊喋喋不休地迴盪著。
0x08D0,,,Rayburt,0x13,0,1,False,「我很抱歉，但你目前沒有足夠的經驗可以進行訓練。請改日再試，屆時我很樂意為你主持一場訓練。」
0x08D0,,,Rayburt,0x9e,0,1,False,「看來你的金幣不夠。等你有錢一點的時候再來吧。」
0x08D0,,,Rayburt,0xe7,0,1,False,「真是令我驚訝！你的經驗已經和我一樣豐富了！我無法再給你更多的訓練。」
0x08D0,,,Rayburt,0x151,0,1,False, Rayburt 收下了你的錢。「訓練要開始了。」
0x08D0,,,Rayburt,0x18b_0x1a2_0x1c6,0,1,True, Rayburt 首先指示 <VAR> 躺在地上並放鬆。他教導 <VAR> 呼吸練習以及清除心中所有雜念的技巧。
0x08D0,,,Rayburt,0x1fe_0x21b,0,1,True,過了一會兒，他要求 <VAR> 站起來，並親自示範平衡與控制，將其與冥想和專注連結在一起。
0x08D0,,,Rayburt,0x274_0x2db_0x2dd,0,1,True,最後，他示範了幾招涵蓋徒手搏擊與劍術的精妙招式。到這一個小時結束時，<VAR> <VAR> 在這種不尋常的戰鬥方式上理解深刻得多且更加熟練。
0x08D1,,Raymundo,Raymundo,0x0,0,1,False,Raymundo 遞給你一份劇本，你走上了舞台中央。燈光照在你的臉上，讓你感到有些燥熱。雖然你有些緊張，但你還是清了清喉嚨，開始讀著紙上的台詞。
0x08D1,,Raymundo,Raymundo,0x223,0,1,False,「Jesse，把你的長杖遞給我們的朋友。」
0x08D1,,Jesse,Raymundo,0x25a,0,1,False,「給您，女士。」
0x08D1,,Jesse,Raymundo,0x274,0,1,False,「給您，先生。」
0x08D1,,Jesse,Raymundo,0x28e,0,1,False,Raymundo 遞給你一根長杖。
0x08D1,,Raymundo,Raymundo,0x2b0,0,1,False,手裡拿著長杖，你再次嘗試了台詞。這一次，你覺得自己像個真正的演員。台詞從你的雙唇間流瀉而出，彷彿真的是聖者在說話一樣。你感受到了一股前所未有的興奮。你喜歡上了「演戲」這件事。你渴望更多！你焦急地等待著 Raymundo 的講評……
0x08D1,,Raymundo,Raymundo,0x3f6,0,1,False,Raymundo 接過長杖並說道：「嗯……是的，很好。謝謝你。很好。我們會再聯絡的，好嗎？謝謝你前來。如果你有履歷的話，就把它留在門口旁，好嗎？謝謝你。」
0x08D2,,,Reyna,0x0,0,1,False,「你需要我的協助嗎？」
0x08D2,,,Reyna,0x22,0,1,False,「你有什麼需求？」
0x08D2,,,Reyna,0x53_0x60,0,1,True,「誰需要<VAR>？」
0x08D2,,,Reyna,0x67,0,2,False,「你們所有人似乎都不需要我的協助。」
0x08D2,,,Reyna,0x67,1,2,False,她看起來很高興。
0x08D2,,,Reyna,0xb8,0,1,False,「我很抱歉，但你並未帶任何需要我協助的人到我面前。如果真的有人需要我的醫術，我必須再仔細瞧瞧。」
0x08D2,,,Reyna,0x149_0x163,0,1,True,「我必須向你收取 <VAR> 個金幣。這個價格你能接受嗎？」
0x08D2,,,Reyna,0x192_0x1a5,0,1,True,「我很抱歉，<HONORIFIC>，但你的金幣不夠。也許我下一次就能協助你了。」
0x08D2,,,Reyna,0x1eb_0x210,0,1,True,「那麼我便無法幫助你了，<HONORIFIC>。我真的很抱歉，但我的收費是固定的。」
0x08D2,,,Reyna,0x24a_0x263,0,1,True,「那真是太好了，<HONORIFIC>。我很樂意幫助那些需要幫助的人，但如果世上再也沒有這種需求，我會更高興！」
0x08D3,,,Richter,0x48,0,1,False,「你想購買什麼武器？」
0x08D3,,,Richter,0x6a_0x80,0,1,True,「我完全理解，<HONORIFIC>。自從不列顛尼亞n Tax Council 制定了如此離譜的稅率以來，整個大陸的物價都上漲了。」
0x08D3,,,Richter,0xf5_0xfa,0,1,True,「^<VAR>。」這個價格你能接受嗎？
0x08D3,,,Richter,0x11f,0,1,False,「成交！」
0x08D3,,,Richter,0x12f_0x142,0,1,True,「我很抱歉，<HONORIFIC>，但連我都拿不動那麼多東西！」
0x08D3,,,Richter,0x170,0,1,False,「你的金幣不夠支付這個！」
0x08D3,,,Richter,0x198,0,1,False,「你還需要別的嗎？」
0x08D4,,,Richter,0x63,0,1,False,「你想購買哪種防具？」
0x08D4,,,Richter,0x85,0,1,False,「很好。」
0x08D4,,,Richter,0x95_0x9a,0,1,True,「^<VAR> 你還有興趣嗎？」
0x08D4,,,Richter,0xb4,0,1,False,「成交！」
0x08D4,,,Richter,0xc4_0xd7,0,1,True,「我很抱歉，<HONORIFIC>，連我都拿不動那麼多東西！」
0x08D4,,,Richter,0x102,0,1,False,「你的金幣不夠支付這個！」
0x08D4,,,Richter,0x12a,0,1,False,「你還需要別的嗎？」
0x08D5,,,,0xbf_0x157,0,3,True,「謝天謝地，你又回到我們身邊了！我們都非常擔心你的狀況。
0x08D5,,,,0xbf_0x157,1,3,True,」「你昏迷了這麼久，我們還以為你沒命了呢！
0x08D5,,,,0xbf_0x157,2,3,True,<VAR>
0x08D5,,,,0x159,0,1,False,「他們在前往不列顛城的路上順道把你帶來這裡。」
0x08D5,,,,0x19f,0,1,False,「他們在前往 Minoc 的路上順道把你帶來這裡。」
0x08D5,,,,0x1e0,0,1,False,「他們在來 Paws 的路上把你帶來給我們，但他們之後已經離開前往 Jhelom 了。」
0x08D5,,,,0x249,0,1,False,「他們在前往 Jhelom 的路上順道把你帶來這裡。」
0x08D5,,,,0x159,0,1,False,「他們在前往不列顛城的路上順道把你帶來這裡。」
0x08D5,,,,0x28b,0,1,False,「他們在前往 Vesper 的路上順道把你帶來這裡。」
0x08D5,,,,0x2cd,0,1,False,「他們在前往 Moonglow 的路上順道把你帶來這裡。」
0x08D5,,,,0x311,0,1,False,「他們在前往 Terfin 的路上順道把你帶來這裡。」
0x08D5,,,,0x353,0,1,False,「他們在前往 Serpent's Hold 附近的友誼會冥想營的路上順道把你帶來這裡。」
0x08D5,,,,0x3b8,0,1,False,「他們在前往海盜巢穴 (Buccaneer's Den)的路上順道把你帶來這裡。」
0x08D5,,,,0x410,0,1,False,「他們把你帶來這裡，然後就返回海盜巢穴 (Buccaneer's Den)了。」
0x08D5,,,,0x465,0,1,False,「這事怎麼會不斷發生在你身上，真是太不可思議了！」
0x08D6,,,Rowena,0x0,0,1,False,「我親愛的丈夫究竟去哪兒了？我一刻也無法忍受與他分離！」
0x08D6,,,Rowena,0x56,0,1,False,就你所見，這對愛侶自從重逢後就未曾放開彼此的擁抱，而且在不久的將來似乎也沒有打算分開。
0x08D6,,Trent,Rowena,0xe6_0xf0,0,1,True,「不，<HONORIFIC>。她是我的生命。如果你帶走她，就是帶走我的心。」Trent 緊緊懷抱著他的妻子。
0x08D6,,Rowena,Rowena,0x15d_0x1a0,0,1,True,「我不能就這樣離開我的夫君。你一定能理解的，<HONORIFIC>。」
0x08D6,,Rowena,Rowena,0x1a7,0,1,False,這對愛侶繼續深情凝視著對方的雙眼，彷彿要彌補他們所失去的所有歲月。
0x08D7,,,Rowena,0x0,0,1,False,這對苦命鴛鴦衝向彼此，緊緊擁入幽靈般的懷抱。一時之間，很難分清一個靈魂從何處開始，另一個又在何處結束，接著兩人緩緩轉身面向你。「你為我們做了這麼多，我希望在幫助我們的同時，也對你自己的任務有所幫助。」Rowena 向你行了個屈膝禮，然後轉身凝視她英俊的丈夫。
0x08D7,,,Rowena,0x177_0x193,0,1,True,「我該如何幫助你，<HONORIFIC>？我必須趕快去見 Trent。」她看起來迫不及待想和丈夫在一起。
0x08D7,,,Rowena,0x1f5,0,1,False,當你提到她丈夫的名字時，她的臉龐亮了起來。「他是鎮上的鐵匠。那台你用來將我從 Horance 的黑暗力量中喚醒的音樂盒，就是他親手製作的。」
0x08D7,,,Rowena,0x2bd,0,1,False,「我不能那樣對待我可憐的 Trent，至少在再見他一面之前絕不行。」她搖了搖頭表示拒絕。
0x08D7,,,Rowena,0x336,0,1,False,「是的，我們必須趕快去鐵匠鋪。Trent 會擔心我的。」
0x08D7,,,Rowena,0x380,0,1,False,「這個地方太可怕了。你能不能好心帶我去見我的丈夫 Trent？他很容易為我擔心。」
0x08D7,,,Rowena,0x3f0_0x41d,0,1,True, Rowena 燦爛地微笑著，「謝謝你，<HONORIFIC>。你的心地確實非常慷慨。」
0x08D7,,,Rowena,0x446,0,1,False,她走進隊伍中，並示意你帶路。
0x08D7,,,Rowena,0x472,0,1,False,「你目前的隊伍人數太多了，我無法與你同行。」
0x08D7,,,Rowena,0x4b5,0,1,False,「那麼我會在這裡等待一位有美德的人，他能保護我的安全，並幫助我回到我丈夫身邊。」她轉過身去，顯得有些疏離。
0x08D8,,Rowena,Rowena,0x0,0,1,False,美麗的幽靈眼神呆滯地穿透你看向遠方。你所做的任何事	 似乎都無法吸引她的注意。
0x08D8,,Rowena,Rowena,0x73,0,1,False,小盒子的音樂讓 Rowena 把頭轉向你的方向。她眨了幾次眼，彷彿剛從夢境中醒來，或者在此時此刻，是從惡夢中醒來。當她看到那隻 Liche 時，她假裝被迷住了，但只要他一移開視線，她就會示意你靠近。
0x08D8,,Rowena,Rowena,0x17f,0,1,False,小盒子的音樂讓 Rowena 把頭轉向你的方向。她眨了幾次眼，彷彿剛從夢境中醒來，或者在此時此刻，是從惡夢中醒來。
0x08D8,,Rowena,Rowena,0x21b,0,1,False,「我暫時還能控制自己的心智，但我不知道能維持多久。告訴我外面的鎮上發生了什麼事。」你向她轉述了你在鎮上聽到的種種事件。
0x08D8,,Rowena,Rowena,0x2cd,0,1,False,「我可憐的 Trent。我真不忍心去想他受了多大的傷害，竟然會忘記我們的愛。」她悲傷地搓著雙手，並注意到了手上的某件東西。
0x08D8,,Rowena,Rowena,0x379,0,1,False,「那我可憐的 Trent 呢？他一定心碎了。我必須想辦法捎個消息給他。」她手上的某個東西閃爍著耀眼的光芒。
0x08D8,,Rowena,Rowena,0x40b_0x418,0,1,True,「請你，<HONORIFIC>，能不能把這枚戒指帶給他，並告訴他我依然愛著他。也許這能讓他恢復成我所熟知的那位摯愛的 Trent。」
0x08D8,,Rowena,Rowena,0x4a6,0,1,False,她從纖細的手指上取下一枚戒指，放在你的手心裡。你原本以為它會直接穿過去，但它卻安穩地停留在你的掌心中。
0x08D8,,Rowena,Rowena,0x540,0,1,False,她從纖細的手指上取下一枚戒指，放在你的手心裡。你原本以為它會直接穿過去，而它也確實穿了過去。幸運的是，它掉到了地板上，撞擊在石頭上發出清脆的微弱響聲。
0x08D8,,Rowena,Rowena,0x622,0,1,False,"""「謝謝妳，善良的女士。我不知道該如何回報妳。」"
0x08D8,,Rowena,Rowena,0x669,0,1,False,「謝謝你，善良的先生。我不知道該如何回報你。」
0x08D8,,Rowena,Rowena,0x6af,0,1,False, Rowena 的雙眼開始變得有些呆滯，她緩慢地眨著眼，彷彿進入了深深的恍惚狀態。
0x08D8,,Rowena,Rowena,0x71b,0,1,False,她緩慢地眨了眨眼。「多麼美麗的音樂。我的主上……Horance，曾經送過我一個像那樣的音樂盒。」Rowena 轉過身去，分了神。
0x08D9,,,Rowena,0x0,0,1,False,這個美麗的鬼魂目前似乎無法回應你，甚至也無法回應任何其他人。
0x08D9,,,Rowena,0x5c,0,1,False,Rowena 目前似乎無法回應你，甚至也無法回應任何其他人。
0x08DA,,,Rowena,0x0_0x4d,0,1,True,當你開始說話時，可愛的鬼魂舉起她的手，「不好意思！ <HONORIFIC>，原諒我，我現在感覺不是很舒服。請晚點再來，也許我會更有心情聊天。」
0x08DB,,,Rudyom,0x0,0,1,False,「你想研究哪一環的法術？」
0x08DB,,,Rudyom,0x399,0,1,False,「你想買什麼法術？」
0x08DB,,,Rudyom,0x3b8,0,1,False,「好的。」
0x08DB,,,Rudyom,0x3c8_0x3cc_0x3e1,0,1,True,"「<VAR> 法術需要花費 <VAR> 枚金幣。"""
0x08DB,,,Rudyom,0x3f0,0,1,False,「完成！」
0x08DB,,,Rudyom,0x400,0,1,False,「你沒有法術書。」
0x08DB,,,Rudyom,0x41c,0,1,False,「你沒有足夠的金幣！」
0x08DB,,,Rudyom,0x43e,0,1,False,「你已經擁有那個法術了！」
0x08DB,,,Rudyom,0x466,0,1,False,「你還想要其他的法術嗎？」
0x08DC,,,Rudyom,0x7a,0,1,False,「你想買什麼魔法材料？」
0x08DC,,,Rudyom,0x9f,0,1,False,「好的。」
0x08DC,,,Rudyom,0xaf_0xb2,0,1,True,"""^<VAR> 你願意付這麼多錢嗎？"""
0x08DC,,,Rudyom,0xd3,0,1,False,「你想要多少個？」
0x08DC,,,Rudyom,0xef,0,1,False,「完成！」
0x08DC,,,Rudyom,0xff,0,1,False,「你不可能拿得了那麼多！」
0x08DC,,,Rudyom,0x127,0,1,False,「你沒有足夠的金幣！」
0x08DC,,,Rudyom,0x149,0,1,False,「你還想要點別的嗎？」
0x08DE,,,Rutherford,0x70,0,1,False,「你想買些什麼？」
0x08DE,,,Rutherford,0x8c,0,1,False,「好吧。」
0x08DE,,,Rutherford,0x9c_0xbe,0,1,True,「我的銀葉草都賣完了，<HONORIFIC>。不知為什麼現在大缺貨，我沒辦法再進到貨了。」
0x08DE,,,Rutherford,0x104_0x109,0,1,True,「^<VAR> 你還要嗎？」
0x08DE,,,Rutherford,0x11d,0,1,False,「你想要多少？」
0x08DE,,,Rutherford,0x136,0,1,False,「成交！盡情享用吧！」
0x08DE,,,Rutherford,0x158,0,1,False,「根本沒有人拿得動那麼多東西！」
0x08DE,,,Rutherford,0x189,0,1,False,「你的金幣不夠支付這些！」
0x08DE,,,Rutherford,0x1b1,0,1,False,「你還想購買其他東西嗎？」
0x08DF,,Salamon,Salamon,0x0,0,1,False,像猿猴一樣的生物緩慢而小心地走向你。牠嗅了一會兒，然後指著你帶著的蜂蜜。
0x08DF,,Salamon,Salamon,0x8a,0,1,False,「你要把蜂蜜給我嗎？」
0x08DF,,Salamon,Salamon,0xac,0,1,False,「謝謝你。」
0x08DF,,Salamon,Salamon,0xbf,0,1,False,「對你說『再見』。」
0x08DF,,Salamon,Salamon,0xdf,0,1,False,好吧...
0x08E0,,Saralek,Saralek,0x0,0,1,False,像猿猴一樣的生物緩慢而小心地走向你。牠嗅了一會兒，然後指著你帶著的蜂蜜。
0x08E0,,Saralek,Saralek,0x87,0,1,False,「蜂蜜要給我嗎？」
0x08E0,,Saralek,Saralek,0xa3,0,1,False,「謝謝你！」
0x08E0,,Saralek,Saralek,0xb6,0,1,False,「對你說『再見』。」
0x08E0,,Saralek,Saralek,0xd6,0,1,False,好吧...
0x08E1,,,Sarpling,0x58,0,1,False,「要購買什麼物品？」
0x08E1,,,Sarpling,0x77,0,1,False,「為可接受。」
0x08E1,,,Sarpling,0x8d_0x92,0,1,True,「^<VAR>。為可接受之價格？」
0x08E1,,,Sarpling,0xb1,0,1,False,「為已成交！」
0x08E1,,,Sarpling,0xc7,0,1,False,「為無法攜帶那麼多！」他搖了搖頭。
0x08E1,,,Sarpling,0xfb,0,1,False,「為金幣不足以支付！」
0x08E1,,,Sarpling,0x11d,0,1,False,「要需要其他物品嗎？」
0x08E2,,,Sarpling,0x46,0,1,False,「為可接受。」
0x08E2,,,Sarpling,0x5c_0x61,0,1,True,「^<VAR>。要同意此價格嗎？」
0x08E2,,,Sarpling,0x80,0,1,False,「要購買多少數量？」
0x08E2,,,Sarpling,0x9f,0,1,False,「為已成交！」
0x08E2,,,Sarpling,0xb5,0,1,False,「為無法攜帶那麼多！」他搖了搖頭。
0x08E2,,,Sarpling,0xe9,0,1,False,「為金幣不足以支付！」
0x08E2,,,Sarpling,0x10b,0,1,False,「要需要其他物品嗎？」
0x08E3,,,Sean,0x36,0,1,False,「你想買些什麼？」
0x08E3,,,Sean,0x52,0,1,False,「好吧。」
0x08E3,,,Sean,0x62_0x67,0,1,True,「^<VAR> 你願意支付這個價錢嗎？」
0x08E3,,,Sean,0x8d,0,1,False,「成交！」
0x08E3,,,Sean,0x9d,0,1,False,「你根本拿不下那麼多東西！」
0x08E3,,,Sean,0xc8,0,1,False,「你的金幣不夠支付這個！」
0x08E3,,,Sean,0xf0,0,1,False,「你還需要別的嗎？」
0x08E5,,,Sentri,0x0,0,1,False,「我很抱歉，但你目前沒有足夠的實戰經驗來進行訓練。等再消滅一些生物之後，改天再回來吧。」
0x08E5,,,Sentri,0x85,0,1,False,「我很遺憾，你手頭的金幣似乎不足以支付這裡的訓練。也許改天等你的財富更充裕時再來吧。」
0x08E5,,,Sentri,0x107,0,1,False,「你已經和我一樣精通了！恐怕我無法再給你更進一步的訓練了！」
0x08E5,,,Sentri,0x198_0x166_0x1c9_0x166_0x1e0_0x20d_0x166_0x258_0x265_0x2a4_0x2f6_0x166_0x318_0x32e_0x33c,0,1,True,「看招！」Sentri 拔出他的劍大喊。 ^<VAR><VAR>被迫匆忙的拿起 <VAR><VAR>武器回應。Sentri 一言不發地逼近 <VAR>，揮舞著他那看似狂亂、實則完全在掌控之中的利刃。 ^<VAR><VAR>被迫竭盡<VAR>全力來格擋他的攻擊。幸好，Sentri 總能在擊中 <VAR>前的剎那收手，而他通常都能辦到。隨著訓練進程點滴累積，<VAR>格擋技巧有所提升，而且<VAR><VAR>展開了幾次屬於<VAR>的反擊。 <VAR>敏捷度獲得了可明確感受到的進步。
0x08E5,,,Sentri,0x36d,0,1,False,「太痛快了！」一切結束後，Sentri 高喊著。
0x08EC,,,Sherry,0x0,0,4,False,「獅子 Hubert 既傲慢又虛榮，
0x08EC,,,Sherry,0x0,1,4,False,尤其對牠那優雅的鬃毛感到自豪。
0x08EC,,,Sherry,0x0,2,4,False,但這種自負一點也不合適，
0x08EC,,,Sherry,0x0,3,4,False,而獅子 Hubert 注定要摔個跟頭。」
0x08EC,,,Sherry,0xa7,0,4,False,有一天，當他在岩石上磨爪子時
0x08EC,,,Sherry,0xa7,1,4,False,他受到了一個最可怕、最糟糕的驚嚇。
0x08EC,,,Sherry,0xa7,2,4,False,一顆熾熱的火星飛到半空中，
0x08EC,,,Sherry,0xa7,3,4,False,掉到他的頭上，點燃了他的頭髮。
0x08EC,,,Sherry,0x15c,0,4,False,伴隨著驚訝的吼聲，他像一道閃電般飛奔而去，
0x08EC,,,Sherry,0x15c,1,4,False,穿過叢林直奔 Zamboozi 溪流。
0x08EC,,,Sherry,0x15c,2,4,False,他撲通一聲跳進水裡！濺起一陣水花，
0x08EC,,,Sherry,0x15c,3,4,False,然後頂著滿頭短毛浮出水面。
0x08EC,,,Sherry,0x21e,0,4,False,一開始他只是張大嘴巴盯著看
0x08EC,,,Sherry,0x21e,1,4,False,看著那團飄向南方的黑煙。
0x08EC,,,Sherry,0x21e,2,4,False,然後他用爪子摸了摸耳朵後面
0x08EC,,,Sherry,0x21e,3,4,False,他突然意識到他最害怕的事情發生了。
0x08EC,,,Sherry,0x2c7,0,4,False,「我毀了，」他大喊，「喔我該怎麼辦！
0x08EC,,,Sherry,0x2c7,1,4,False,我寧可死掉或去動物園裡住！
0x08EC,,,Sherry,0x2c7,2,4,False,如果有人看到我，喔那多丟臉，
0x08EC,,,Sherry,0x2c7,3,4,False,所以我最好找個好地方躲起來！」
0x08ED,,Tavenor,Tavenor,0x0,0,1,False,像猿猴一樣的生物緩慢而小心地走向你。牠嗅了一會兒，然後指著你帶著的蜂蜜。
0x08ED,,Tavenor,Tavenor,0x87,0,1,False,「蜂蜜要給我嗎？」
0x08ED,,Tavenor,Tavenor,0xa3,0,1,False,「謝謝你！」
0x08ED,,Tavenor,Tavenor,0xb6,0,1,False,"""對你說『再見』。"""
0x08ED,,Tavenor,Tavenor,0xd2,0,1,False,好吧...
0x08EE,,Trellek,Trellek,0x0,0,1,False,像猿猴一樣的生物緩慢而小心地走向你。牠嗅了一會兒，然後指著你帶著的蜂蜜。
0x08EE,,Trellek,Trellek,0x87,0,1,False,「蜂蜜要給我嗎？」
0x08EE,,Trellek,Trellek,0xa3,0,1,False,「謝謝你！」
0x08EE,,Trellek,Trellek,0xb6,0,1,False,「對你說『再見』。」
0x08EE,,Trellek,Trellek,0xd6,0,1,False,好吧...
0x08EF,,,Trent,0x0,0,1,False,Trent 在他那燒毀的店鋪殘骸旁踱步。當他看到你回來時，他衝了向前，尋找著他的摯愛 Rowena。
0x08EF,,,Trent,0x7d,0,2,False,這對苦命鴛鴦衝向彼此，緊緊擁入幽靈般的懷抱。一時之間，很難分清一個靈魂從何處開始，另一個又在何處結束。你勉強看清 Trent 將戒指重新戴回 Rowena 手指上的畫面。
0x08EF,,,Trent,0x7d,1,2,False,接著兩人緩緩轉身面向你。「你為我們做了這麼多，我希望在幫助我們的同時，也對你自己的任務有所幫助。」Trent 向你鞠躬，然後轉身凝視他可愛的妻子。
0x08EF,,,Trent,0x231_0x24d,0,1,True,「我該如何幫助你，<HONORIFIC>？有什麼事是我忘記的嗎？」他看著你，顯得有些困惑。
0x08EF,,,Trent,0x299,0,1,False,那個高大的幽靈繼續工作著，但他一邊用錘子敲擊著鐵籠的鐵條，一邊吹著甜美而憂傷的口哨。
0x08EF,,,Trent,0x318,0,1,False,「哎呀，籠子跑到哪去了？我敢肯定剛才還在這裡的。在找到籠子之前，我根本沒法繼續工作！」
0x08EF,,,Trent,0x3c6,0,1,False,「這是一個特殊的籠子，是按照人的體型打造的。Mordra 夫人說，一旦將它放進巫妖 Horance 的靈魂之井，就能把牠關在裡面。」他的聲音似乎比之前溫和了許多。
0x08EF,,,Trent,0x49a,0,1,False,「是的，你會幫我釋放她，對吧？」his 他的聲音裡又帶了一絲銳氣。
0x08EF,,,Trent,0x4f6,0,2,False,他握著錘柄的手鬆了開來，感激地微笑著。
0x08EF,,,Trent,0x4f6,1,2,False,「你無法想像這對我有多重要。謝謝你。」
0x08EF,,,Trent,0x56b,0,1,False,他緊緊握住錘柄。「最好給我趕快離開！如果你不快點，我就當作你改變主意了！」
0x08EF,,,Trent,0x5dc,0,1,False,「唉，我求求你，請幫幫忙，讓我可愛的 Rowena 回到我身邊，」他懇求著。
0x08EF,,,Trent,0x63f,0,1,False,「我需要一根鐵條來完成這個籠子。在鎮上的墓地裡可以找到幾根。」
0x08EF,,,Trent,0x69d,0,1,False,「啊，我需要你身上帶的那根鐵條。」他伸出手，從你那裡接過鐵條。
0x08EF,,,Trent,0x6fb,0,1,False,「有了這個，我很快就能把它完成。你在這裡等一會，我來處理這個籠子。」
0x08EF,,,Trent,0x762,0,1,False,「把籠子拿去給 Mordra 夫人，她會告訴你更多關於它以及它的用途。」
0x08EF,,,Trent,0x7c6,0,1,False,「在與我的摯愛重逢之前，我甚至連考慮都不會考慮那件事。」關於這點，他似乎非常堅決。
0x08EF,,,Trent,0x842,0,1,False,「請快一點。我心愛的人多忍受 Horance 那污穢存在的一秒鐘，都像是有一把刀刺在我的肋旁。」他開始在店裡踱步。
0x08F0,,,Trent,0x0,0,1,False,據你所知，這對愛侶自重逢以來就一直緊緊相擁，而且完全沒有打算在近期內分開的跡象。
0x08F0,,Rowena,Trent,0x87_0x91,0,1,True,「不，<HONORIFIC>。在我們重逢後這麼短的時間內，你就要把我心愛的人從我身邊帶走嗎？必須由其他人來執行這項可怕的任務。」Rowena 緊緊抱著她的丈夫。
0x08F0,,Trent,Trent,0x14a_0x18a,0,1,True,「我不能這樣離開我的女士。你一定能理解的，<HONORIFIC>。」
0x08F0,,Trent,Trent,0x191,0,1,False,這對愛侶繼續凝視著彼此的雙眼，彷彿想藉此彌補他們所失去的所有歲月。
0x08F0,,Trent,Trent,0x1f6,0,1,False,「哎呀，我必須再次找到我親愛的 Rowena！她能走到哪裡去呢？
0x08F2,,,Tseramed,0x1_0x5_0x12,0,1,True,「<VAR>！你這個<VAR>！」
0x08F2,,,Tseramed,0x2e_0x5f,0,1,True,「我是能得到你的道歉，還是要你的<VAR>？」
0x08F2,,,Tseramed,0x89_0xa5,0,1,True,「原諒你！像你這種<VAR>，我有什麼好原諒的？」
0x08F2,,,Tseramed,0xee_0x119,0,1,True,「你說的是什麼謊？你難道不是<VAR>嗎？」
0x08F2,,,Tseramed,0x123_0x139_0x15b,0,1,True,「也許你並不是<VAR>，因為我從未見過如此的<VAR>。立刻交代你真正的身分！」
0x08F2,,,Tseramed,0x18a,0,1,False,「別提起你的行為！此等行徑必將招致同等的報應。」
0x08F2,,,Tseramed,0x1d3,0,1,False,「真是最卑劣、最可怖的罪行！」
0x08F2,,,Tseramed,0x201,0,1,False,「我看你只是想進一步欺騙我。如果那是真的，你簡直羞辱了這個稱號。立刻招出你真實的姓名！」
0x08F2,,,Tseramed,0x1_0x286_0x2ab_0x2af,0,1,True,「<VAR>！也許誠實能讓你超脫那個<VAR>的<VAR>……」
0x08F2,,,Tseramed,0x2b9_0x2be_0x2c3,0,1,True,「^<VAR>！^<VAR>！你的靈魂將在冥界的地下墓穴中哀號！」
0x08F2,,,Tseramed,0x2b9_0x2fd_0x367,0,1,True,「^<VAR>！立刻從這裡滾蛋！我會用我的弓箭好好「護送」你。要是敢回來，後果自負，<VAR>。」
0x08F2,,,Tseramed,0x36e,0,1,False,「我絕不會輕視這種欺騙行徑。」
0x08F3,,Tseramed,Tseramed,0x21,0,1,False,「請告訴我一件事，如果您方便的話。自從我首次學習荒野求生技能以來，已經過去許多年了。這種技能也包括了動用武力的技巧，而我必須知道……聖者究竟是偏好以神祕的魔法附魔來克敵制勝，還是更傾向於肢體力量與戰鬥武勇呢？」
0x08F3,,Tseramed,Tseramed,0x15d,0,1,False,「我早就猜到了！我對如此深奧的事情一竅不通，但或許等我們的任務完成後，我們可以聊聊關於魔法附魔的話題。」
0x08F3,,Tseramed,Tseramed,0x1fa,0,1,False,「我常常這樣猜想！能與您一同旅行是我的榮幸。我會努力向您學習，因為您無疑是有史以來最偉大的戰士。」
0x08F3,,Tseramed,Tseramed,0x28e,0,1,False,「等我們的任務完成後，我們一定要互相分享各自的英雄事蹟。告訴我，您更喜歡近身肉搏，還是遠程武器？」
0x08F3,,Tseramed,Tseramed,0x3cb_0x411,0,1,True,「這種武器需要力量與膽識！我很欣賞這樣的特質，<VAR>。」
0x08F3,,Tseramed,Tseramed,0x418,0,1,False,「但我更偏愛弓箭。這是一種古老而優雅的武器，一把優秀的 Yew 弓能比劍更快擊倒獵物。」
0x08F3,,Tseramed,Tseramed,0x493,0,1,False,「這也是我的選擇。在箭術方面，很少有人能與我並駕齊驅。這需要敏銳的眼神與沉穩的雙手，這在現今的男人之中相當罕見。在女人之中更是少之又少。真是悲哀，不列顛尼亞的女性竟然對這種技藝一無所知！」
0x08F3,,,Tseramed,0x5ae,0,1,False,「說話注意點，嚮導大師。」
0x08F3,,Tseramed,Tseramed,0x5d6,0,1,False,「我不是指在座的諸位優秀同伴！妳無疑是不列顛尼亞的菁英，更是世間罕見的奇女子。」
0x08F3,,,Tseramed,0x64f,0,1,False,「算你會說話。唉！學習武藝的女性實在太少了。」
0x08F3,,Tseramed,Tseramed,0x695,0,1,False,「請告訴我吧，聖者，我真的很想知道。」
0x08F4,,,Tseramed,0x11_0x14_0x67,0,1,True,"""^<VAR>，我已經將你現在的行為與過去的品行做了衡量。既然我正與 <VAR>..."
0x08F4,,,Tseramed,0x6b,0,1,False,"我原諒你在我們初次見面時的誤導。"""
0x08F4,,,Tseramed,0x9d_0xb1,0,1,True,「我很享受與 <VAR> 一同旅行。」
0x08F4,,,Tseramed,0xc5,0,1,False,「聖者！跟看不見的人說話真是奇怪。隱形還真是種奇特的魔法。」
0x08F4,,,Tseramed,0x120_0x137_0x13b,0,1,True,「我該如何協助 <VAR>，<VAR>？」
0x08F5,,,Tseramed,0xd,0,1,False,「祝您身體健康，先生。您的眉宇間顯露著飽經沙場的風霜，這真是我的榮幸。」
0x08F5,,Iolo,Tseramed,0x7a,0,1,False,「聖者，我對這位陌生人是越看越順眼。他肯定能成為一位極好的旅伴。」
0x08F5,,,Tseramed,0xde,0,1,False,「噢，拜託。」
0x08F5,,Iolo,Tseramed,0xf4_0x101,0,1,True,「安靜，<VAR>。」
0x08F5,,Tseramed,Tseramed,0x108,0,1,False,「你好嗎，Shamino？你的荒野求生本領在不列顛尼亞可是赫赫有名。」
0x08F5,,Shamino,Tseramed,0x164,0,1,False,「名聲總是伴隨著與聖者同行的人。謝謝你。」
0x08F5,,Tseramed,Tseramed,0x1a4,0,1,False,「你好，年輕人。像你這麼年輕的孩子，怎麼會加入這樣的隊伍？」
0x08F5,,Spark,Tseramed,0x1ff,0,1,False,「我是個孤兒！我的父親慘遭謀殺，屍體在 Trinsic 的馬廄裡被殘忍肢解。」
0x08F5,,Tseramed,Tseramed,0x263,0,1,False,「那真是個悲慘的故事！但悲慟的時間想必已經過去。你現在與一群偉大的同伴同行。」
0x08F5,,Spark,Tseramed,0x2d9,0,1,False,「你說得對。我一定要將殺害我父親的兇手繩之以法，否則誓不罷休。」
0x08F5,,Tseramed,Tseramed,0x33a_0x101,0,1,True,「你好，<VAR>。」
0x08F5,,Tseramed,Tseramed,0x398_0x39c,0,1,True,「<VAR>」
0x08F5,,,Tseramed,0x3a0,0,1,False,「很高興認識你。」
0x08F5,,Tseramed,Tseramed,0x3bc,0,1,False,「不過，我剛才是不是聽見你們提到『聖者』？可別告訴我，你們的首領就是那位——真正的——聖者！」
0x08F5,,,Tseramed,0x44a,0,1,False,「這的確是真的。」
0x08F5,,Tseramed,Tseramed,0x466,0,1,False,「能見到您真是我的榮幸，聖者。」
0x08F8,,,Ansikart|Apollonia|Aurvidlem|Betra|Boris|Budo|Carlyn|Coop|Daphne|Dell|Denton|Eldroth|Forbrak|Fred|Gaye|Glenno|Grayson|Greg|Inforlem|Jeanette|Jehanne|Jordan|Kelly|Kessler|Kliftin|Lucy|Mandy|Mariah|Nicodemus|Nystul|Phearcy|Polly|Richter|Rudyom|Rutherford|Sarpling|Sean|Willy|Wis Sur|Yongi|Zinaida|Zorn,0x0,0,1,False,「我來拿吧	。」
0x08F8,,,Ansikart|Apollonia|Aurvidlem|Betra|Boris|Budo|Carlyn|Coop|Daphne|Dell|Denton|Eldroth|Forbrak|Fred|Gaye|Glenno|Grayson|Greg|Inforlem|Jeanette|Jehanne|Jordan|Kelly|Kessler|Kliftin|Lucy|Mandy|Mariah|Nicodemus|Nystul|Phearcy|Polly|Richter|Rudyom|Rutherford|Sarpling|Sean|Willy|Wis Sur|Yongi|Zinaida|Zorn,0x17,0,1,False,「我來拿一些吧。」
0x08F8,,,Ansikart|Apollonia|Aurvidlem|Betra|Boris|Budo|Carlyn|Coop|Daphne|Dell|Denton|Eldroth|Forbrak|Fred|Gaye|Glenno|Grayson|Greg|Inforlem|Jeanette|Jehanne|Jordan|Kelly|Kessler|Kliftin|Lucy|Mandy|Mariah|Nicodemus|Nystul|Phearcy|Polly|Richter|Rudyom|Rutherford|Sarpling|Sean|Willy|Wis Sur|Yongi|Zinaida|Zorn,0x33,0,1,False,「我也來拿一些吧。」
0x0903,,,,0x0,0,1,False,"""呼嚕"""
0x0903,,,,0x9,0,1,True,<VAR>
0x0919,,,Caroline|Dell|Figg|Garritt|Gaye|Gordon|Klog|Merrick|Millie|Nanna|Owen|Rankin|Richter|Sasha|Sean|Seara|William,0x0,0,1,False,「友誼會是一個由心靈探索者組成的協會，致力於激發人類最高的潛能，並與所有人無私地分享這種理念。友誼會是在二十年前由巴特林在不列顛王的全力批准和支持下成立的。」
0x0919,,,Caroline|Dell|Figg|Garritt|Gaye|Gordon|Klog|Merrick|Millie|Nanna|Owen|Rankin|Richter|Sasha|Sean|Seara|William,0xee,0,1,False,「友誼會是一個向所有不列顛尼亞人民開放的美妙組織。透過學習其理念，我學到了很多，這幫助我過上了最充實的生活。透過友誼會，我能夠實現我在生活中的目標，並且因為加入而成為一個更好的人。」
0x0919,,,Caroline|Dell|Figg|Garritt|Gaye|Gordon|Klog|Merrick|Millie|Nanna|Owen|Rankin|Richter|Sasha|Sean|Seara|William,0x200,0,1,False,「友誼會是一個致力於一位名叫巴特林的偉人教導的理念團體。在聖者不在的日子裡，巴特林成了不列顛尼亞人民的一種精神之父。透過他的演講和著作，他改變了許多人的生活，包括我自己的生活。」
0x0919,,,Caroline|Dell|Figg|Garritt|Gaye|Gordon|Klog|Merrick|Millie|Nanna|Owen|Rankin|Richter|Sasha|Sean|Seara|William,0x30c,0,1,False,「友誼會是一個近年來在不列顛尼亞人民中大受歡迎的團體。雖然表面上看，它可能只是一個研究其獨特理念的學術協會，但其教義卻具有永遠改變不列顛尼亞社會形態的力量。它的儀式是非常感人的體驗。」
0x091A,,,Caroline|Dell|Ellen|Figg|Gordon|Klog|Merrick|Millie|Nanna|Owen|Rankin|Richter|Sasha|Sean|William,0x0,0,1,False,「友誼會透過所謂的『內在力量的三位一體 (Triad of Inner Strength)』來推廣『自信認知 (sanguine cognition)』的理念，這是一種將自信的思想秩序應用於生活的方法。這三合一理念就是三個基本原則，當它們結合在一起應用時，能夠讓人們在生活中更具創造力、更滿足也更成功。它們分別是：『致力合一 (Strive For Unity)』、『信賴你的兄弟 (Trust Thy Brother)』和『價值先行於報償 (Worthiness Precedes Reward)』。『致力合一』基本上意味著人們應該合作並共同努力。『信賴你的兄弟』意味著我們都是一樣的，我們不應該互相憎恨或恐懼。『價值先行於報償』則意味著我們每個人都必須努力使自己配得上我們在生活中想要得到的東西。」
0x091A,,,Caroline|Dell|Ellen|Figg|Gordon|Klog|Merrick|Millie|Nanna|Owen|Rankin|Richter|Sasha|Sean|William,0x338,0,1,False,「你想加入嗎？」
0x091A,,,Caroline|Dell|Ellen|Figg|Gordon|Klog|Merrick|Millie|Nanna|Owen|Rankin|Richter|Sasha|Sean|William,0x351,0,1,False,「那你應該立刻去不列顛城的友誼會大廳總部找巴特林。」
0x091A,,,Caroline|Dell|Ellen|Figg|Gordon|Klog|Merrick|Millie|Nanna|Owen|Rankin|Richter|Sasha|Sean|William,0x3a0,0,1,False,「喔。好吧，也許你下次能夠得到啟發。」
0x091A,,,Caroline|Dell|Ellen|Figg|Gordon|Klog|Merrick|Millie|Nanna|Owen|Rankin|Richter|Sasha|Sean|William,0x3da,0,1,False,「喔！我才注意到你的徽章！你已經知道這一切了！你是我們的一員！請原諒我喋喋不休地說個不停！」
0x091D,,,Chantu|Csil|Elad|Jaana|Leigh|Lord British|Reyna,0x0,0,1,False,「傷口已經癒合了。」
0x091D,,,Chantu|Csil|Elad|Jaana|Leigh|Lord British|Reyna,0x1f,0,1,False,「你看起來很健康！」
0x091D,,,Chantu|Csil|Elad|Jaana|Leigh|Lord British|Reyna,0x3e_0x42,0,1,True,「<VAR> 已經很健康了！」
0x091E,,,Chantu|Csil|Elad|Jaana|Leigh|Lord British|Reyna,0x0,0,1,False,傷口已經癒合了。」
0x091E,,,Chantu|Csil|Elad|Jaana|Leigh|Lord British|Reyna,0x1c,0,1,False,「那個人不需要治療！」
0x091F,,,Chantu|Csil|Elad|Jaana|Leigh|Lord British|Mordra|Reyna,0x0,0,1,False,「呼吸回到了身體裡。你的同伴活過來了！」
0x091F,,,Chantu|Csil|Elad|Jaana|Leigh|Lord British|Mordra|Reyna,0x3d,0,1,False,「唉，我救不了你的朋友。我會好好埋葬他。你必須繼續你的生活。」
0x0920,,,Bradman|Chad|De Snel|Denby|Inforlem|Jakher|Jillian|Karenna|Lucky|Markus|Menion|Penni|Perrin|Rayburt|Zaksam|Zella,0x0,0,1,False,「你們之中誰想要訓練？」
0x0921,,,Sentri,0x0,0,1,False,「其中一位想接受訓練嗎？」
0x0921,,,Sentri,0x28,0,1,False,「你們當中誰想接受訓練？」
0x0921,,,Sentri,0x5a,0,1,False,「或許下次吧。」
0x0923,,,Mariah|Nicodemus|Nystul|Rudyom,0x0,0,1,False,「可以嗎？」
0x0924,,,Wis Sur,0x0,0,1,False,「同意嗎？」
0x0946,,,Willy,0x37,0,1,False,「你想買點什麼？」
0x0946,,,Willy,0x53,0,1,False,「好的。」
0x0946,,,Willy,0x63_0x68,0,1,True,「^<VAR> 這是個公道的價格，你同意嗎？」
0x0946,,,Willy,0x97,0,1,False,「你想要多少？」
0x0946,,,Willy,0xb0,0,1,False,「成交！」
0x0946,,,Willy,0xc0,0,1,False,「你不可能拿得下這麼多！」
0x0946,,,Willy,0xe8,0,1,False,「你沒有足夠的金幣！」
0x0946,,,Willy,0x10a,0,1,False,「你還想要點別的嗎？」
0x0947,,,Willy,0x0,0,1,False,「太好了！你有麵包給我嗎？」
0x0947,,,Willy,0x2b,0,1,False,「很好！讓我看看你有多少……」
0x0947,,,Willy,0x59,0,1,False,「你做的麵包還不夠換取任何報酬。」
0x0947,,,Willy,0x8d_0xa1_0xc5,0,1,True,「太美味了！ <VAR> 個麵包！這表示我該給你 <VAR> 枚金幣。給你！我現在就把麵包收下了！」
0x0947,,,Willy,0x100,0,1,False,「隨時歡迎你回來為我工作！」
0x0947,,,Willy,0x12b,0,1,False,「如果你能減輕一點行囊，你就有手來拿我的金幣了！」
0x0947,,,Willy,0x177,0,1,False,「沒有？那你都在做什麼？到處摸魚嗎？哈哈哈！」
0x0948,,,Willy,0x0,0,1,False,「太好了！你有麵粉給我嗎？」
0x0948,,,Willy,0x2b,0,1,False,「很好！讓我看看你有多少袋……」
0x0948,,,Willy,0x5c,0,1,False,「但你身上一袋也沒有！你是在耍我嗎？滾出我的店！」
0x0948,,,Willy,0xa9_0xc3_0xdd,0,1,True,「好漂亮的麵粉！ <VAR>！這表示我該給你 <VAR> 枚金幣。給你！我現在就把麵粉收下了！」
0x0948,,,Willy,0x118,0,1,False,「隨時歡迎你回來為我工作！」
0x0948,,,Willy,0x144,0,1,False,「如果你能減輕一點行囊，你就有手來拿我的金幣了！」
0x0948,,,Willy,0x190,0,1,False,「沒有？那你真是個只會吃白食的懶蟲！哈哈哈！」
0x0949,,,Wis Sur,0x46,0,1,False,「想要什麼物品？」
0x0949,,,Wis Sur,0x62,0,1,False,「明白。」
0x0949,,,Wis Sur,0x72,0,1,False,「很好。不想賣給你任何東西。」
0x0949,,,Wis Sur,0xa0_0xa4,0,1,True,「<VAR> 接受這個價格嗎？」
0x0949,,,Wis Sur,0xc1,0,1,False,「同意！」
0x0949,,,Wis Sur,0xd1,0,1,False,「人類，拿不下那麼多！」
0x0949,,,Wis Sur,0xf6,0,1,False,「金幣不夠買那個！」
0x0949,,,Wis Sur,0x115,0,1,False,「想要別的嗎？」
0x094A,,,Wis Sur,0x3d,0,1,False,「想要什麼物品？」
0x094A,,,Wis Sur,0x59,0,1,False,「明白。」
0x094A,,,Wis Sur,0x69,0,1,False,「很好。不想賣給你任何東西。」
0x094A,,,Wis Sur,0x97_0x9b,0,1,True,「<VAR> 同意這個費用嗎？」
0x094A,,,Wis Sur,0xb8,0,1,False,「想要多少？」
0x094A,,,Wis Sur,0xce,0,1,False,「同意！」
0x094A,,,Wis Sur,0xde,0,1,False,「人類！你拿不下那麼多！」
0x094A,,,Wis Sur,0x106,0,1,False,「金幣不夠買那個！」
0x094A,,,Wis Sur,0x125,0,1,False,「想要別的嗎？」
0x094B,,,Wis Sur,0x0_0x23,0,1,True,「這是我最後的報價—— <VAR>。」
0x094B,,,Wis Sur,0x2a_0x35,0,1,True,「想要 <VAR> 枚金幣。」
0x094B,,,Wis Sur,0x46,0,1,False,「接受嗎？」
0x094B,,,Wis Sur,0x59,0,1,False,「成交。」
0x094B,,,Wis Sur,0x69,0,1,False,「懷疑你為何要來煩我。」
0x094B,,,Wis Sur,0x8e,0,1,False,「有其他報價嗎？」
0x094B,,,Wis Sur,0xaa,0,1,False,「注意到你顯然不感興趣。」
0x094B,,,Wis Sur,0xd2,0,1,False,「接受你的報價。」
0x094B,,,Wis Sur,0xee,0,1,False,「很高興，」他說。「反正我本來就想留著！告訴你離開。」
0x094B,,,Wis Sur,0x140,0,1,False,「同意！」
0x094B,,,Wis Sur,0x150,0,1,False,「接受這麼少太愚蠢了！」
0x094B,,,Wis Sur,0x175,0,1,False,「下次要收多一點。賣給你太便宜了！」
0x094C,,,Wis Sur,0x0,0,1,False,「對哪一環的法術感興趣？」
0x094C,,,Wis Sur,0xa0,0,1,False,「明白。」
0x094C,,,Wis Sur,0xb0,0,1,False,「懷疑你為何要來煩我！」
0x094C,,,Wis Sur,0x2fa,0,1,False,「想要買哪種法術？」
0x094C,,,Wis Sur,0x319,0,1,False,「很好。」
0x094C,,,Wis Sur,0x329_0x32d_0x33c,0,1,True,「<VAR> 的花費是 <VAR> 枚金幣。」
0x094C,,,Wis Sur,0x34d,0,1,False,「同意！」
0x094C,,,Wis Sur,0x35d,0,1,False,「人類，你沒有法術書。」
0x094C,,,Wis Sur,0x382,0,1,False,「金幣不夠買那個！」
0x094C,,,Wis Sur,0x3a1,0,1,False,「看見你已經有這個法術了。」
0x094C,,,Wis Sur,0x3cc,0,1,False,「對其他法術感興趣嗎？」
0x094D,,,Yongi,0x3e,0,1,False,「你想買點什麼？」
0x094D,,,Yongi,0x5a,0,1,False,「隨你高興。我知道那該死的不列顛尼亞稅務委員會什麼的，把物價弄得太高了！或許下次吧！」
0x094D,,,Yongi,0xdc_0xe1,0,1,True,「^<VAR> 這樣可以接受嗎？」
0x094D,,,Yongi,0xfe,0,1,False,「你想要多少？」
0x094D,,,Yongi,0x117,0,1,False,「成交！」
0x094D,,,Yongi,0x127,0,1,False,「你得先減輕一下你的行囊！」
0x094D,,,Yongi,0x152,0,1,False,「你的金幣不夠。我不能這樣做生意！」
0x094D,,,Yongi,0x189,0,1,False,「還想要別的嗎？」
0x094E,,,Yongi,0x2e,0,1,False,「你想買點什麼？」
0x094E,,,Yongi,0x4a,0,1,False,「隨你高興。我知道那該死的不列顛尼亞稅務委員會什麼的，把物價弄得太高了！或許下次吧！」
0x094E,,,Yongi,0xcc_0xd1,0,1,True,「^<VAR>。你覺得這個價格合適嗎？」
0x094E,,,Yongi,0xf9,0,1,False,「成交！」
0x094E,,,Yongi,0x109,0,1,False,「你得先減輕一下你的行囊！」
0x094E,,,Yongi,0x134,0,1,False,「你的金幣不夠。我不能這樣做生意！」
0x094E,,,Yongi,0x16b,0,1,False,「還想要別的嗎？」
0x094F,,,Zaksam,0x0,0,1,False,經過非常快速的跑步後，他轉身說道：「你的耐力還不夠。如果你願意，我以後可以訓練你。」
0x094F,,,Zaksam,0x7f_0xba,0,1,True,你集中精神數了數你的金幣，發現你總共有 <VAR> 枚金幣。
0x094F,,,Zaksam,0xc8,0,1,False,「看來你現在沒有足夠的金幣來進行訓練。」
0x094F,,,Zaksam,0x105,0,1,False,經過短暫的跑步後，他轉身說道：「你已經和我一樣強壯了！恐怕我沒有什麼可以教你的了。」
0x094F,,,Zaksam,0x184_0x192,0,1,True,你支付了 <VAR> 枚金幣，訓練課程開始。
0x094F,,,Zaksam,0x1e9_0x205_0x20c,0,1,True,經過半小時的對打，<VAR>彷彿<VAR>學會了在戰鬥中更好地施加力量。
0x0950,,,Zella,0x64,0,1,False,「看來你現在沒有足夠的實戰經驗來進行訓練。如果你能獲得更多經驗後再來，我就可以幫助你。」
0x0950,,,Zella,0xe9_0x124,0,1,True,你集中精神數了數你的金幣，發現你總共有 <VAR> 枚金幣。
0x0950,,,Zella,0x132,0,1,False,「看來你似乎沒有足夠的金幣在這裡訓練。如果你能等口袋滿了之後再來……」
0x0950,,,Zella,0x19c,0,1,False,「看來你已經和我一樣精通了！恐怕我不能再教你什麼了。」
0x0950,,,Zella,0x1ee_0x124,0,1,True,你支付了 <VAR> 枚金幣。
0x0950,,,Zella,0x1fc_0x215_0x2b7_0x2e8_0x2e9_0x2fc_0x345_0x2e8_0x35e_0x2e8_0x2e8_0x2e8_0x38c,0,2,True,Zella 開始課程，向<VAR>展示『拳擊』的正確姿勢。
0x0950,,,Zella,0x1fc_0x215_0x2b7_0x2e8_0x2e9_0x2fc_0x345_0x2e8_0x35e_0x2e8_0x2e8_0x2e8_0x38c,1,2,True,「這全都取決於平衡。利用你的體重來控制動作。腳步要輕。這幾乎就像跳舞一樣。」Zella 向<VAR>示範了一些步法，並對著空氣揮拳。<VAR><VAR>著他，並慢慢<VAR>對這種技巧的感覺。過了一會兒，這成為了第二天性。<VAR>兩人互相揮拳，而<VAR><VAR>了正確的防禦動作。課程結束時，<VAR><VAR><VAR><VAR>更好地理解了『拳擊』的概念。
0x0951,,,Zinaida,0x6c,0,1,False,「你想買點什麼？」
0x0951,,,Zinaida,0x88,0,1,False,「好的。」
0x0951,,,Zinaida,0x98_0x156,0,1,True,「我很遺憾地告訴你，這家優良的店鋪將不再能為我們尊貴的顧客提供銀葉樹了。為我提供這份精緻餐點的人已經無法再獲得它。我非常抱歉，<HONORIFIC>。」
0x0951,,,Zinaida,0x15d_0x162,0,1,True,「^<VAR> 這是個公道的價格，不是嗎？」
0x0951,,,Zinaida,0x18e,0,1,False,「你想要多少？」
0x0951,,,Zinaida,0x1a7,0,1,False,「成交！」
0x0951,,,Zinaida,0x1b7,0,1,False,「你不可能拿得下這麼多！」
0x0951,,,Zinaida,0x1df,0,1,False,「你沒有足夠的金幣！」
0x0951,,,Zinaida,0x201,0,1,False,「你還想要點別的嗎？」
0x0952,,,Zorn,0x3a,0,1,False,「你想買點什麼？」
0x0952,,,Zorn,0x56,0,1,False,「好的。」
0x0952,,,Zorn,0x67_0x6c,0,1,True,「^<VAR> 你願意以這個價格購買嗎？」
0x0952,,,Zorn,0x95,0,1,False,「成交！」
0x0952,,,Zorn,0xa5,0,1,False,「你不可能拿得下這麼多！」
0x0952,,,Zorn,0xcd,0,1,False,「你沒有足夠的金幣！」
0x0952,,,Zorn,0xef,0,1,False,「你還想要點別的嗎？」
0x0953,,,Zorn,0x66,0,1,False,「你想買點什麼？」
0x0953,,,Zorn,0x82,0,1,False,「好的。」
0x0953,,,Zorn,0x92_0x97,0,1,True,「^<VAR> 這樣可以接受嗎？」
0x0953,,,Zorn,0xb4,0,1,False,「成交！」
0x0953,,,Zorn,0xc4,0,1,False,「你不可能拿得下這麼多！」
0x0953,,,Zorn,0xec,0,1,False,「你沒有足夠的金幣！」
0x0953,,,Zorn,0x10e,0,1,False,「你還想要點別的嗎？」
0x095F,,,,0x0,0,1,False,「盧恩古文～現在大概也只剩這些『復古風』的牌子在用了吧！」
0x095F,,,,0x58,0,1,False,「平時沒在用…我都快看不懂了！」
0x095F,,,,0x89,0,1,False,「還記得怎麼讀嗎，聖者？」
0x095F,,,,0xb1,0,1,False,「真不負聖者之名！」
0x095F,,,,0xd0,0,1,False,「但如果有需要，我聽說不列顛王有一本『古文譯本』，可以快速翻譯出古文的意義！」
0x095F,,,,0x146,0,1,False,「我想也是～不過，我聽說不列顛王有一本『古文譯本』，可以解決這個問題。」
0x095F,,,,0x1b3,0,1,False,「下次見到不列顛王時，可以跟他詢問看看。」
0x095F,,,,0x1f3,0,1,False,「盧恩古文……現在還有人在用？」
0x095F,,,,0x224,0,1,False,「嗯……有點難解讀……下次問問夥伴有無其他法子。」
